# Blender 4.4.3
# www.blender.org
mtllib painting.mtl
o Abstract-Painting_Monumental-Figure
v -0.562980 0.532538 0.000000
v 0.562980 -0.532538 -0.000000
v -0.562980 -0.532538 -0.000000
v 0.562980 0.532538 0.000000
v -0.562980 0.533056 0.000068
v 0.562980 0.533056 0.000068
v -0.562980 0.533538 0.000268
v 0.562980 0.533538 0.000268
v -0.562980 0.533953 0.000586
v 0.562980 0.533953 0.000586
v 0.562980 0.534270 0.001000
v -0.562980 0.534270 0.001000
v -0.563239 0.534270 0.001034
v -0.563346 0.533953 0.000634
v -0.563428 0.533538 0.000327
v -0.563480 0.533056 0.000134
v -0.563498 0.532538 0.000068
v -0.563498 -0.532538 0.000068
v -0.562980 -0.533056 0.000068
v -0.563480 -0.533056 0.000134
v -0.562980 -0.533538 0.000268
v -0.563428 -0.533538 0.000327
v -0.562980 -0.533953 0.000586
v -0.563346 -0.533953 0.000634
v -0.563239 -0.534270 0.001034
v -0.562980 -0.534270 0.001000
v 0.562980 -0.533953 0.000586
v 0.562980 -0.534270 0.001000
v 0.563346 -0.533953 0.000634
v 0.563239 -0.534270 0.001034
v 0.563480 -0.534270 0.001134
v 0.563687 -0.533953 0.000775
v 0.563428 -0.533538 0.000327
v 0.563846 -0.533538 0.000500
v 0.563480 -0.533056 0.000134
v 0.563946 -0.533056 0.000327
v 0.563498 -0.532538 0.000068
v 0.563980 -0.532538 0.000268
v 0.563498 0.532538 0.000068
v 0.563980 0.532538 0.000268
v 0.563480 0.533056 0.000134
v 0.563946 0.533056 0.000327
v 0.563428 0.533538 0.000327
v 0.563846 0.533538 0.000500
v 0.563346 0.533953 0.000634
v 0.563687 0.533953 0.000775
v 0.563480 0.534270 0.001134
v 0.563239 0.534270 0.001034
v 0.563114 0.534470 0.001500
v 0.562980 0.534470 0.001482
v -0.562980 0.534470 0.001482
v -0.563114 0.534470 0.001500
v -0.563239 0.534470 0.001552
v -0.563480 0.534270 0.001134
v -0.563687 0.533953 0.000775
v -0.563846 0.533538 0.000500
v -0.563946 0.533056 0.000327
v -0.563980 0.532538 0.000268
v -0.563980 -0.532538 0.000268
v -0.563946 -0.533056 0.000327
v -0.563846 -0.533538 0.000500
v -0.563687 -0.533953 0.000775
v -0.563480 -0.534270 0.001134
v -0.563239 -0.534470 0.001552
v -0.563114 -0.534470 0.001500
v -0.562980 -0.534470 0.001482
v 0.562980 -0.534470 0.001482
v 0.563114 -0.534470 0.001500
v 0.563239 -0.534470 0.001552
v 0.563346 -0.534470 0.001634
v 0.563687 -0.534270 0.001293
v 0.563980 -0.533953 0.001000
v 0.564205 -0.533538 0.000775
v 0.564346 -0.533056 0.000634
v 0.564394 -0.532538 0.000586
v 0.564394 0.532538 0.000586
v 0.564346 0.533056 0.000634
v 0.564205 0.533538 0.000775
v 0.563980 0.533953 0.001000
v 0.563687 0.534270 0.001293
v 0.563346 0.534470 0.001634
v 0.563239 0.534470 0.001552
v 0.562980 0.534538 0.002000
v -0.562980 0.534538 0.002000
v -0.563346 0.534470 0.001634
v -0.563687 0.534270 0.001293
v -0.563980 0.533953 0.001000
v -0.564205 0.533538 0.000775
v -0.564346 0.533056 0.000634
v -0.564394 0.532538 0.000586
v -0.564394 -0.532538 0.000586
v -0.564346 -0.533056 0.000634
v -0.564205 -0.533538 0.000775
v -0.563980 -0.533953 0.001000
v -0.563687 -0.534270 0.001293
v -0.563346 -0.534470 0.001634
v -0.562980 -0.534538 0.002000
v -0.563428 -0.534470 0.001741
v -0.563480 -0.534470 0.001866
v -0.563498 -0.534470 0.002000
v -0.563498 -0.534470 0.043000
v -0.562980 -0.534538 0.043000
v 0.562980 -0.534538 0.002000
v 0.562980 -0.534538 0.043000
v 0.563498 -0.534470 0.002000
v 0.563498 -0.534470 0.043000
v 0.563980 -0.534270 0.002000
v 0.563980 -0.534270 0.043000
v 0.564394 -0.533953 0.002000
v 0.564394 -0.533953 0.043000
v 0.564712 -0.533538 0.043000
v 0.564712 -0.533538 0.002000
v 0.564346 -0.533953 0.001634
v 0.564653 -0.533538 0.001552
v 0.564205 -0.533953 0.001293
v 0.564480 -0.533538 0.001134
v 0.564653 -0.533056 0.001034
v 0.564712 -0.532538 0.001000
v 0.564712 0.532538 0.001000
v 0.564653 0.533056 0.001034
v 0.564480 0.533538 0.001134
v 0.564205 0.533953 0.001293
v 0.563846 0.534270 0.001500
v 0.563428 0.534470 0.001741
v 0.563480 0.534470 0.001866
v 0.563946 0.534270 0.001741
v 0.563498 0.534470 0.002000
v 0.563980 0.534270 0.002000
v 0.563980 0.534270 0.043000
v 0.563498 0.534470 0.043000
v 0.562980 0.534538 0.043000
v -0.562980 0.534538 0.043000
v -0.563498 0.534470 0.002000
v -0.563498 0.534470 0.043000
v -0.563980 0.534270 0.002000
v -0.563980 0.534270 0.043000
v -0.564394 0.533953 0.002000
v -0.564394 0.533953 0.043000
v -0.564712 0.533538 0.043000
v -0.564712 0.533538 0.002000
v -0.564346 0.533953 0.001634
v -0.564653 0.533538 0.001552
v -0.564205 0.533953 0.001293
v -0.564480 0.533538 0.001134
v -0.564653 0.533056 0.001034
v -0.564712 0.532538 0.001000
v -0.564712 -0.532538 0.001000
v -0.564653 -0.533056 0.001034
v -0.564480 -0.533538 0.001134
v -0.564205 -0.533953 0.001293
v -0.563846 -0.534270 0.001500
v -0.563946 -0.534270 0.001741
v -0.563980 -0.534270 0.002000
v -0.563980 -0.534270 0.043000
v -0.563946 -0.534270 0.043259
v -0.563480 -0.534470 0.043134
v -0.563428 -0.534470 0.043259
v -0.563346 -0.534470 0.043366
v -0.563239 -0.534470 0.043448
v -0.563114 -0.534470 0.043500
v -0.562980 -0.534470 0.043518
v -0.562980 -0.534270 0.044000
v -0.563239 -0.534270 0.043966
v -0.562980 -0.533953 0.044414
v -0.563346 -0.533953 0.044366
v -0.562980 -0.533538 0.044732
v -0.563428 -0.533538 0.044673
v -0.562980 -0.533056 0.044932
v -0.563480 -0.533056 0.044866
v -0.562980 -0.532538 0.045000
v -0.563498 -0.532538 0.044932
v -0.562980 0.532538 0.045000
v -0.563498 0.532538 0.044932
v -0.562980 0.533056 0.044932
v -0.563480 0.533056 0.044866
v -0.562980 0.533538 0.044732
v -0.563428 0.533538 0.044673
v -0.562980 0.533953 0.044414
v -0.563346 0.533953 0.044366
v -0.563239 0.534270 0.043966
v -0.562980 0.534270 0.044000
v 0.562980 0.533953 0.044414
v 0.562980 0.534270 0.044000
v 0.563346 0.533953 0.044366
v 0.563239 0.534270 0.043966
v 0.563480 0.534270 0.043866
v 0.563687 0.533953 0.044225
v 0.563428 0.533538 0.044673
v 0.563846 0.533538 0.044500
v 0.563480 0.533056 0.044866
v 0.563946 0.533056 0.044673
v 0.563498 0.532538 0.044932
v 0.563980 0.532538 0.044732
v 0.563498 -0.532538 0.044932
v 0.563980 -0.532538 0.044732
v 0.563480 -0.533056 0.044866
v 0.563946 -0.533056 0.044673
v 0.563428 -0.533538 0.044673
v 0.563846 -0.533538 0.044500
v 0.563346 -0.533953 0.044366
v 0.563687 -0.533953 0.044225
v 0.563480 -0.534270 0.043866
v 0.563239 -0.534270 0.043966
v 0.562980 -0.533953 0.044414
v 0.562980 -0.534270 0.044000
v 0.562980 -0.534470 0.043518
v 0.563114 -0.534470 0.043500
v 0.563239 -0.534470 0.043448
v 0.563346 -0.534470 0.043366
v 0.563687 -0.534270 0.043707
v 0.563428 -0.534470 0.043259
v 0.563846 -0.534270 0.043500
v 0.563480 -0.534470 0.043134
v 0.563946 -0.534270 0.043259
v 0.564346 -0.533953 0.043366
v 0.564653 -0.533538 0.043448
v 0.564912 -0.533056 0.043000
v 0.564846 -0.533056 0.043500
v 0.564980 -0.532538 0.043000
v 0.564912 -0.532538 0.043518
v 0.564980 0.532538 0.043000
v 0.564912 0.532538 0.043518
v 0.564846 0.533056 0.043500
v 0.564912 0.533056 0.043000
v 0.564980 0.532538 0.002000
v 0.564912 0.533056 0.002000
v 0.564912 0.532538 0.001482
v 0.564846 0.533056 0.001500
v 0.564912 -0.532538 0.001482
v 0.564846 -0.533056 0.001500
v 0.564980 -0.532538 0.002000
v 0.564912 -0.533056 0.002000
v 0.564653 0.533538 0.001552
v 0.564346 0.533953 0.001634
v 0.564394 0.533953 0.002000
v 0.564394 0.533953 0.043000
v 0.564346 0.533953 0.043366
v 0.563946 0.534270 0.043259
v 0.563480 0.534470 0.043134
v 0.563428 0.534470 0.043259
v 0.563346 0.534470 0.043366
v 0.563239 0.534470 0.043448
v 0.563114 0.534470 0.043500
v 0.562980 0.534470 0.043518
v -0.562980 0.534470 0.043518
v -0.563114 0.534470 0.043500
v -0.563239 0.534470 0.043448
v -0.563346 0.534470 0.043366
v -0.563428 0.534470 0.043259
v -0.563480 0.534470 0.043134
v -0.563946 0.534270 0.043259
v -0.564346 0.533953 0.043366
v -0.564653 0.533538 0.043448
v -0.564912 0.533056 0.043000
v -0.564846 0.533056 0.043500
v -0.564980 0.532538 0.043000
v -0.564912 0.532538 0.043518
v -0.564912 -0.532538 0.043518
v -0.564980 -0.532538 0.043000
v -0.564980 0.532538 0.002000
v -0.564980 -0.532538 0.002000
v -0.564912 0.532538 0.001482
v -0.564912 -0.532538 0.001482
v -0.564846 -0.533056 0.001500
v -0.564653 -0.533538 0.001552
v -0.564346 -0.533953 0.001634
v -0.564394 -0.533953 0.002000
v -0.564394 -0.533953 0.043000
v -0.564346 -0.533953 0.043366
v -0.564205 -0.533953 0.043707
v -0.563846 -0.534270 0.043500
v -0.563687 -0.534270 0.043707
v -0.563480 -0.534270 0.043866
v -0.563687 -0.533953 0.044225
v -0.563846 -0.533538 0.044500
v -0.563946 -0.533056 0.044673
v -0.563980 -0.532538 0.044732
v -0.563980 0.532538 0.044732
v -0.563946 0.533056 0.044673
v -0.563846 0.533538 0.044500
v -0.563687 0.533953 0.044225
v -0.563480 0.534270 0.043866
v 0.563687 0.534270 0.043707
v 0.563980 0.533953 0.044000
v 0.564205 0.533538 0.044225
v 0.564346 0.533056 0.044366
v 0.564394 0.532538 0.044414
v 0.564394 -0.532538 0.044414
v 0.564346 -0.533056 0.044366
v 0.564205 -0.533538 0.044225
v 0.563980 -0.533953 0.044000
v 0.564205 -0.533953 0.043707
v 0.564480 -0.533538 0.043866
v 0.564653 -0.533056 0.043966
v 0.564712 -0.532538 0.044000
v 0.564712 0.532538 0.044000
v 0.564653 0.533056 0.043966
v 0.564480 0.533538 0.043866
v 0.564653 0.533538 0.043448
v 0.564712 0.533538 0.043000
v 0.564712 0.533538 0.002000
v 0.564205 0.533953 0.043707
v 0.563846 0.534270 0.043500
v -0.563687 0.534270 0.043707
v -0.563846 0.534270 0.043500
v -0.564205 0.533953 0.043707
v -0.564480 0.533538 0.043866
v -0.564653 0.533056 0.043966
v -0.564712 0.532538 0.044000
v -0.564712 -0.532538 0.044000
v -0.564653 -0.533056 0.043966
v -0.564846 -0.533056 0.043500
v -0.564912 -0.533056 0.043000
v -0.564912 -0.533056 0.002000
v -0.564712 -0.533538 0.002000
v -0.564712 -0.533538 0.043000
v -0.564653 -0.533538 0.043448
v -0.564480 -0.533538 0.043866
v -0.563980 -0.533953 0.044000
v -0.564205 -0.533538 0.044225
v -0.564346 -0.533056 0.044366
v -0.564394 -0.532538 0.044414
v -0.564394 0.532538 0.044414
v -0.564346 0.533056 0.044366
v -0.564205 0.533538 0.044225
v -0.563980 0.533953 0.044000
v -0.564846 0.533056 0.001500
v -0.564912 0.533056 0.002000
v 0.562980 -0.533538 0.044732
v 0.562980 -0.533056 0.044932
v 0.562980 -0.532538 0.045000
v 0.547980 -0.521538 0.045000
v 0.549015 -0.521402 0.045000
v 0.549980 -0.521002 0.045000
v 0.550808 -0.520367 0.045000
v 0.551444 -0.519538 0.045000
v 0.551844 -0.518574 0.045000
v 0.551980 -0.517538 0.045000
v 0.562980 0.532538 0.045000
v 0.562980 0.533056 0.044932
v 0.562980 0.533538 0.044732
v -0.547980 0.521538 0.045000
v -0.549015 0.521402 0.045000
v -0.549980 0.521002 0.045000
v -0.550808 0.520367 0.045000
v -0.551444 0.519538 0.045000
v -0.551844 0.518574 0.045000
v -0.551980 0.517538 0.045000
v -0.551980 -0.517538 0.045000
v -0.551844 -0.518574 0.045000
v -0.551444 -0.519538 0.045000
v -0.550808 -0.520367 0.045000
v -0.549980 -0.521002 0.045000
v -0.549015 -0.521402 0.045000
v -0.547980 -0.521538 0.045000
v 0.547980 -0.521021 0.044932
v -0.547980 -0.521021 0.044932
v 0.547980 -0.520538 0.044732
v -0.547980 -0.520538 0.044732
v 0.547980 -0.520124 0.044414
v -0.547980 -0.520124 0.044414
v -0.547980 -0.519806 0.044000
v 0.547980 -0.519806 0.044000
v 0.548649 -0.520036 0.044414
v 0.548567 -0.519729 0.044000
v 0.549114 -0.519502 0.044000
v 0.549273 -0.519778 0.044414
v 0.549480 -0.520136 0.044732
v 0.548756 -0.520436 0.044732
v 0.548881 -0.520902 0.044932
v 0.549721 -0.520554 0.044932
v 0.550442 -0.520001 0.044932
v 0.550996 -0.519279 0.044932
v 0.551344 -0.518440 0.044932
v 0.551462 -0.517538 0.044932
v 0.551980 0.517538 0.045000
v 0.551462 0.517538 0.044932
v 0.551844 0.518574 0.045000
v 0.551344 0.518440 0.044932
v 0.550996 0.519279 0.044932
v 0.551444 0.519538 0.045000
v 0.550808 0.520367 0.045000
v 0.549980 0.521002 0.045000
v 0.549015 0.521402 0.045000
v 0.547980 0.521538 0.045000
v -0.547980 0.521021 0.044932
v 0.547980 0.521021 0.044932
v -0.547980 0.520538 0.044732
v 0.547980 0.520538 0.044732
v -0.547980 0.520124 0.044414
v 0.547980 0.520124 0.044414
v 0.547980 0.519806 0.044000
v -0.547980 0.519806 0.044000
v -0.548567 0.519729 0.044000
v -0.548649 0.520036 0.044414
v -0.548756 0.520436 0.044732
v -0.548881 0.520902 0.044932
v -0.549721 0.520554 0.044932
v -0.550442 0.520001 0.044932
v -0.550996 0.519279 0.044932
v -0.551344 0.518440 0.044932
v -0.551462 0.517538 0.044932
v -0.551462 -0.517538 0.044932
v -0.551344 -0.518440 0.044932
v -0.550996 -0.519279 0.044932
v -0.550442 -0.520001 0.044932
v -0.549721 -0.520554 0.044932
v -0.548881 -0.520902 0.044932
v -0.548756 -0.520436 0.044732
v -0.548649 -0.520036 0.044414
v -0.548567 -0.519729 0.044000
v -0.548515 -0.519536 0.043518
v -0.547980 -0.519606 0.043518
v 0.547980 -0.519606 0.043518
v 0.548515 -0.519536 0.043518
v 0.549014 -0.519329 0.043518
v 0.549442 -0.519001 0.043518
v 0.549584 -0.519142 0.044000
v 0.549808 -0.519367 0.044414
v 0.550101 -0.519660 0.044732
v 0.550578 -0.519038 0.044732
v 0.550878 -0.518315 0.044732
v 0.550980 -0.517538 0.044732
v 0.550980 0.517538 0.044732
v 0.550878 0.518315 0.044732
v 0.550578 0.519038 0.044732
v 0.550101 0.519660 0.044732
v 0.550442 0.520001 0.044932
v 0.549721 0.520554 0.044932
v 0.548881 0.520902 0.044932
v 0.548756 0.520436 0.044732
v 0.548649 0.520036 0.044414
v 0.548567 0.519729 0.044000
v 0.548515 0.519536 0.043518
v 0.547980 0.519606 0.043518
v -0.547980 0.519606 0.043518
v -0.548515 0.519536 0.043518
v -0.549014 0.519329 0.043518
v -0.549114 0.519502 0.044000
v -0.549273 0.519778 0.044414
v -0.549480 0.520136 0.044732
v -0.550101 0.519660 0.044732
v -0.550578 0.519038 0.044732
v -0.550878 0.518315 0.044732
v -0.550980 0.517538 0.044732
v -0.550980 -0.517538 0.044732
v -0.550878 -0.518315 0.044732
v -0.550578 -0.519038 0.044732
v -0.550101 -0.519660 0.044732
v -0.549480 -0.520136 0.044732
v -0.549273 -0.519778 0.044414
v -0.549114 -0.519502 0.044000
v -0.549014 -0.519329 0.043518
v -0.548980 -0.519270 0.043000
v -0.548498 -0.519470 0.043000
v -0.547980 -0.519538 0.043000
v 0.547980 -0.519538 0.043000
v 0.548498 -0.519470 0.043000
v 0.548980 -0.519270 0.043000
v 0.549394 -0.518953 0.043000
v 0.549712 -0.518538 0.043000
v 0.549771 -0.518572 0.043518
v 0.549944 -0.518672 0.044000
v 0.550219 -0.518831 0.044414
v 0.550478 -0.518208 0.044414
v 0.550566 -0.517538 0.044414
v 0.550566 0.517538 0.044414
v 0.550478 0.518208 0.044414
v 0.550219 0.518831 0.044414
v 0.549808 0.519367 0.044414
v 0.549273 0.519778 0.044414
v 0.549480 0.520136 0.044732
v 0.549114 0.519502 0.044000
v 0.549014 0.519329 0.043518
v 0.548980 0.519270 0.043000
v 0.548498 0.519470 0.043000
v 0.547980 0.519538 0.043000
v -0.547980 0.519538 0.043000
v -0.548498 0.519470 0.043000
v -0.548980 0.519270 0.043000
v -0.549394 0.518953 0.043000
v -0.549442 0.519001 0.043518
v -0.549584 0.519142 0.044000
v -0.549808 0.519367 0.044414
v -0.550219 0.518831 0.044414
v -0.550478 0.518208 0.044414
v -0.550566 0.517538 0.044414
v -0.550566 -0.517538 0.044414
v -0.550478 -0.518208 0.044414
v -0.550219 -0.518831 0.044414
v -0.549808 -0.519367 0.044414
v -0.549584 -0.519142 0.044000
v -0.549442 -0.519001 0.043518
v -0.549394 -0.518953 0.043000
v -0.549394 -0.518953 0.007000
v -0.548980 -0.519270 0.007000
v -0.548498 -0.519470 0.007000
v -0.547980 -0.519538 0.007000
v 0.547980 -0.519538 0.007000
v 0.548498 -0.519470 0.007000
v 0.548980 -0.519270 0.007000
v 0.549394 -0.518953 0.007000
v 0.549712 -0.518538 0.007000
v 0.549912 -0.518056 0.007000
v 0.549912 -0.518056 0.043000
v 0.549978 -0.518074 0.043518
v 0.550171 -0.518125 0.044000
v 0.550248 -0.517538 0.044000
v 0.550248 0.517538 0.044000
v 0.550171 0.518125 0.044000
v 0.549944 0.518672 0.044000
v 0.549584 0.519142 0.044000
v 0.549442 0.519001 0.043518
v 0.549394 0.518953 0.043000
v 0.548980 0.519270 0.007000
v 0.549394 0.518953 0.007000
v 0.549346 0.518953 0.006634
v 0.548946 0.519270 0.006741
v 0.548498 0.519470 0.007000
v 0.548480 0.519470 0.006866
v 0.547980 0.519538 0.007000
v -0.547980 0.519538 0.007000
v -0.548498 0.519470 0.007000
v -0.548980 0.519270 0.007000
v -0.549394 0.518953 0.007000
v -0.549712 0.518538 0.007000
v -0.549712 0.518538 0.043000
v -0.549771 0.518572 0.043518
v -0.549944 0.518672 0.044000
v -0.550171 0.518125 0.044000
v -0.550248 0.517538 0.044000
v -0.550248 -0.517538 0.044000
v -0.550171 -0.518125 0.044000
v -0.549944 -0.518672 0.044000
v -0.549771 -0.518572 0.043518
v -0.549712 -0.518538 0.043000
v -0.549712 -0.518538 0.007000
v -0.549346 -0.518953 0.006634
v -0.549653 -0.518538 0.006552
v -0.549205 -0.518953 0.006293
v -0.549480 -0.518538 0.006134
v -0.548980 -0.518953 0.006000
v -0.549205 -0.518538 0.005775
v -0.548846 -0.518538 0.005500
v -0.548687 -0.518953 0.005775
v -0.548687 -0.519270 0.006293
v -0.548480 -0.519270 0.006134
v -0.548346 -0.519470 0.006634
v -0.548239 -0.519470 0.006552
v -0.548114 -0.519470 0.006500
v -0.547980 -0.519470 0.006482
v -0.547980 -0.519270 0.006000
v -0.548239 -0.519270 0.006034
v -0.547980 -0.518953 0.005586
v -0.548346 -0.518953 0.005634
v -0.547980 -0.518538 0.005268
v -0.548428 -0.518538 0.005327
v -0.547980 -0.518056 0.005068
v -0.548480 -0.518056 0.005134
v -0.547980 -0.517538 0.005000
v -0.548498 -0.517538 0.005068
v -0.547980 0.517538 0.005000
v -0.548498 0.517538 0.005068
v -0.547980 0.518056 0.005068
v -0.548480 0.518056 0.005134
v -0.547980 0.518538 0.005268
v -0.548428 0.518538 0.005327
v -0.547980 0.518953 0.005586
v -0.548346 0.518953 0.005634
v -0.548239 0.519270 0.006034
v -0.547980 0.519270 0.006000
v 0.547980 0.518953 0.005586
v 0.547980 0.519270 0.006000
v 0.548346 0.518953 0.005634
v 0.548239 0.519270 0.006034
v 0.548480 0.519270 0.006134
v 0.548687 0.518953 0.005775
v 0.548428 0.518538 0.005327
v 0.548846 0.518538 0.005500
v 0.548480 0.518056 0.005134
v 0.548946 0.518056 0.005327
v 0.548498 0.517538 0.005068
v 0.548980 0.517538 0.005268
v 0.548498 -0.517538 0.005068
v 0.548980 -0.517538 0.005268
v 0.548480 -0.518056 0.005134
v 0.548946 -0.518056 0.005327
v 0.548428 -0.518538 0.005327
v 0.548846 -0.518538 0.005500
v 0.548346 -0.518953 0.005634
v 0.548687 -0.518953 0.005775
v 0.548480 -0.519270 0.006134
v 0.548239 -0.519270 0.006034
v 0.547980 -0.518953 0.005586
v 0.547980 -0.519270 0.006000
v 0.547980 -0.519470 0.006482
v 0.548114 -0.519470 0.006500
v 0.548239 -0.519470 0.006552
v 0.548346 -0.519470 0.006634
v 0.548687 -0.519270 0.006293
v 0.548428 -0.519470 0.006741
v 0.548846 -0.519270 0.006500
v 0.548480 -0.519470 0.006866
v 0.548946 -0.519270 0.006741
v 0.549346 -0.518953 0.006634
v 0.549653 -0.518538 0.006552
v 0.549846 -0.518056 0.006500
v 0.549912 -0.517538 0.006482
v 0.549980 -0.517538 0.007000
v 0.549980 -0.517538 0.043000
v 0.550048 -0.517538 0.043518
v 0.550048 0.517538 0.043518
v 0.549978 0.518074 0.043518
v 0.549771 0.518572 0.043518
v 0.549712 0.518538 0.043000
v 0.549712 0.518538 0.007000
v 0.549653 0.518538 0.006552
v 0.549205 0.518953 0.006293
v 0.549480 0.518538 0.006134
v 0.548980 0.518953 0.006000
v 0.549205 0.518538 0.005775
v 0.548687 0.519270 0.006293
v 0.548346 0.519470 0.006634
v 0.548239 0.519470 0.006552
v 0.548428 0.519470 0.006741
v 0.548846 0.519270 0.006500
v 0.548114 0.519470 0.006500
v 0.547980 0.519470 0.006482
v -0.547980 0.519470 0.006482
v -0.548114 0.519470 0.006500
v -0.548239 0.519470 0.006552
v -0.548346 0.519470 0.006634
v -0.548428 0.519470 0.006741
v -0.548480 0.519470 0.006866
v -0.548946 0.519270 0.006741
v -0.549346 0.518953 0.006634
v -0.549653 0.518538 0.006552
v -0.549846 0.518056 0.006500
v -0.549912 0.518056 0.007000
v -0.549912 0.518056 0.043000
v -0.549978 0.518074 0.043518
v -0.550048 0.517538 0.043518
v -0.550048 -0.517538 0.043518
v -0.549978 -0.518074 0.043518
v -0.549912 -0.518056 0.043000
v -0.549912 -0.518056 0.007000
v -0.549846 -0.518056 0.006500
v -0.549653 -0.518056 0.006034
v -0.549346 -0.518056 0.005634
v -0.548946 -0.518056 0.005327
v -0.548980 -0.517538 0.005268
v -0.548980 0.517538 0.005268
v -0.548946 0.518056 0.005327
v -0.548846 0.518538 0.005500
v -0.548687 0.518953 0.005775
v -0.548480 0.519270 0.006134
v -0.548687 0.519270 0.006293
v -0.548846 0.519270 0.006500
v -0.549205 0.518953 0.006293
v -0.549480 0.518538 0.006134
v -0.549653 0.518056 0.006034
v -0.549912 0.517538 0.006482
v -0.549712 0.517538 0.006000
v -0.549712 -0.517538 0.006000
v -0.549912 -0.517538 0.006482
v -0.549980 0.517538 0.007000
v -0.549980 -0.517538 0.007000
v -0.549980 -0.517538 0.043000
v -0.549980 0.517538 0.043000
v -0.549394 -0.517538 0.005586
v -0.549394 0.517538 0.005586
v -0.549346 0.518056 0.005634
v -0.549205 0.518538 0.005775
v -0.548980 0.518953 0.006000
v 0.549346 0.518056 0.005634
v 0.549394 0.517538 0.005586
v 0.549394 -0.517538 0.005586
v 0.549346 -0.518056 0.005634
v 0.549205 -0.518538 0.005775
v 0.548980 -0.518953 0.006000
v 0.549205 -0.518953 0.006293
v 0.549480 -0.518538 0.006134
v 0.549653 -0.518056 0.006034
v 0.549712 -0.517538 0.006000
v 0.549712 0.517538 0.006000
v 0.549912 0.517538 0.006482
v 0.549980 0.517538 0.007000
v 0.549980 0.517538 0.043000
v 0.549912 0.518056 0.043000
v 0.549912 0.518056 0.007000
v 0.549846 0.518056 0.006500
v 0.549653 0.518056 0.006034
v 0.547980 -0.518538 0.005268
v 0.547980 -0.518056 0.005068
v 0.547980 -0.517538 0.005000
v 0.547980 0.517538 0.005000
v 0.547980 0.518056 0.005068
v 0.547980 0.518538 0.005268
v -0.548428 -0.519470 0.006741
v -0.548846 -0.519270 0.006500
v -0.548946 -0.519270 0.006741
v -0.548480 -0.519470 0.006866
v -0.563846 0.534270 0.001500
v -0.563428 0.534470 0.001741
v -0.563480 0.534470 0.001866
v -0.563946 0.534270 0.001741
v 0.563846 -0.534270 0.001500
v 0.563428 -0.534470 0.001741
v 0.563480 -0.534470 0.001866
v 0.563946 -0.534270 0.001741
v 0.562980 -0.533056 0.000068
v 0.562980 -0.533538 0.000268
v -0.549980 0.519538 0.005000
v 0.549980 -0.519538 0.005000
v -0.549980 -0.519538 0.005000
v 0.549980 0.519538 0.005000
v 0.549980 0.519538 0.040000
v -0.549980 0.519538 0.040000
v -0.549980 -0.519538 0.040000
v 0.549980 -0.519538 0.040000
vn -0.0000 -0.0000 -1.0000
vn -0.0632 0.2582 -0.9640
vn 0.0868 0.0868 -0.9924
vn -0.0868 0.0868 -0.9924
vn 0.0632 0.2583 -0.9640
vn -0.0567 0.4992 -0.8646
vn 0.0567 0.4992 -0.8646
vn -0.0464 0.7063 -0.7063
vn 0.0464 0.7063 -0.7064
vn 0.0328 0.8656 -0.4997
vn -0.0328 0.8655 -0.4998
vn -0.1294 0.8661 -0.4828
vn -0.1830 0.7073 -0.6828
vn -0.2241 0.5001 -0.8365
vn -0.2500 0.2589 -0.9330
vn -0.2583 0.0656 -0.9639
vn -0.0868 -0.0868 -0.9924
vn -0.2584 -0.0651 -0.9638
vn -0.0632 -0.2583 -0.9640
vn -0.2500 -0.2589 -0.9330
vn -0.0567 -0.4992 -0.8646
vn -0.2242 -0.5001 -0.8364
vn -0.0464 -0.7063 -0.7064
vn -0.1830 -0.7072 -0.6829
vn -0.1294 -0.8661 -0.4829
vn -0.0329 -0.8656 -0.4997
vn 0.0464 -0.7064 -0.7063
vn 0.0328 -0.8655 -0.4997
vn 0.1830 -0.7073 -0.6829
vn 0.1294 -0.8661 -0.4828
vn 0.2500 -0.8661 -0.4329
vn 0.3535 -0.7072 -0.6123
vn 0.2241 -0.5001 -0.8365
vn 0.4330 -0.5001 -0.7499
vn 0.2500 -0.2589 -0.9330
vn 0.4830 -0.2589 -0.8364
vn 0.2583 -0.0656 -0.9639
vn 0.4989 -0.0654 -0.8642
vn 0.2584 0.0651 -0.9638
vn 0.4991 0.0650 -0.8641
vn 0.2500 0.2589 -0.9330
vn 0.4830 0.2588 -0.8365
vn 0.2241 0.5001 -0.8364
vn 0.4330 0.5001 -0.7500
vn 0.1830 0.7072 -0.6829
vn 0.3535 0.7072 -0.6123
vn 0.2499 0.8661 -0.4329
vn 0.1294 0.8661 -0.4829
vn 0.0667 0.9660 -0.2499
vn 0.0170 0.9658 -0.2588
vn -0.0169 0.9658 -0.2589
vn -0.0667 0.9660 -0.2499
vn -0.1293 0.9660 -0.2239
vn -0.2500 0.8661 -0.4329
vn -0.3535 0.7072 -0.6123
vn -0.4330 0.5001 -0.7499
vn -0.4831 0.2589 -0.8364
vn -0.4989 0.0654 -0.8642
vn -0.4991 -0.0650 -0.8641
vn -0.4830 -0.2588 -0.8365
vn -0.4330 -0.5001 -0.7500
vn -0.3535 -0.7072 -0.6123
vn -0.2500 -0.8661 -0.4329
vn -0.1292 -0.9660 -0.2239
vn -0.0668 -0.9660 -0.2499
vn -0.0171 -0.9658 -0.2588
vn 0.0170 -0.9658 -0.2588
vn 0.0668 -0.9660 -0.2498
vn 0.1292 -0.9660 -0.2239
vn 0.1829 -0.9660 -0.1829
vn 0.3535 -0.8660 -0.3536
vn 0.4999 -0.7072 -0.5000
vn 0.6124 -0.5001 -0.6122
vn 0.6830 -0.2588 -0.6830
vn 0.7055 -0.0656 -0.7057
vn 0.7056 0.0656 -0.7056
vn 0.6830 0.2589 -0.6830
vn 0.6124 0.5001 -0.6123
vn 0.4999 0.7072 -0.4999
vn 0.3535 0.8660 -0.3536
vn 0.1828 0.9660 -0.1829
vn 0.1291 0.9660 -0.2239
vn 0.0795 0.9937 -0.0795
vn -0.0795 0.9937 -0.0796
vn -0.1829 0.9660 -0.1829
vn -0.3535 0.8660 -0.3536
vn -0.4999 0.7072 -0.5000
vn -0.6124 0.5001 -0.6122
vn -0.6830 0.2588 -0.6830
vn -0.7055 0.0654 -0.7056
vn -0.7055 -0.0655 -0.7057
vn -0.6830 -0.2589 -0.6830
vn -0.6124 -0.5001 -0.6123
vn -0.4999 -0.7072 -0.5000
vn -0.3535 -0.8660 -0.3536
vn -0.1828 -0.9660 -0.1830
vn -0.0795 -0.9937 -0.0795
vn -0.2241 -0.9659 -0.1295
vn -0.2500 -0.9659 -0.0670
vn -0.2588 -0.9658 -0.0171
vn -0.2587 -0.9658 0.0170
vn -0.0796 -0.9936 0.0796
vn -0.0000 -1.0000 -0.0000
vn 0.2588 -0.9658 -0.0171
vn 0.0796 -0.9937 0.0795
vn 0.0795 -0.9937 -0.0796
vn 0.2588 -0.9658 0.0171
vn 0.4997 -0.8656 -0.0328
vn 0.4997 -0.8656 0.0328
vn 0.7063 -0.7064 -0.0464
vn 0.7062 -0.7065 0.0464
vn 0.8646 -0.4993 0.0568
vn 0.8646 -0.4993 -0.0567
vn 0.6829 -0.7072 -0.1830
vn 0.8365 -0.5001 -0.2242
vn 0.6122 -0.7072 -0.3536
vn 0.7500 -0.5001 -0.4330
vn 0.8365 -0.2589 -0.4829
vn 0.8640 -0.0650 -0.4992
vn 0.8641 0.0654 -0.4990
vn 0.8365 0.2590 -0.4829
vn 0.7500 0.5001 -0.4330
vn 0.6123 0.7072 -0.3536
vn 0.4329 0.8661 -0.2499
vn 0.2241 0.9659 -0.1294
vn 0.2500 0.9659 -0.0671
vn 0.4828 0.8661 -0.1292
vn 0.2588 0.9658 -0.0171
vn 0.4997 0.8656 -0.0328
vn 0.4997 0.8656 0.0328
vn 0.2588 0.9658 0.0171
vn 0.0796 0.9936 0.0796
vn -0.0000 1.0000 -0.0000
vn -0.2588 0.9658 -0.0170
vn -0.0795 0.9937 0.0795
vn -0.2588 0.9658 0.0171
vn -0.4997 0.8656 -0.0328
vn -0.4997 0.8656 0.0328
vn -0.7063 0.7064 -0.0464
vn -0.7062 0.7065 0.0464
vn -0.8646 0.4993 0.0568
vn -0.8646 0.4992 -0.0567
vn -0.6829 0.7072 -0.1830
vn -0.8365 0.5001 -0.2242
vn -0.6122 0.7072 -0.3536
vn -0.7500 0.5001 -0.4330
vn -0.8365 0.2590 -0.4829
vn -0.8641 0.0653 -0.4990
vn -0.8641 -0.0654 -0.4990
vn -0.8365 -0.2589 -0.4829
vn -0.7499 -0.5001 -0.4330
vn -0.6123 -0.7072 -0.3536
vn -0.4329 -0.8661 -0.2499
vn -0.4828 -0.8662 -0.1292
vn -0.4997 -0.8656 -0.0328
vn -0.4997 -0.8656 0.0328
vn -0.4828 -0.8661 0.1293
vn -0.2500 -0.9659 0.0670
vn -0.2240 -0.9659 0.1295
vn -0.1830 -0.9659 0.1830
vn -0.1295 -0.9660 0.2239
vn -0.0671 -0.9660 0.2498
vn -0.0171 -0.9658 0.2588
vn -0.0328 -0.8655 0.4998
vn -0.1294 -0.8661 0.4829
vn -0.0464 -0.7064 0.7063
vn -0.1830 -0.7073 0.6829
vn -0.0567 -0.4992 0.8646
vn -0.2241 -0.5001 0.8365
vn -0.0632 -0.2582 0.9640
vn -0.2500 -0.2589 0.9330
vn -0.0868 -0.0868 0.9924
vn -0.2583 -0.0651 0.9639
vn -0.0867 0.0867 0.9925
vn -0.2584 0.0651 0.9639
vn -0.0632 0.2583 0.9640
vn -0.2500 0.2589 0.9330
vn -0.0567 0.4992 0.8646
vn -0.2241 0.5002 0.8364
vn -0.0464 0.7064 0.7063
vn -0.1830 0.7072 0.6829
vn -0.1293 0.8660 0.4830
vn -0.0328 0.8655 0.4998
vn 0.0464 0.7064 0.7063
vn 0.0328 0.8655 0.4997
vn 0.1830 0.7072 0.6829
vn 0.1294 0.8661 0.4829
vn 0.2499 0.8661 0.4329
vn 0.3534 0.7072 0.6123
vn 0.2241 0.5001 0.8364
vn 0.4330 0.5001 0.7499
vn 0.2500 0.2589 0.9330
vn 0.4830 0.2589 0.8365
vn 0.2583 0.0651 0.9639
vn 0.4989 0.0654 0.8642
vn 0.2584 -0.0651 0.9639
vn 0.4991 -0.0651 0.8641
vn 0.2500 -0.2589 0.9330
vn 0.4830 -0.2589 0.8365
vn 0.2241 -0.5002 0.8364
vn 0.4330 -0.5001 0.7500
vn 0.1830 -0.7072 0.6829
vn 0.3535 -0.7072 0.6122
vn 0.2499 -0.8661 0.4329
vn 0.1293 -0.8660 0.4830
vn 0.0464 -0.7064 0.7063
vn 0.0328 -0.8655 0.4998
vn 0.0170 -0.9658 0.2587
vn 0.0671 -0.9660 0.2497
vn 0.1296 -0.9660 0.2239
vn 0.1830 -0.9659 0.1830
vn 0.3535 -0.8661 0.3535
vn 0.2240 -0.9659 0.1294
vn 0.4329 -0.8661 0.2499
vn 0.2499 -0.9659 0.0671
vn 0.4829 -0.8661 0.1292
vn 0.6829 -0.7072 0.1830
vn 0.8365 -0.5001 0.2241
vn 0.9640 -0.2583 0.0632
vn 0.9330 -0.2589 0.2499
vn 0.9925 -0.0866 0.0867
vn 0.9638 -0.0656 0.2584
vn 0.9924 0.0870 0.0870
vn 0.9639 0.0651 0.2582
vn 0.9330 0.2588 0.2499
vn 0.9640 0.2584 0.0632
vn 0.9924 0.0870 -0.0870
vn 0.9640 0.2583 -0.0632
vn 0.9638 0.0651 -0.2584
vn 0.9330 0.2588 -0.2500
vn 0.9638 -0.0655 -0.2583
vn 0.9330 -0.2588 -0.2499
vn 0.9924 -0.0869 -0.0869
vn 0.9640 -0.2583 -0.0632
vn 1.0000 -0.0000 -0.0000
vn 0.8365 0.5000 -0.2241
vn 0.6829 0.7073 -0.1830
vn 0.7063 0.7064 -0.0464
vn 0.7063 0.7064 0.0464
vn 0.6829 0.7072 0.1830
vn 0.4828 0.8661 0.1293
vn 0.2499 0.9660 0.0671
vn 0.2239 0.9660 0.1294
vn 0.1829 0.9659 0.1830
vn 0.1296 0.9660 0.2239
vn 0.0671 0.9660 0.2498
vn 0.0170 0.9658 0.2588
vn -0.0169 0.9658 0.2587
vn -0.0669 0.9660 0.2497
vn -0.1295 0.9660 0.2239
vn -0.1830 0.9659 0.1830
vn -0.2241 0.9659 0.1295
vn -0.2500 0.9659 0.0670
vn -0.4828 0.8661 0.1293
vn -0.6829 0.7072 0.1830
vn -0.8365 0.5001 0.2241
vn -0.9640 0.2583 0.0632
vn -0.9330 0.2589 0.2499
vn -0.9925 0.0866 0.0867
vn -0.9639 0.0651 0.2582
vn -0.9638 -0.0655 0.2583
vn -0.9924 -0.0870 0.0870
vn -1.0000 -0.0000 -0.0000
vn -0.9639 0.0651 -0.2583
vn -0.9924 -0.0868 -0.0868
vn -0.9924 0.0870 -0.0870
vn -0.9639 -0.0656 -0.2582
vn -0.9330 -0.2588 -0.2499
vn -0.8365 -0.5001 -0.2242
vn -0.6829 -0.7073 -0.1830
vn -0.7063 -0.7064 -0.0464
vn -0.7063 -0.7064 0.0464
vn -0.6829 -0.7072 0.1830
vn -0.6122 -0.7072 0.3536
vn -0.4329 -0.8661 0.2500
vn -0.3535 -0.8661 0.3535
vn -0.2499 -0.8661 0.4329
vn -0.3534 -0.7072 0.6123
vn -0.4330 -0.5001 0.7499
vn -0.4830 -0.2589 0.8365
vn -0.4989 -0.0654 0.8642
vn -0.4991 0.0651 0.8641
vn -0.4830 0.2589 0.8365
vn -0.4330 0.5001 0.7500
vn -0.3535 0.7072 0.6122
vn -0.2499 0.8661 0.4329
vn 0.3535 0.8661 0.3535
vn 0.4999 0.7072 0.5000
vn 0.6124 0.5001 0.6122
vn 0.6830 0.2589 0.6830
vn 0.7055 0.0656 0.7057
vn 0.7056 -0.0654 0.7056
vn 0.6831 -0.2589 0.6829
vn 0.6124 -0.5001 0.6123
vn 0.4999 -0.7072 0.5000
vn 0.6122 -0.7072 0.3536
vn 0.7499 -0.5001 0.4330
vn 0.8366 -0.2588 0.4829
vn 0.8640 -0.0650 0.4992
vn 0.8640 0.0650 0.4992
vn 0.8365 0.2588 0.4829
vn 0.7500 0.5001 0.4330
vn 0.8365 0.5001 0.2241
vn 0.8646 0.4993 0.0567
vn 0.8647 0.4992 -0.0568
vn 0.6122 0.7072 0.3536
vn 0.4329 0.8661 0.2500
vn -0.3535 0.8661 0.3535
vn -0.4329 0.8661 0.2499
vn -0.6122 0.7072 0.3536
vn -0.7499 0.5001 0.4330
vn -0.8366 0.2588 0.4829
vn -0.8640 0.0650 0.4992
vn -0.8640 -0.0650 0.4992
vn -0.8365 -0.2588 0.4829
vn -0.9330 -0.2588 0.2499
vn -0.9640 -0.2584 0.0632
vn -0.9640 -0.2583 -0.0632
vn -0.8647 -0.4992 -0.0568
vn -0.8646 -0.4993 0.0567
vn -0.8365 -0.5001 0.2241
vn -0.7500 -0.5001 0.4330
vn -0.4999 -0.7072 0.5000
vn -0.6124 -0.5001 0.6122
vn -0.6830 -0.2589 0.6830
vn -0.7056 -0.0654 0.7056
vn -0.7055 0.0654 0.7057
vn -0.6831 0.2589 0.6829
vn -0.6124 0.5002 0.6123
vn -0.4999 0.7072 0.5000
vn -0.9330 0.2589 -0.2499
vn -0.9640 0.2583 -0.0632
vn 0.0567 -0.4992 0.8646
vn 0.0632 -0.2583 0.9640
vn 0.0867 -0.0867 0.9925
vn -0.0000 -0.0000 1.0000
vn 0.0868 0.0868 0.9924
vn 0.0632 0.2582 0.9640
vn 0.0567 0.4992 0.8646
vn -0.0170 0.2587 0.9658
vn 0.0087 0.1305 0.9914
vn -0.0085 0.1305 0.9914
vn 0.0170 0.2588 0.9658
vn -0.0329 0.4997 0.8656
vn 0.0329 0.4997 0.8656
vn -0.0464 0.7062 0.7064
vn 0.0464 0.7063 0.7064
vn 0.0567 0.8646 0.4993
vn -0.0567 0.8646 0.4993
vn -0.1830 0.6829 0.7072
vn -0.2241 0.8364 0.5002
vn -0.4330 0.7499 0.5001
vn -0.3535 0.6123 0.7072
vn -0.2499 0.4330 0.8661
vn -0.1294 0.4829 0.8661
vn -0.0670 0.2499 0.9659
vn -0.0338 0.1260 0.9915
vn -0.0652 0.1130 0.9915
vn -0.1293 0.2241 0.9660
vn -0.0922 0.0922 0.9915
vn -0.1830 0.1830 0.9659
vn -0.1130 0.0653 0.9915
vn -0.2241 0.1294 0.9659
vn -0.1260 0.0338 0.9915
vn -0.2499 0.0670 0.9660
vn -0.1304 0.0082 0.9914
vn -0.2587 0.0170 0.9658
vn -0.1305 -0.0086 0.9914
vn -0.2588 -0.0170 0.9658
vn -0.1260 -0.0337 0.9915
vn -0.2499 -0.0669 0.9660
vn -0.2241 -0.1294 0.9659
vn -0.1130 -0.0653 0.9915
vn 0.0170 -0.2587 0.9658
vn -0.0087 -0.1305 0.9914
vn 0.0085 -0.1305 0.9914
vn -0.0170 -0.2588 0.9658
vn 0.0329 -0.4997 0.8656
vn -0.0329 -0.4997 0.8656
vn 0.0464 -0.7063 0.7064
vn -0.0464 -0.7063 0.7064
vn -0.0567 -0.8646 0.4993
vn 0.0567 -0.8646 0.4992
vn 0.2241 -0.8364 0.5002
vn 0.1829 -0.6828 0.7073
vn 0.1293 -0.4829 0.8661
vn 0.0670 -0.2499 0.9659
vn 0.0338 -0.1260 0.9915
vn 0.0652 -0.1130 0.9915
vn 0.1293 -0.2241 0.9660
vn 0.0922 -0.0922 0.9915
vn 0.1830 -0.1830 0.9659
vn 0.1130 -0.0653 0.9915
vn 0.2241 -0.1294 0.9659
vn 0.1260 -0.0338 0.9915
vn 0.2499 -0.0670 0.9660
vn 0.1304 -0.0082 0.9914
vn 0.2587 -0.0170 0.9658
vn 0.1305 0.0085 0.9914
vn 0.2587 0.0170 0.9658
vn 0.2499 0.0670 0.9660
vn 0.1260 0.0338 0.9915
vn 0.2241 0.1294 0.9659
vn 0.1130 0.0653 0.9915
vn 0.1829 0.1829 0.9660
vn 0.0922 0.0922 0.9915
vn 0.1294 0.2241 0.9659
vn 0.0652 0.1130 0.9915
vn 0.0670 0.2499 0.9660
vn 0.0338 0.1260 0.9915
vn 0.1294 0.4829 0.8661
vn 0.1830 0.6829 0.7073
vn 0.2241 0.8364 0.5002
vn 0.2500 0.9330 0.2589
vn 0.0632 0.9639 0.2585
vn -0.0632 0.9640 0.2583
vn -0.2500 0.9330 0.2590
vn -0.4829 0.8365 0.2588
vn -0.6830 0.6830 0.2589
vn -0.6123 0.6123 0.5001
vn -0.4999 0.4999 0.7072
vn -0.3535 0.3535 0.8661
vn -0.4329 0.2500 0.8661
vn -0.4828 0.1294 0.8661
vn -0.4997 0.0328 0.8656
vn -0.4996 -0.0328 0.8656
vn -0.4828 -0.1294 0.8661
vn -0.4329 -0.2500 0.8661
vn -0.3535 -0.3535 0.8661
vn -0.1829 -0.1830 0.9659
vn -0.0922 -0.0922 0.9915
vn -0.1294 -0.2241 0.9659
vn -0.0652 -0.1130 0.9915
vn -0.0670 -0.2499 0.9660
vn -0.0338 -0.1260 0.9915
vn -0.1294 -0.4828 0.8661
vn -0.1830 -0.6829 0.7073
vn -0.2241 -0.8364 0.5002
vn -0.2500 -0.9330 0.2589
vn -0.0632 -0.9639 0.2585
vn 0.0632 -0.9640 0.2584
vn 0.2500 -0.9330 0.2589
vn 0.4829 -0.8365 0.2588
vn 0.4330 -0.7500 0.5001
vn 0.3535 -0.6123 0.7072
vn 0.2499 -0.4330 0.8661
vn 0.3535 -0.3535 0.8661
vn 0.4329 -0.2500 0.8661
vn 0.4828 -0.1294 0.8661
vn 0.4997 -0.0328 0.8656
vn 0.4996 0.0328 0.8656
vn 0.4828 0.1294 0.8661
vn 0.4329 0.2500 0.8661
vn 0.3535 0.3535 0.8661
vn 0.2500 0.4329 0.8661
vn 0.3535 0.6123 0.7072
vn 0.4330 0.7500 0.5001
vn 0.4829 0.8365 0.2589
vn 0.4987 0.8643 0.0657
vn 0.2584 0.9638 0.0658
vn 0.0869 0.9924 0.0870
vn -0.0871 0.9924 0.0868
vn -0.2583 0.9638 0.0656
vn -0.4987 0.8643 0.0657
vn -0.7057 0.7055 0.0653
vn -0.8642 0.4989 0.0657
vn -0.8365 0.4830 0.2589
vn -0.7499 0.4330 0.5001
vn -0.6122 0.3535 0.7072
vn -0.6830 0.1830 0.7072
vn -0.7063 0.0464 0.7064
vn -0.7063 -0.0464 0.7064
vn -0.6830 -0.1830 0.7072
vn -0.6123 -0.3535 0.7072
vn -0.5000 -0.4999 0.7072
vn -0.3535 -0.6123 0.7072
vn -0.2499 -0.4330 0.8661
vn -0.4330 -0.7500 0.5001
vn -0.4829 -0.8365 0.2589
vn -0.4987 -0.8643 0.0657
vn -0.2583 -0.9638 0.0658
vn -0.0869 -0.9924 0.0870
vn 0.0870 -0.9924 0.0870
vn 0.2583 -0.9639 0.0653
vn 0.4987 -0.8643 0.0657
vn 0.7057 -0.7055 0.0653
vn 0.6830 -0.6830 0.2589
vn 0.6123 -0.6123 0.5001
vn 0.4999 -0.4999 0.7072
vn 0.6122 -0.3535 0.7072
vn 0.6830 -0.1830 0.7072
vn 0.7063 -0.0464 0.7064
vn 0.7063 0.0464 0.7064
vn 0.6830 0.1830 0.7071
vn 0.6123 0.3535 0.7072
vn 0.5000 0.4999 0.7072
vn 0.6123 0.6123 0.5002
vn 0.6830 0.6830 0.2589
vn 0.7056 0.7056 0.0654
vn 0.4997 0.8656 0.0327
vn 0.0795 0.9937 0.0795
vn -0.0795 0.9936 0.0797
vn -0.4997 0.8656 0.0327
vn -0.7063 0.7064 0.0464
vn -0.8646 0.4993 0.0567
vn -0.9640 0.2584 0.0631
vn -0.9639 0.2582 0.0654
vn -0.9330 0.2500 0.2590
vn -0.8364 0.2241 0.5002
vn -0.8646 0.0567 0.4992
vn -0.8646 -0.0567 0.4993
vn -0.8365 -0.2241 0.5001
vn -0.7499 -0.4330 0.5001
vn -0.6123 -0.6123 0.5002
vn -0.6830 -0.6830 0.2589
vn -0.7056 -0.7056 0.0653
vn -0.4997 -0.8656 0.0327
vn -0.6829 -0.7072 0.1831
vn -0.4829 -0.8661 0.1292
vn -0.2588 -0.9658 0.0171
vn -0.2499 -0.9660 0.0670
vn -0.0796 -0.9937 0.0795
vn 0.0795 -0.9936 0.0797
vn 0.4997 -0.8656 0.0327
vn 0.7063 -0.7064 0.0464
vn 0.8646 -0.4993 0.0567
vn 0.8642 -0.4989 0.0657
vn 0.8365 -0.4830 0.2589
vn 0.7499 -0.4330 0.5001
vn 0.8364 -0.2241 0.5002
vn 0.8646 -0.0567 0.4992
vn 0.8646 0.0567 0.4993
vn 0.8365 0.2241 0.5001
vn 0.7499 0.4330 0.5001
vn 0.8365 0.4830 0.2589
vn 0.8641 0.4990 0.0658
vn 0.8647 0.4991 0.0566
vn 0.6829 0.7072 0.1831
vn 0.7500 0.5001 0.4329
vn 0.4999 0.7072 0.4999
vn 0.6124 0.5001 0.6123
vn 0.3534 0.7072 0.6124
vn 0.3534 0.8661 0.3535
vn 0.2499 0.8661 0.4330
vn 0.1831 0.9659 0.1828
vn 0.1295 0.9660 0.2239
vn 0.0671 0.9659 0.2499
vn 0.0172 0.9658 0.2587
vn 0.0329 0.8656 0.4997
vn 0.1830 0.7072 0.6830
vn 0.2241 0.5001 0.8365
vn 0.0632 0.2583 0.9640
vn 0.0870 0.0870 0.9924
vn 0.0868 -0.0868 0.9924
vn 0.2582 -0.0655 0.9639
vn 0.0632 -0.2582 0.9640
vn 0.2500 -0.2588 0.9330
vn 0.2241 -0.5001 0.8364
vn 0.1295 -0.8661 0.4829
vn 0.0329 -0.8655 0.4998
vn -0.0329 -0.8655 0.4998
vn -0.1830 -0.7071 0.6830
vn -0.1294 -0.8660 0.4829
vn -0.2499 -0.8661 0.4330
vn -0.2241 -0.5001 0.8364
vn -0.4829 -0.2590 0.8365
vn -0.2582 -0.0655 0.9639
vn -0.4990 -0.0654 0.8642
vn -0.2582 0.0655 0.9639
vn -0.4991 0.0650 0.8641
vn -0.2242 0.5001 0.8365
vn -0.3534 0.7072 0.6123
vn -0.2499 0.8661 0.4330
vn -0.1294 0.8661 0.4829
vn -0.0329 0.8655 0.4998
vn -0.0172 0.9658 0.2589
vn -0.0671 0.9659 0.2499
vn -0.1294 0.9660 0.2240
vn -0.1831 0.9659 0.1828
vn -0.3534 0.8661 0.3535
vn -0.2242 0.9659 0.1293
vn -0.4328 0.8662 0.2499
vn -0.2498 0.9660 0.0671
vn -0.8365 0.5001 0.2242
vn -0.9330 0.2588 0.2500
vn -0.9639 0.0655 0.2582
vn -0.9924 0.0870 0.0869
vn -0.9924 0.0868 0.0871
vn -0.9640 0.0632 0.2584
vn -0.9640 -0.0632 0.2584
vn -0.9330 -0.2500 0.2589
vn -0.8365 -0.4830 0.2590
vn -0.8641 -0.4990 0.0658
vn -0.8647 -0.4991 0.0566
vn -0.6123 -0.7072 0.3536
vn -0.7500 -0.5001 0.4329
vn -0.4999 -0.7072 0.4999
vn -0.6124 -0.5001 0.6123
vn -0.3534 -0.8661 0.3535
vn -0.1831 -0.9659 0.1828
vn -0.2241 -0.9659 0.1293
vn -0.4328 -0.8662 0.2498
vn -0.0172 -0.9658 0.2587
vn 0.0172 -0.9658 0.2589
vn 0.0671 -0.9659 0.2499
vn 0.1294 -0.9660 0.2240
vn 0.1831 -0.9660 0.1828
vn 0.2241 -0.9659 0.1293
vn 0.4828 -0.8661 0.1293
vn 0.8365 -0.5001 0.2242
vn 0.9330 -0.2588 0.2500
vn 0.9640 -0.2584 0.0631
vn 0.9639 -0.2582 0.0654
vn 0.9330 -0.2500 0.2590
vn 0.9640 -0.0632 0.2584
vn 0.9640 0.0633 0.2584
vn 0.9330 0.2500 0.2589
vn 0.9638 0.2582 0.0656
vn 0.9640 0.2582 0.0632
vn 0.9330 0.2589 0.2500
vn 0.8365 0.2589 0.4829
vn 0.6830 0.2588 0.6830
vn 0.4829 0.2590 0.8365
vn 0.4990 0.0654 0.8642
vn 0.4991 -0.0650 0.8641
vn 0.3534 -0.7072 0.6123
vn 0.2499 -0.8661 0.4330
vn 0.3534 -0.8661 0.3535
vn 0.4328 -0.8662 0.2499
vn 0.7500 -0.5001 0.4329
vn 0.8365 -0.2589 0.4829
vn 0.9639 -0.0651 0.2583
vn 0.8641 -0.0650 0.4992
vn 0.8641 0.0650 0.4991
vn 0.9639 0.0651 0.2583
vn 0.9924 -0.0870 0.0869
vn 0.9924 0.0869 0.0870
vn 0.9924 -0.0868 0.0871
vn 0.9924 0.0869 0.0871
vn 0.7057 0.0654 0.7055
vn 0.6830 -0.2588 0.6830
vn 0.6123 -0.5001 0.6123
vn -0.6830 -0.2588 0.6830
vn -0.7057 -0.0654 0.7055
vn -0.7056 0.0654 0.7056
vn -0.6830 0.2588 0.6830
vn -0.6124 0.5001 0.6123
vn -0.7500 0.5001 0.4329
vn -0.8365 0.2589 0.4829
vn -0.8641 0.0650 0.4992
vn -0.8641 -0.0650 0.4991
vn -0.9639 -0.0651 0.2583
vn -0.9924 -0.0869 0.0870
vn -0.9638 -0.2582 0.0656
vn -0.9640 -0.2582 0.0632
vn -0.9330 -0.2589 0.2500
vn -0.8365 -0.2589 0.4829
vn -0.0632 0.2582 0.9640
vn -0.0868 0.0868 0.9924
vn -0.0632 -0.2583 0.9640
vn -0.0870 -0.0870 0.9924
vn 0.2241 0.9659 0.1293
vn 0.4328 0.8662 0.2498
vn 0.4828 0.8661 0.1292
vn 0.2499 0.9659 0.0671
vn -0.4329 0.8661 -0.2500
vn -0.2241 0.9659 -0.1294
vn -0.2500 0.9659 -0.0670
vn -0.4828 0.8661 -0.1292
vn 0.4329 -0.8661 -0.2500
vn 0.2241 -0.9659 -0.1294
vn 0.2500 -0.9659 -0.0671
vn 0.4827 -0.8662 -0.1293
vn 0.0868 -0.0868 -0.9924
vn 0.0632 -0.2582 -0.9640
vn 0.0568 -0.4992 -0.8646
vt -0.078740 42.010899
vt -44.407902 0.078740
vt -0.078740 0.078740
vt -44.407902 42.010899
vt -0.078740 41.440800
vt -44.407902 41.420200
vt -0.078740 41.420200
vt -44.407902 41.440800
vt -0.078740 38.175400
vt -44.407902 38.154900
vt -0.078740 38.154900
vt -44.407902 38.175400
vt -0.078740 32.309200
vt -44.407902 32.288601
vt -0.078740 32.288601
vt -44.407902 32.309200
vt -0.078740 24.221300
vt -44.407902 24.241800
vt -44.407902 24.221300
vt -0.078740 24.241800
vt -0.306303 24.384100
vt -0.293897 24.404499
vt -0.304175 24.404499
vt -0.291769 24.384100
vt -0.307937 32.415600
vt -0.291769 32.436100
vt -0.306303 32.436100
vt -0.290135 32.415600
vt -0.308964 38.217999
vt -0.290135 38.238499
vt -0.307937 38.238499
vt -0.289109 38.217999
vt -0.309314 41.431499
vt -0.289109 41.452099
vt -0.308964 41.452099
vt -0.288758 41.431499
vt -0.309314 0.078740
vt -0.288758 42.010899
vt -0.309314 42.010899
vt -0.288758 0.078740
vt -0.308964 0.283536
vt -0.288758 0.304088
vt -0.309314 0.304088
vt -0.289109 0.283536
vt -0.307937 0.695806
vt -0.289109 0.716335
vt -0.308964 0.716335
vt -0.290135 0.695806
vt -0.306303 1.061790
vt -0.290135 1.082280
vt -0.307937 1.082280
vt -0.291769 1.061790
vt -0.306303 1.376970
vt -0.293897 1.356530
vt -0.291769 1.376970
vt -0.304175 1.356530
vt -44.407902 1.401290
vt -0.078740 1.380730
vt -0.078740 1.401290
vt -44.407902 1.380730
vt -43.814301 5.968990
vt -43.801899 5.948540
vt -43.799702 5.968990
vt -43.812099 5.948540
vt -40.372398 14.733900
vt -40.384800 14.713500
vt -40.374500 14.713500
vt -40.386902 14.733900
vt -40.370800 11.308700
vt -40.386902 11.288200
vt -40.372398 11.288200
vt -40.388599 11.308700
vt -40.369701 7.132590
vt -40.388599 7.112060
vt -40.370800 7.112060
vt -40.389599 7.132590
vt -40.369400 2.490140
vt -40.389599 2.469590
vt -40.369701 2.469590
vt -40.389999 2.490140
vt -40.369400 42.010899
vt -40.389999 0.078740
vt -40.369400 0.078740
vt -40.389999 42.010899
vt -40.369701 39.265999
vt -40.389999 39.245499
vt -40.369400 39.245499
vt -40.389599 39.265999
vt -40.370800 31.822300
vt -40.389599 31.801800
vt -40.369701 31.801800
vt -40.388599 31.822300
vt -40.372398 22.209700
vt -40.388599 22.189199
vt -40.370800 22.189199
vt -40.386902 22.209700
vt -40.372398 11.027100
vt -40.384800 11.047600
vt -40.386902 11.027100
vt -40.374500 11.047600
vt -43.799702 19.792000
vt -43.812099 19.812500
vt -43.814301 19.792000
vt -43.801899 19.812500
vt -43.801899 9.288240
vt -43.809601 9.308650
vt -43.812099 9.288240
vt -43.804298 9.308650
vt -0.078740 14.502500
vt -44.407902 14.523100
vt -44.407902 14.502500
vt -0.078740 14.523100
vt -0.304175 14.646100
vt -0.296376 14.666500
vt -0.301696 14.666500
vt -0.293897 14.646100
vt -0.725735 14.770000
vt -0.717936 14.790400
vt -0.723256 14.790400
vt -0.715457 14.770000
vt -0.727864 24.490200
vt -0.715457 24.510700
vt -0.725735 24.510700
vt -0.713329 24.490200
vt -0.729497 32.496899
vt -0.713329 32.517399
vt -0.727864 32.517399
vt -0.711696 32.496899
vt -0.730524 38.269001
vt -0.711696 38.289501
vt -0.729497 38.289501
vt -0.710669 38.269001
vt -0.730874 41.448898
vt -0.710669 41.469398
vt -0.730524 41.469398
vt -0.710319 41.448898
vt -0.730874 0.078740
vt -0.710319 42.010899
vt -0.730874 42.010899
vt -0.710319 0.078740
vt -0.730524 0.266162
vt -0.710319 0.286714
vt -0.730874 0.286714
vt -0.710669 0.266162
vt -0.729497 0.644811
vt -0.710669 0.665341
vt -0.730524 0.665341
vt -0.711696 0.644811
vt -0.727864 0.980514
vt -0.711696 1.001000
vt -0.729497 1.001000
vt -0.713329 0.980514
vt -0.727864 1.270820
vt -0.715457 1.250370
vt -0.713329 1.270820
vt -0.725735 1.250370
vt -0.725735 1.455440
vt -0.717936 1.435040
vt -0.715457 1.455440
vt -0.723256 1.435040
vt -0.304175 1.579300
vt -0.296376 1.558900
vt -0.293897 1.579300
vt -0.301696 1.558900
vt -44.407902 1.604460
vt -0.078740 1.583900
vt -0.078740 1.604460
vt -44.407902 1.583900
vt -43.812099 6.937170
vt -43.804298 6.916760
vt -43.801899 6.937170
vt -43.809601 6.916760
vt -40.374500 17.163900
vt -40.382301 17.143499
vt -40.376999 17.143499
vt -40.384800 17.163900
vt -34.195400 26.223700
vt -34.203201 26.203300
vt -34.197899 26.203300
vt -34.205700 26.223700
vt -34.193298 22.498699
vt -34.205700 22.478300
vt -34.195400 22.478300
vt -34.207802 22.498699
vt -34.191700 17.253599
vt -34.207802 17.233101
vt -34.193298 17.233101
vt -34.209499 17.253599
vt -34.190601 10.862500
vt -34.209499 10.842000
vt -34.191700 10.842000
vt -34.210499 10.862500
vt -34.190300 3.760950
vt -34.210499 3.740400
vt -34.190601 3.740400
vt -34.210800 3.760950
vt -34.190300 42.010899
vt -34.210800 0.078740
vt -34.190300 0.078740
vt -34.210800 42.010899
vt -34.190601 37.995201
vt -34.210800 37.974701
vt -34.190300 37.974701
vt -34.210499 37.995201
vt -34.191700 28.092300
vt -34.210499 28.071800
vt -34.190601 28.071800
vt -34.209499 28.092300
vt -34.193298 16.264799
vt -34.209499 16.244301
vt -34.191700 16.244301
vt -34.207802 16.264799
vt -34.193298 3.262330
vt -34.205700 3.282780
vt -34.207802 3.262330
vt -34.195400 3.282780
vt -34.195400 -9.998280
vt -34.203201 -9.977870
vt -34.205700 -9.998280
vt -34.197899 -9.977870
vt -40.374500 -0.938499
vt -40.382301 -0.918094
vt -40.384800 -0.938499
vt -40.376999 -0.918094
vt -40.382301 -12.876700
vt -40.376999 -12.876700
vt -40.379700 -12.856300
vt -43.809601 -1.889770
vt -43.804298 -1.889770
vt -43.806999 -1.869390
vt -0.078740 3.794810
vt -44.407902 3.815370
vt -44.407902 3.794810
vt -0.078740 3.815370
vt -0.301696 3.866370
vt -0.296376 3.866370
vt -0.299036 3.886750
vt -0.720596 4.019820
vt -0.723256 3.999440
vt -0.717936 3.999440
vt -1.093050 4.256510
vt -1.095710 4.236130
vt -1.090390 4.236130
vt -1.098190 14.990300
vt -1.090390 15.010700
vt -1.095710 15.010700
vt -1.087910 14.990300
vt -1.100320 24.679001
vt -1.087910 24.699499
vt -1.098190 24.699499
vt -1.085780 24.679001
vt -1.101950 32.641399
vt -1.085780 32.661900
vt -1.100320 32.661900
vt -1.084150 32.641399
vt -1.102980 38.359699
vt -1.084150 38.380199
vt -1.101950 38.380199
vt -1.083120 38.359699
vt -1.103330 41.479801
vt -1.083120 41.500301
vt -1.102980 41.500301
vt -1.082770 41.479801
vt -1.103330 0.078740
vt -1.082770 42.010899
vt -1.103330 42.010899
vt -1.082770 0.078740
vt -1.102980 0.235258
vt -1.082770 0.255810
vt -1.103330 0.255810
vt -1.083120 0.235258
vt -1.101950 0.554106
vt -1.083120 0.574636
vt -1.102980 0.574636
vt -1.084150 0.554106
vt -1.100320 0.835946
vt -1.084150 0.856436
vt -1.101950 0.856436
vt -1.085780 0.835946
vt -1.100320 1.081990
vt -1.087910 1.061550
vt -1.085780 1.081990
vt -1.098190 1.061550
vt -1.098190 1.235120
vt -1.090390 1.214720
vt -1.087910 1.235120
vt -1.095710 1.214720
vt -1.093050 1.283870
vt -1.090390 1.304260
vt -1.095710 1.304260
vt -1.391010 0.959688
vt -1.388350 0.980070
vt -1.393670 0.980070
vt -1.594180 0.570099
vt -1.591520 0.590482
vt -1.596840 0.590482
vt -1.688710 0.141660
vt -1.686050 0.162042
vt -1.691370 0.162042
vt -1.692910 -0.078066
vt -0.078740 -0.057511
vt -1.692910 -0.057511
vt -0.078740 -0.078066
vt -44.407902 1.692910
vt -0.078740 1.692910
vt 1.692910 44.048500
vt 0.078740 44.028000
vt 1.692910 44.028000
vt 0.078740 44.048500
vt 1.692910 41.067902
vt 0.078740 41.047401
vt 1.692910 41.047401
vt 0.078740 41.067902
vt 1.692910 35.289299
vt 0.078740 35.268799
vt 1.692910 35.268799
vt 0.078740 35.289299
vt 1.692910 27.086000
vt 0.078740 27.106501
vt 0.078740 27.086000
vt 1.692910 27.106501
vt -4.110690 26.843100
vt -4.126860 26.863600
vt -4.125230 26.843100
vt -4.109060 26.863600
vt -15.422800 25.284901
vt -15.439000 25.305401
vt -15.437400 25.284901
vt -15.421200 25.305401
vt -25.683500 22.007099
vt -25.699600 22.027599
vt -25.698000 22.007099
vt -25.681801 22.027599
vt -25.681801 13.837300
vt -25.700600 13.857900
vt -25.699600 13.837300
vt -25.680799 13.857900
vt -25.680799 4.760920
vt -25.701000 4.781470
vt -25.700600 4.760920
vt -25.680401 4.781470
vt -25.680401 42.010899
vt -25.701000 0.078740
vt -25.680401 0.078740
vt -25.701000 42.010899
vt -25.680799 36.974701
vt -25.701000 36.954102
vt -25.680401 36.954102
vt -25.700600 36.974701
vt -25.681801 25.097000
vt -25.700600 25.076500
vt -25.680799 25.076500
vt -25.699600 25.097000
vt -25.683500 11.490800
vt -25.699600 11.470300
vt -25.681801 11.470300
vt -25.698000 11.490800
vt -25.683500 -2.973140
vt -25.695900 -2.952690
vt -25.698000 -2.973140
vt -25.685600 -2.952690
vt -25.685600 -17.273701
vt -25.693399 -17.253300
vt -25.695900 -17.273701
vt -25.688101 -17.253300
vt -25.693399 -30.426201
vt -25.688101 -30.426201
vt -25.690701 -30.405800
vt -34.203201 -22.610001
vt -34.197899 -22.610001
vt -34.200600 -22.589600
vt -15.432800 -35.792702
vt -15.427400 -35.792702
vt -15.430100 -35.772400
vt -15.432800 -22.248501
vt -15.425000 -22.268900
vt -15.427400 -22.248501
vt -15.435200 -22.268900
vt -4.120620 -24.623199
vt -4.112820 -24.643600
vt -4.115300 -24.623199
vt -4.123100 -24.643600
vt 1.692910 -24.940399
vt 0.078740 -24.960899
vt 1.692910 -24.960899
vt 0.078740 -24.940399
vt 1.692910 -38.534199
vt 0.078740 -38.554699
vt 1.692910 -38.554699
vt 0.078740 -38.534199
vt 0.078740 1.692910
vt 44.407902 0.078740
vt 44.407902 1.692910
vt 0.078740 0.078740
vt -1.692910 5.551310
vt -0.078740 5.571870
vt -1.692910 5.571870
vt -0.078740 5.551310
vt -1.692910 16.139299
vt -0.078740 16.159901
vt -1.692910 16.159901
vt -0.078740 16.139299
vt -1.692910 25.626801
vt -0.078740 25.647400
vt -1.692910 25.647400
vt -0.078740 25.626801
vt -1.692910 33.387699
vt -0.078740 33.367100
vt -0.078740 33.387699
vt -1.692910 33.367100
vt -1.695980 33.359600
vt -1.679810 33.339100
vt -1.681440 33.359600
vt -1.697610 33.339100
vt -1.601450 33.097900
vt -1.585280 33.077400
vt -1.586910 33.097900
vt -1.603080 33.077400
vt -1.398280 32.859901
vt -1.382110 32.839401
vt -1.383750 32.859901
vt -1.399910 32.839401
vt -1.399910 38.504501
vt -1.381090 38.483898
vt -1.382110 38.504501
vt -1.400940 38.483898
vt -1.400940 41.542702
vt -1.380730 41.522099
vt -1.381090 41.542702
vt -1.401290 41.522099
vt -1.401290 42.010899
vt -1.380730 0.078740
vt -1.380730 42.010899
vt -1.401290 0.078740
vt -1.400940 0.192931
vt -1.380730 0.213483
vt -1.401290 0.213483
vt -1.381090 0.192931
vt -1.399910 0.429872
vt -1.381090 0.450401
vt -1.400940 0.450401
vt -1.382110 0.429872
vt -1.398280 0.637938
vt -1.382110 0.658428
vt -1.399910 0.658428
vt -1.383750 0.637938
vt -1.398280 0.823369
vt -1.385870 0.802925
vt -1.383750 0.823369
vt -1.396150 0.802925
vt -1.396150 0.933369
vt -1.388350 0.912963
vt -1.385870 0.933369
vt -1.393670 0.912963
vt -1.591520 0.550331
vt -1.599320 0.570736
vt -1.596840 0.550331
vt -1.589040 0.570736
vt -1.686050 0.151536
vt -1.693850 0.171941
vt -1.691370 0.151536
vt -1.683570 0.171941
vt -1.692910 -0.052892
vt -0.078740 -0.032336
vt -1.692910 -0.032336
vt -0.078740 -0.052892
vt -0.070449 -0.061838
vt -0.062650 -0.041433
vt -0.072928 -0.041433
vt -0.065129 -0.061838
vt -0.067789 -0.087576
vt -0.065129 -0.067193
vt -0.070449 -0.067193
vt -0.042614 -0.101984
vt -0.039954 -0.081601
vt -0.045274 -0.081601
vt -0.014535 -0.109442
vt -0.011875 -0.089060
vt -0.017195 -0.089060
vt 0.014535 -0.109442
vt 0.017195 -0.089060
vt 0.011875 -0.089060
vt 0.042614 -0.101984
vt 0.045274 -0.081601
vt 0.039954 -0.081601
vt 0.070449 -0.067193
vt 0.065129 -0.067193
vt 0.067789 -0.087576
vt 0.072928 -0.041433
vt 0.065129 -0.061838
vt 0.070449 -0.061838
vt 0.062650 -0.041433
vt 0.075056 -0.012094
vt 0.062650 -0.032539
vt 0.072928 -0.032539
vt 0.060521 -0.012094
vt 0.076690 0.018778
vt 0.060521 -0.001712
vt 0.075056 -0.001712
vt 0.058888 0.018778
vt 0.077716 0.049071
vt 0.058888 0.028541
vt 0.076690 0.028541
vt 0.057861 0.049071
vt 0.078066 0.076748
vt 0.057861 0.056195
vt 0.077716 0.056195
vt 0.057511 0.076748
vt 0.078066 42.010899
vt 0.057511 0.078740
vt 0.078066 0.078740
vt 0.057511 42.010899
vt 0.077716 41.679401
vt 0.057511 41.658901
vt 0.078066 41.658901
vt 0.057861 41.679401
vt 0.076690 38.905800
vt 0.057861 38.885300
vt 0.077716 38.885300
vt 0.058888 38.905800
vt 0.075056 33.499599
vt 0.058888 33.479099
vt 0.076690 33.479099
vt 0.060521 33.499599
vt 0.075056 25.773100
vt 0.062650 25.793600
vt 0.060521 25.773100
vt 0.072928 25.793600
vt 44.407902 25.626801
vt 0.078740 25.647400
vt 0.078740 25.626801
vt 44.407902 25.647400
vt 44.045502 21.181101
vt 44.033100 21.201599
vt 44.030998 21.181101
vt 44.043400 21.201599
vt 41.050400 12.321500
vt 41.062801 12.342000
vt 41.052502 12.342000
vt 41.064899 12.321500
vt 41.048801 23.180201
vt 41.064899 23.200701
vt 41.050400 23.200701
vt 41.066601 23.180201
vt 41.047699 32.423500
vt 41.066601 32.444099
vt 41.048801 32.444099
vt 41.067600 32.423500
vt 41.047401 39.457298
vt 41.067600 39.477901
vt 41.047699 39.477901
vt 41.067902 39.457298
vt 41.047401 0.078740
vt 41.067902 42.010899
vt 41.047401 42.010899
vt 41.067902 0.078740
vt 41.047699 2.257740
vt 41.067902 2.278290
vt 41.047401 2.278290
vt 41.067600 2.257740
vt 41.048801 6.490270
vt 41.067600 6.510800
vt 41.047699 6.510800
vt 41.066601 6.490270
vt 41.050400 10.297100
vt 41.066601 10.317600
vt 41.048801 10.317600
vt 41.064899 10.297100
vt 41.050400 13.439500
vt 41.062801 13.419100
vt 41.064899 13.439500
vt 41.052502 13.419100
vt 44.030998 4.579920
vt 44.043400 4.559480
vt 44.045502 4.579920
vt 44.033100 4.559480
vt 0.078740 -0.004257
vt 44.407902 -0.024812
vt 44.407902 -0.004257
vt 0.078740 -0.024812
vt 0.078740 -0.032336
vt 44.407902 -0.052892
vt 44.407902 -0.032336
vt 0.078740 -0.052892
vt 0.078740 -0.057511
vt 44.407902 -0.078066
vt 44.407902 -0.057511
vt 0.078740 -0.078066
vt 44.040901 5.688950
vt 44.035599 5.688950
vt 44.038200 5.668570
vt 44.040901 5.296030
vt 44.033100 5.316430
vt 44.035599 5.296030
vt 44.043400 5.316430
vt 41.060299 15.633200
vt 41.052502 15.653600
vt 41.055000 15.633200
vt 41.062801 15.653600
vt 35.281700 24.906401
vt 35.273899 24.926800
vt 35.276402 24.906401
vt 35.284199 24.926800
vt 27.098900 32.483501
vt 27.091101 32.503899
vt 27.093599 32.483501
vt 27.101400 32.503899
vt 17.069599 37.848400
vt 17.061800 37.868801
vt 17.064199 37.848400
vt 17.072001 37.868801
vt 5.877120 40.635201
vt 5.869320 40.655602
vt 5.871800 40.635201
vt 5.879600 40.655602
vt 5.879600 34.847301
vt 5.867190 34.867699
vt 5.869320 34.847301
vt 5.881720 34.867699
vt 5.883360 26.723600
vt 5.867190 26.703100
vt 5.881720 26.703100
vt 5.865560 26.723600
vt 5.884380 16.804199
vt 5.865560 16.783701
vt 5.883360 16.783701
vt 5.864530 16.804199
vt 5.884730 5.785320
vt 5.864530 5.764760
vt 5.884380 5.764760
vt 5.864180 5.785320
vt 5.884730 42.010899
vt 5.864180 0.078740
vt 5.884730 0.078740
vt 5.864180 42.010899
vt 5.884730 35.950298
vt 5.864530 35.970798
vt 5.864180 35.950298
vt 5.884380 35.970798
vt 1.692910 35.844799
vt 0.078740 35.865398
vt 0.078740 35.844799
vt 1.692910 35.865398
vt -4.107680 35.920399
vt -4.127890 35.940899
vt -4.128240 35.920399
vt -4.108030 35.940899
vt -15.440400 36.253399
vt -15.420200 36.273998
vt -15.440000 36.273998
vt -15.419800 36.253399
vt -15.440400 0.078740
vt -15.419800 42.010899
vt -15.440400 42.010899
vt -15.419800 0.078740
vt -15.440400 5.482160
vt -15.420200 5.461600
vt -15.419800 5.482160
vt -15.440000 5.461600
vt -4.128240 5.815250
vt -4.108030 5.794690
vt -4.107680 5.815250
vt -4.127890 5.794690
vt 0.078740 5.884730
vt 1.692910 5.864180
vt 1.692910 5.884730
vt 0.078740 5.864180
vt 0.078740 17.077200
vt 1.692910 17.056601
vt 1.692910 17.077200
vt 0.078740 17.056601
vt -4.109060 16.871500
vt -4.127890 16.892099
vt -4.126860 16.871500
vt -4.108030 16.892099
vt -15.421200 15.893900
vt -15.440000 15.914400
vt -15.439000 15.893900
vt -15.420200 15.914400
vt 1.692910 42.010899
vt 1.692910 0.078740
vt 0.078740 42.010899
vt -4.128240 0.078740
vt -4.107680 42.010899
vt -4.128240 42.010899
vt -4.107680 0.078740
vt -15.421200 23.040501
vt -15.440000 23.019899
vt -15.420200 23.019899
vt -15.439000 23.040501
vt -15.422800 8.212990
vt -15.439000 8.192500
vt -15.421200 8.192500
vt -15.437400 8.212990
vt -15.422800 -7.254350
vt -15.435200 -7.233910
vt -15.437400 -7.254350
vt -15.425000 -7.233910
vt -4.123100 -9.269120
vt -4.110690 -9.289560
vt -4.112820 -9.269120
vt -4.125230 -9.289560
vt 1.692910 -9.646250
vt 0.078740 -9.666800
vt 1.692910 -9.666800
vt 0.078740 -9.646250
vt 5.879600 -9.086240
vt 5.867190 -9.106690
vt 5.881720 -9.106690
vt 5.869320 -9.086240
vt 5.877120 -24.409800
vt 5.869320 -24.430201
vt 5.879600 -24.430201
vt 5.871800 -24.409800
vt 5.877120 -38.114700
vt 5.874460 -38.094299
vt 5.871800 -38.114700
vt 17.069599 -35.120701
vt 17.066900 -35.100300
vt 17.064199 -35.120701
vt 27.098900 -29.357100
vt 27.096300 -29.336700
vt 27.093599 -29.357100
vt 35.281700 -21.216600
vt 35.279099 -21.196301
vt 35.276402 -21.216600
vt 41.060299 -11.254200
vt 41.057701 -11.233800
vt 41.055000 -11.254200
vt 44.040901 -0.148562
vt 44.038200 -0.128179
vt 44.035599 -0.148562
vt 0.078740 5.571870
vt 44.407902 5.551310
vt 44.407902 5.571870
vt 0.078740 5.551310
vt 0.067789 5.627960
vt 0.065129 5.607580
vt 0.070449 5.607580
vt 0.042614 5.642370
vt 0.039954 5.621990
vt 0.045274 5.621990
vt 0.014535 5.649830
vt 0.011875 5.629450
vt 0.017195 5.629450
vt -0.014535 5.649830
vt -0.017195 5.629450
vt -0.011875 5.629450
vt -0.042614 5.642370
vt -0.045274 5.621990
vt -0.039954 5.621990
vt -0.067789 5.627960
vt -0.070449 5.607580
vt -0.065129 5.607580
vt -0.070449 16.287201
vt -0.062650 16.266800
vt -0.065129 16.287201
vt -0.072928 16.266800
vt -0.072928 25.793600
vt -0.060521 25.773100
vt -0.062650 25.793600
vt -0.075056 25.773100
vt -0.076690 33.479099
vt -0.060521 33.499599
vt -0.075056 33.499599
vt -0.058888 33.479099
vt -0.077716 38.885300
vt -0.058888 38.905800
vt -0.076690 38.905800
vt -0.057861 38.885300
vt -0.078066 41.658901
vt -0.057861 41.679401
vt -0.077716 41.679401
vt -0.057511 41.658901
vt -0.078066 42.010899
vt -0.057511 0.078740
vt -0.057511 42.010899
vt -0.078066 0.078740
vt -1.692910 42.010899
vt -1.692910 0.078740
vt -1.698990 42.010899
vt -1.678430 0.078740
vt -1.678430 42.010899
vt -1.698990 0.078740
vt -1.604460 42.010899
vt -1.583900 0.078740
vt -1.583900 42.010899
vt -1.604460 0.078740
vt -1.604110 0.142064
vt -1.583900 0.162617
vt -1.604460 0.162617
vt -1.584250 0.142064
vt -1.603080 0.280574
vt -1.584250 0.301104
vt -1.604110 0.301104
vt -1.585280 0.280574
vt -1.601450 0.399984
vt -1.585280 0.420474
vt -1.603080 0.420474
vt -1.586910 0.399984
vt -1.601450 0.512572
vt -1.589040 0.492127
vt -1.586910 0.512572
vt -1.599320 0.492127
vt -1.683570 0.150335
vt -1.695980 0.170780
vt -1.693850 0.150335
vt -1.681440 0.170780
vt -1.692910 -0.024812
vt -0.078740 -0.004257
vt -1.692910 -0.004257
vt -0.078740 -0.024812
vt -0.072928 -0.032539
vt -0.060521 -0.012094
vt -0.075056 -0.012094
vt -0.062650 -0.032539
vt -0.047753 -0.044034
vt -0.035347 -0.023589
vt -0.049881 -0.023589
vt -0.037475 -0.044034
vt -0.045274 -0.075250
vt -0.037475 -0.054844
vt -0.047753 -0.054844
vt -0.039954 -0.075250
vt -0.017195 -0.082192
vt -0.009396 -0.061787
vt -0.019674 -0.061787
vt -0.011875 -0.082192
vt 0.011875 -0.082192
vt 0.019674 -0.061787
vt 0.009396 -0.061787
vt 0.017195 -0.082192
vt 0.039954 -0.075250
vt 0.047753 -0.054844
vt 0.037475 -0.054844
vt 0.045274 -0.075250
vt 0.049881 -0.023589
vt 0.037475 -0.044034
vt 0.047753 -0.044034
vt 0.035347 -0.023589
vt 0.051515 0.009978
vt 0.035347 -0.010513
vt 0.049881 -0.010513
vt 0.033713 0.009978
vt 0.052541 0.043549
vt 0.033713 0.023020
vt 0.051515 0.023020
vt 0.032686 0.043549
vt 0.052892 0.074866
vt 0.032686 0.054314
vt 0.052541 0.054314
vt 0.032336 0.074866
vt 0.052892 42.010899
vt 0.032336 0.078740
vt 0.052892 0.078740
vt 0.032336 42.010899
vt 0.052541 41.681301
vt 0.032336 41.660702
vt 0.052892 41.660702
vt 0.032686 41.681301
vt 0.051515 38.911301
vt 0.032686 38.890800
vt 0.052541 38.890800
vt 0.033713 38.911301
vt 0.049881 33.508400
vt 0.033713 33.487900
vt 0.051515 33.487900
vt 0.035347 33.508400
vt 0.049881 25.784599
vt 0.037475 25.805099
vt 0.035347 25.784599
vt 0.047753 25.805099
vt 0.047753 16.280300
vt 0.039954 16.300699
vt 0.037475 16.280300
vt 0.045274 16.300699
vt 0.072928 16.266800
vt 0.065129 16.287201
vt 0.062650 16.266800
vt 0.070449 16.287201
vt 44.407902 16.139299
vt 0.078740 16.159901
vt 0.078740 16.139299
vt 44.407902 16.159901
vt 44.043400 10.909000
vt 44.035599 10.929400
vt 44.033100 10.909000
vt 44.040901 10.929400
vt 41.052502 0.571786
vt 41.060299 0.592192
vt 41.055000 0.592192
vt 41.062801 0.571786
vt 35.273899 -8.701370
vt 35.281700 -8.680960
vt 35.276402 -8.680960
vt 35.284199 -8.701370
vt 35.271801 4.373860
vt 35.284199 4.394310
vt 35.273899 4.394310
vt 35.286301 4.373860
vt 35.270199 17.095301
vt 35.286301 17.115801
vt 35.271801 17.115801
vt 35.287998 17.095301
vt 35.269100 28.605700
vt 35.287998 28.626301
vt 35.270199 28.626301
vt 35.289001 28.605700
vt 35.268799 38.156601
vt 35.289001 38.177101
vt 35.269100 38.177101
vt 35.289299 38.156601
vt 35.268799 0.078740
vt 35.289299 42.010899
vt 35.268799 42.010899
vt 35.289299 0.078740
vt 35.269100 3.558480
vt 35.289299 3.579040
vt 35.268799 3.579040
vt 35.289001 3.558480
vt 35.270199 10.308100
vt 35.289001 10.328600
vt 35.269100 10.328600
vt 35.287998 10.308100
vt 35.271801 16.382099
vt 35.287998 16.402500
vt 35.270199 16.402500
vt 35.286301 16.382099
vt 35.271801 21.387199
vt 35.284199 21.366699
vt 35.286301 21.387199
vt 35.273899 21.366699
vt 27.101400 27.860800
vt 27.089001 27.881300
vt 27.091101 27.860800
vt 27.103500 27.881300
vt 17.072001 32.458801
vt 17.059601 32.479198
vt 17.061800 32.458801
vt 17.074200 32.479198
vt 17.075800 24.894899
vt 17.059601 24.874399
vt 17.074200 24.874399
vt 17.058001 24.894899
vt 17.076799 15.656900
vt 17.058001 15.636300
vt 17.075800 15.636300
vt 17.056999 15.656900
vt 17.077200 5.394410
vt 17.056999 5.373850
vt 17.076799 5.373850
vt 17.056601 5.394410
vt 17.077200 42.010899
vt 17.056601 0.078740
vt 17.077200 0.078740
vt 17.056601 42.010899
vt 17.077200 36.341202
vt 17.056999 36.361801
vt 17.056601 36.341202
vt 17.076799 36.361801
vt 17.076799 23.277500
vt 17.058001 23.298000
vt 17.056999 23.277500
vt 17.075800 23.298000
vt 5.884380 22.130100
vt 5.865560 22.150600
vt 5.864530 22.130100
vt 5.883360 22.150600
vt 1.692910 21.808599
vt 0.078740 21.829100
vt 0.078740 21.808599
vt 1.692910 21.829100
vt -4.108030 22.042299
vt -4.126860 22.062799
vt -4.127890 22.042299
vt -4.109060 22.062799
vt -4.109060 6.634300
vt -4.125230 6.654790
vt -4.126860 6.634300
vt -4.110690 6.654790
vt 0.078740 6.305960
vt 1.692910 6.285400
vt 1.692910 6.305960
vt 0.078740 6.285400
vt 5.867190 6.794800
vt 5.883360 6.774310
vt 5.881720 6.794800
vt 5.865560 6.774310
vt 17.059601 8.623490
vt 17.075800 8.603000
vt 17.074200 8.623490
vt 17.058001 8.603000
vt 27.089001 12.143800
vt 27.105200 12.123300
vt 27.103500 12.143800
vt 27.087400 12.123300
vt 27.087400 25.506701
vt 27.106199 25.486200
vt 27.105200 25.506701
vt 27.086300 25.486200
vt 27.086300 37.114300
vt 27.106501 37.093700
vt 27.106199 37.114300
vt 27.086000 37.093700
vt 27.086000 0.078740
vt 27.106501 42.010899
vt 27.086000 42.010899
vt 27.106501 0.078740
vt 27.086300 4.621330
vt 27.106501 4.641880
vt 27.086000 4.641880
vt 27.106199 4.621330
vt 27.087400 13.427600
vt 27.106199 13.448200
vt 27.086300 13.448200
vt 27.105200 13.427600
vt 27.089001 21.354099
vt 27.105200 21.374599
vt 27.087400 21.374599
vt 27.103500 21.354099
vt 27.101400 -2.099780
vt 27.089001 -2.120230
vt 27.103500 -2.120230
vt 27.091101 -2.099780
vt 27.098900 -16.258101
vt 27.091101 -16.278500
vt 27.101400 -16.278500
vt 27.093599 -16.258101
vt 17.061800 -21.643299
vt 17.069599 -21.622900
vt 17.064199 -21.622900
vt 17.072001 -21.643299
vt 17.059601 -6.718190
vt 17.072001 -6.697750
vt 17.061800 -6.697750
vt 17.074200 -6.718190
vt 0.011875 16.307600
vt 0.019674 16.287201
vt 0.017195 16.307600
vt 0.009396 16.287201
vt -0.017195 16.307600
vt -0.009396 16.287201
vt -0.011875 16.307600
vt -0.019674 16.287201
vt -0.045274 16.300699
vt -0.037475 16.280300
vt -0.039954 16.300699
vt -0.047753 16.280300
vt -0.047753 25.805099
vt -0.035347 25.784599
vt -0.037475 25.805099
vt -0.049881 25.784599
vt -0.051515 33.487900
vt -0.035347 33.508400
vt -0.049881 33.508400
vt -0.033713 33.487900
vt -0.052541 38.890800
vt -0.033713 38.911301
vt -0.051515 38.911301
vt -0.032686 38.890800
vt -0.052892 41.660702
vt -0.032686 41.681301
vt -0.052541 41.681301
vt -0.032336 41.660702
vt -0.052892 42.010899
vt -0.032336 0.078740
vt -0.032336 42.010899
vt -0.052892 0.078740
vt -0.052892 0.074866
vt -0.032686 0.054314
vt -0.032336 0.074866
vt -0.052541 0.054314
vt -0.078066 0.076748
vt -0.057861 0.056195
vt -0.057511 0.076748
vt -0.077716 0.056195
vt -1.692910 0.078066
vt -0.078740 0.057511
vt -0.078740 0.078066
vt -1.692910 0.057511
vt -1.698990 0.106678
vt -1.678780 0.086125
vt -1.678430 0.106678
vt -1.698640 0.086125
vt -1.698640 0.136918
vt -1.679810 0.116388
vt -1.678780 0.136918
vt -1.697610 0.116388
vt -1.697610 0.158791
vt -1.681440 0.138301
vt -1.679810 0.158791
vt -1.695980 0.138301
vt -0.078740 0.004257
vt -1.692910 0.024812
vt -1.692910 0.004257
vt -0.078740 0.024812
vt -0.060521 -0.001712
vt -0.076690 0.018778
vt -0.075056 -0.001712
vt -0.058888 0.018778
vt -0.035347 -0.010513
vt -0.051515 0.009978
vt -0.049881 -0.010513
vt -0.033713 0.009978
vt -0.007267 -0.015068
vt -0.023435 0.005422
vt -0.021802 -0.015068
vt -0.005634 0.005422
vt 0.007267 -0.015068
vt 0.023435 0.005422
vt 0.005634 0.005422
vt 0.021802 -0.015068
vt 0.009396 -0.049984
vt 0.021802 -0.029539
vt 0.007267 -0.029539
vt 0.019674 -0.049984
vt -0.007267 -0.029539
vt -0.019674 -0.049984
vt -0.009396 -0.049984
vt -0.021802 -0.029539
vt 0.024462 0.040691
vt 0.005634 0.020162
vt 0.023435 0.020162
vt 0.004607 0.040691
vt 0.024812 0.073893
vt 0.004607 0.053340
vt 0.024462 0.053340
vt 0.004257 0.073893
vt 0.024812 42.010899
vt 0.004257 0.078740
vt 0.024812 0.078740
vt 0.004257 42.010899
vt 0.024462 41.682301
vt 0.004257 41.661701
vt 0.024812 41.661701
vt 0.004607 41.682301
vt 0.023435 38.914200
vt 0.004607 38.893700
vt 0.024462 38.893700
vt 0.005634 38.914200
vt 0.021802 33.512901
vt 0.005634 33.492401
vt 0.023435 33.492401
vt 0.007267 33.512901
vt 0.021802 25.790600
vt 0.009396 25.811001
vt 0.007267 25.790600
vt 0.019674 25.811001
vt -0.019674 25.811001
vt -0.007267 25.790600
vt -0.009396 25.811001
vt -0.021802 25.790600
vt -0.023435 33.492401
vt -0.007267 33.512901
vt -0.021802 33.512901
vt -0.005634 33.492401
vt -0.024462 38.893700
vt -0.005634 38.914200
vt -0.023435 38.914200
vt -0.004607 38.893700
vt -0.024812 41.661701
vt -0.004607 41.682301
vt -0.024462 41.682301
vt -0.004257 41.661701
vt -0.024812 42.010899
vt -0.004257 0.078740
vt -0.004257 42.010899
vt -0.024812 0.078740
vt -0.024812 0.073893
vt -0.004607 0.053340
vt -0.004257 0.073893
vt -0.024462 0.053340
vt -0.024462 0.040691
vt -0.005634 0.020162
vt -0.004607 0.040691
vt -0.023435 0.020162
vt -0.052541 0.043549
vt -0.033713 0.023020
vt -0.032686 0.043549
vt -0.051515 0.023020
vt -0.077716 0.049071
vt -0.058888 0.028541
vt -0.057861 0.049071
vt -0.076690 0.028541
vt -1.692910 0.052892
vt -0.078740 0.032336
vt -0.078740 0.052892
vt -1.692910 0.032336
vt -1.583900 41.573002
vt -1.604110 41.593498
vt -1.604460 41.573002
vt -1.584250 41.593498
vt -1.678430 41.628899
vt -1.698640 41.649502
vt -1.698990 41.628899
vt -1.678780 41.649502
vt -0.078740 41.651501
vt -1.692910 41.672001
vt -1.692910 41.651501
vt -0.078740 41.672001
vt -0.078740 38.832901
vt -1.692910 38.853401
vt -1.692910 38.832901
vt -0.078740 38.853401
vt -1.697610 38.818001
vt -1.678780 38.797401
vt -1.679810 38.818001
vt -1.698640 38.797401
vt -1.603080 38.653801
vt -1.584250 38.633202
vt -1.585280 38.653801
vt -1.604110 38.633202
vt 5.877120 43.654999
vt 5.871800 43.654999
vt 5.874460 43.634701
vt 17.069599 40.660999
vt 17.064199 40.660999
vt 17.066900 40.640701
vt 27.098900 34.897400
vt 27.093599 34.897400
vt 27.096300 34.877102
vt 35.281700 26.757000
vt 35.276402 26.757000
vt 35.279099 26.736601
vt 41.060299 16.794600
vt 41.055000 16.794600
vt 41.057701 16.774200
vt 44.407902 0.024812
vt 0.078740 0.004257
vt 44.407902 0.004257
vt 0.078740 0.024812
vt 44.407902 0.052892
vt 0.078740 0.032336
vt 44.407902 0.032336
vt 0.078740 0.052892
vt 44.407902 0.078066
vt 0.078740 0.057511
vt 44.407902 0.057511
vt 0.078740 0.078066
vt 43.817299 0.511811
vt 43.858101 0.517177
vt 43.896099 0.532909
vt 43.928699 0.557936
vt 43.953701 0.590551
vt 43.969398 0.628532
vt 43.974800 0.669291
vt 44.407902 42.010899
vt 44.028000 0.078740
vt 44.048500 42.010899
vt 44.028000 42.010899
vt 44.048500 0.078740
vt 44.028301 0.807743
vt 44.048500 0.828295
vt 44.028000 0.828295
vt 44.048199 0.807743
vt 44.029301 2.234400
vt 44.048199 2.254930
vt 44.028301 2.254930
vt 44.047100 2.234400
vt 44.030998 3.514040
vt 44.047100 3.534530
vt 44.029301 3.534530
vt 44.045502 3.514040
vt 44.048199 40.927898
vt 44.028000 40.907299
vt 44.048500 40.907299
vt 44.028301 40.927898
vt 44.047100 36.699902
vt 44.028301 36.679401
vt 44.048199 36.679401
vt 44.029301 36.699902
vt 44.045502 29.983801
vt 44.029301 29.963301
vt 44.047100 29.963301
vt 44.030998 29.983801
vt 44.407902 33.387699
vt 0.078740 33.367100
vt 44.407902 33.367100
vt 0.078740 33.387699
vt 0.078740 38.832901
vt 44.407902 38.853401
vt 0.078740 38.853401
vt 44.407902 38.832901
vt 0.078740 41.651501
vt 44.407902 41.672001
vt 0.078740 41.672001
vt 44.407902 41.651501
vt 0.669291 41.577801
vt 0.628532 41.572498
vt 0.590551 41.556702
vt 0.557936 41.531700
vt 0.532909 41.499100
vt 0.517177 41.461102
vt 0.511811 41.420300
vt 0.511811 0.669291
vt 0.517177 0.628532
vt 0.532909 0.590551
vt 0.557936 0.557936
vt 0.590551 0.532909
vt 0.628532 0.517177
vt 0.669291 0.511811
vt 43.817299 0.527988
vt 0.669291 0.507432
vt 43.817299 0.507432
vt 0.669291 0.527988
vt 43.817299 0.513262
vt 0.669291 0.492707
vt 43.817299 0.492707
vt 0.669291 0.513262
vt 43.817299 0.464259
vt 0.669291 0.443703
vt 43.817299 0.443703
vt 0.669291 0.464259
vt 43.817299 0.363762
vt 0.669291 0.384317
vt 0.669291 0.363762
vt 43.817299 0.384317
vt 43.208401 6.218820
vt 43.179600 6.233550
vt 43.182400 6.213180
vt 43.202400 6.238500
vt 39.157101 14.888900
vt 39.166100 14.919900
vt 39.146900 14.906800
vt 39.179001 14.903900
vt 42.032001 7.523910
vt 42.067001 7.519120
vt 42.055599 7.536240
vt 42.039600 7.504810
vt 43.593102 3.137420
vt 43.624802 3.121970
vt 43.619301 3.141790
vt 43.594398 3.116910
vt 43.751701 1.425250
vt 43.787601 1.409760
vt 43.782299 1.429610
vt 43.752201 1.404700
vt 43.810699 0.627089
vt 43.851501 0.611946
vt 43.846199 0.631801
vt 43.810699 0.606533
vt 43.839500 0.799877
vt 43.796200 0.803859
vt 43.801601 0.784027
vt 43.829201 0.817658
vt 43.785900 0.924520
vt 43.743000 0.917102
vt 43.753300 0.899356
vt 43.771301 0.939010
vt 43.711800 0.957662
vt 43.672298 0.939399
vt 43.686901 0.924942
vt 43.694000 0.967885
vt 43.642200 0.897439
vt 43.608799 0.869612
vt 43.626598 0.859409
vt 43.622398 0.902720
vt 43.598598 0.767812
vt 43.573399 0.732323
vt 43.593300 0.727047
vt 43.577999 0.767812
vt 43.598598 41.420300
vt 43.577999 0.669291
vt 43.598598 0.669291
vt 43.577999 41.420300
vt 43.593300 41.356400
vt 43.577999 41.315601
vt 43.598598 41.315601
vt 43.573399 41.351101
vt 43.642200 41.138802
vt 43.608799 41.166599
vt 43.622398 41.133499
vt 43.626598 41.176800
vt 43.969398 41.461102
vt 43.953701 41.499100
vt 43.974800 41.420300
vt 43.928699 41.531700
vt 43.896099 41.556702
vt 43.858101 41.572498
vt 43.817299 41.577801
vt 0.669291 41.201599
vt 43.817299 41.222099
vt 0.669291 41.222099
vt 43.817299 41.201599
vt 0.669291 38.372501
vt 43.817299 38.393002
vt 0.669291 38.393002
vt 43.817299 38.372501
vt 0.669291 32.927700
vt 43.817299 32.948200
vt 0.669291 32.948200
vt 43.817299 32.927700
vt 0.669291 25.258801
vt 43.817299 25.238199
vt 43.817299 25.258801
vt 0.669291 25.238199
vt 0.663552 25.579000
vt 0.643533 25.553699
vt 0.666310 25.558701
vt 0.637583 25.573400
vt 0.668220 33.030499
vt 0.636548 33.045898
vt 0.642005 33.026100
vt 0.666962 33.050999
vt 0.668873 38.394798
vt 0.633013 38.410301
vt 0.638349 38.390400
vt 0.668444 38.415298
vt 0.669237 41.203201
vt 0.628438 41.218300
vt 0.633758 41.198502
vt 0.669191 41.223701
vt 0.589790 41.251900
vt 0.633126 41.247898
vt 0.627722 41.267799
vt 0.600103 41.234100
vt 0.556122 41.309299
vt 0.599004 41.316700
vt 0.588631 41.334499
vt 0.570702 41.294800
vt 0.529977 41.370098
vt 0.569478 41.388401
vt 0.554865 41.402802
vt 0.547810 41.359901
vt 0.513329 41.411598
vt 0.546788 41.439499
vt 0.528944 41.449699
vt 0.533194 41.406399
vt 0.507432 41.415401
vt 0.532619 41.450901
vt 0.512753 41.456100
vt 0.527988 41.415401
vt 0.507432 0.669291
vt 0.527988 41.420300
vt 0.507432 41.420300
vt 0.527988 0.669291
vt 0.507432 0.668045
vt 0.532619 0.632555
vt 0.527988 0.668045
vt 0.512753 0.627280
vt 0.513329 0.624562
vt 0.546788 0.596735
vt 0.533194 0.629843
vt 0.528944 0.586533
vt 0.529977 0.584178
vt 0.569478 0.565915
vt 0.547810 0.594401
vt 0.554865 0.551458
vt 0.556122 0.550190
vt 0.599004 0.542772
vt 0.570702 0.564680
vt 0.588631 0.525026
vt 0.589790 0.525309
vt 0.633126 0.529291
vt 0.600103 0.543090
vt 0.627722 0.509459
vt 0.628438 0.511332
vt 0.669237 0.526475
vt 0.633758 0.531187
vt 0.669191 0.505920
vt 0.668873 0.499433
vt 0.633013 0.483937
vt 0.668444 0.478882
vt 0.638349 0.503788
vt 0.668220 0.424168
vt 0.636548 0.408714
vt 0.666962 0.403651
vt 0.642005 0.428532
vt 0.663552 0.277248
vt 0.643533 0.302570
vt 0.637583 0.282894
vt 0.666310 0.297617
vt 0.649774 0.079676
vt 0.635442 0.106370
vt 0.627750 0.087309
vt 0.655526 0.099410
vt 43.817299 0.258330
vt 0.669291 0.278886
vt 0.669291 0.258330
vt 43.817299 0.278886
vt 41.768902 12.445700
vt 41.741100 12.457800
vt 41.746899 12.438100
vt 41.761200 12.464800
vt 32.046600 25.870001
vt 32.046600 25.900299
vt 32.032200 25.884600
vt 32.062401 25.887199
vt 24.496901 27.103399
vt 24.488400 27.132401
vt 24.479000 27.113400
vt 24.507299 27.124201
vt 34.237598 17.767799
vt 34.237000 17.800100
vt 34.222500 17.781799
vt 34.254101 17.788700
vt 39.674400 9.597010
vt 39.709202 9.602330
vt 39.693401 9.615520
vt 39.687099 9.580860
vt 42.520000 3.850540
vt 42.558701 3.856150
vt 42.543701 3.870260
vt 42.531200 3.833270
vt 43.296299 2.987980
vt 43.335098 2.983000
vt 43.324501 3.000600
vt 43.302399 2.968350
vt 41.703999 3.828530
vt 41.668098 3.813140
vt 41.683300 3.799320
vt 41.685902 3.838300
vt 41.000500 2.961940
vt 40.969501 2.938110
vt 40.987701 2.928510
vt 40.980499 2.966910
vt 40.607601 1.514940
vt 40.583302 1.484330
vt 40.603199 1.479410
vt 40.587002 1.514940
vt 40.607601 41.420300
vt 40.587002 0.669291
vt 40.607601 0.669291
vt 40.587002 41.420300
vt 40.603199 40.556900
vt 40.587002 40.521400
vt 40.607601 40.521400
vt 40.583302 40.551998
vt 41.000500 38.667198
vt 40.969501 38.691002
vt 40.980499 38.662201
vt 40.987701 38.700600
vt 41.703999 37.085701
vt 41.668098 37.101101
vt 41.685902 37.075901
vt 41.683300 37.114899
vt 43.711800 40.996601
vt 43.672298 41.014900
vt 43.694000 40.986401
vt 43.686901 41.029301
vt 43.785900 40.935001
vt 43.743000 40.942402
vt 43.771301 40.920502
vt 43.753300 40.960098
vt 43.839500 40.977299
vt 43.796200 40.973400
vt 43.829201 40.959599
vt 43.801601 40.993198
vt 43.851501 41.117699
vt 43.810699 41.102600
vt 43.846199 41.097900
vt 43.810699 41.123100
vt 43.751701 37.468899
vt 43.787601 37.484402
vt 43.752201 37.489498
vt 43.782299 37.464600
vt 43.593102 30.317200
vt 43.624802 30.332701
vt 43.594398 30.337700
vt 43.619301 30.312799
vt 43.182400 19.643101
vt 43.202400 19.617800
vt 43.208401 19.637501
vt 43.179600 19.622700
vt 41.746899 4.339260
vt 41.761200 4.312570
vt 41.768902 4.331630
vt 41.741100 4.319530
vt 0.669291 15.848700
vt 43.817299 15.828100
vt 43.817299 15.848700
vt 0.669291 15.828100
vt 0.649774 16.697701
vt 0.635442 16.671000
vt 0.655526 16.677900
vt 0.627750 16.690001
vt 0.499584 21.904301
vt 0.499653 21.874001
vt 0.514020 21.889700
vt 0.483829 21.887100
vt 0.584732 28.336800
vt 0.575716 28.305799
vt 0.594954 28.318899
vt 0.562798 28.321800
vt 0.623022 34.334301
vt 0.588108 34.339100
vt 0.599480 34.321899
vt 0.615421 34.353401
vt 0.632377 38.843102
vt 0.593631 38.848099
vt 0.604249 38.830502
vt 0.626282 38.862801
vt 0.555349 39.570301
vt 0.594008 39.575901
vt 0.582867 39.593201
vt 0.570302 39.556198
vt 0.523444 40.370300
vt 0.559347 40.385700
vt 0.544125 40.399502
vt 0.541530 40.360500
vt 0.501814 41.030399
vt 0.532767 41.054199
vt 0.514591 41.063801
vt 0.521759 41.025398
vt 0.492707 41.377998
vt 0.516980 41.408600
vt 0.497023 41.413502
vt 0.513262 41.377998
vt 0.492707 0.669291
vt 0.513262 41.420300
vt 0.492707 41.420300
vt 0.513262 0.669291
vt 0.492707 0.658321
vt 0.516980 0.627713
vt 0.513262 0.658321
vt 0.497023 0.622791
vt 0.501814 0.598722
vt 0.532767 0.574891
vt 0.521759 0.603692
vt 0.514591 0.565290
vt 0.523444 0.543912
vt 0.559347 0.528516
vt 0.541530 0.553680
vt 0.544125 0.514702
vt 0.555349 0.502572
vt 0.594008 0.496961
vt 0.570302 0.516676
vt 0.582867 0.479687
vt 0.593631 0.481622
vt 0.632377 0.486596
vt 0.604249 0.499223
vt 0.626282 0.466965
vt 0.623022 0.380170
vt 0.588108 0.375378
vt 0.615421 0.361072
vt 0.599480 0.392501
vt 0.584732 0.189677
vt 0.575716 0.220672
vt 0.562798 0.204683
vt 0.594954 0.207511
vt 0.499584 -0.049120
vt 0.499653 -0.018822
vt 0.483829 -0.031941
vt 0.514020 -0.034487
vt 0.264494 -0.307978
vt 0.277876 -0.281894
vt 0.258154 -0.287689
vt 0.284006 -0.301514
vt 0.514528 -0.317092
vt 0.514528 -0.287776
vt 0.499626 -0.301934
vt 0.528938 -0.302434
vt 43.817299 0.134594
vt 0.669291 0.155149
vt 0.669291 0.134594
vt 43.817299 0.155149
vt 30.957199 30.623400
vt 30.927799 30.622900
vt 30.942301 30.608299
vt 30.942301 30.637600
vt 14.096700 38.264599
vt 14.083300 38.290699
vt 14.077200 38.271099
vt 14.103000 38.284901
vt 9.137680 34.114799
vt 9.120890 34.138802
vt 9.117470 34.118599
vt 9.141210 34.135799
vt 7.065160 26.626801
vt 7.046770 26.649599
vt 7.044740 26.629101
vt 7.067260 26.647900
vt 20.136900 22.455601
vt 20.123400 22.482700
vt 20.117500 22.462299
vt 20.143400 22.478001
vt 30.360300 15.878200
vt 30.352200 15.909500
vt 30.342400 15.888300
vt 30.371500 15.902300
vt 37.389500 9.118260
vt 37.421902 9.132200
vt 37.403301 9.140980
vt 37.405899 9.105840
vt 35.729698 6.607890
vt 35.701302 6.586970
vt 35.720100 6.578590
vt 35.709599 6.612230
vt 34.849899 2.804540
vt 34.826599 2.778110
vt 34.846699 2.773880
vt 34.829300 2.804540
vt 34.849899 41.420300
vt 34.829300 0.669291
vt 34.849899 0.669291
vt 34.829300 41.420300
vt 34.846699 39.181198
vt 34.829300 39.150600
vt 34.849899 39.150600
vt 34.826599 39.176998
vt 35.729698 34.310902
vt 35.701302 34.331902
vt 35.709599 34.306599
vt 35.720100 34.340199
vt 37.421902 29.926800
vt 37.389500 29.940701
vt 37.403301 29.917999
vt 37.405899 29.953100
vt 39.709202 27.192301
vt 39.674400 27.197599
vt 39.693401 27.179100
vt 39.687099 27.213699
vt 42.558701 36.216702
vt 42.520000 36.222301
vt 42.543701 36.202599
vt 42.531200 36.239601
vt 43.335098 36.346699
vt 43.296299 36.341702
vt 43.324501 36.329102
vt 43.302399 36.361401
vt 42.032001 27.190500
vt 42.067001 27.195299
vt 42.039600 27.209600
vt 42.055599 27.178200
vt 39.157101 13.637500
vt 39.166100 13.606500
vt 39.179001 13.622500
vt 39.146900 13.619700
vt 32.046600 -4.014820
vt 32.046600 -4.045120
vt 32.062401 -4.032000
vt 32.032200 -4.029450
vt 14.096700 -21.389601
vt 14.083300 -21.415701
vt 14.103000 -21.409901
vt 14.077200 -21.396099
vt 30.942301 -22.904200
vt 30.942301 -22.933500
vt 30.957199 -22.919399
vt 30.927799 -22.918900
vt 0.669291 5.359210
vt 43.817299 5.338650
vt 43.817299 5.359210
vt 0.669291 5.338650
vt 0.514528 8.021150
vt 0.514528 7.991830
vt 0.528938 8.006490
vt 0.499626 8.005990
vt 0.264494 17.183001
vt 0.277876 17.156900
vt 0.284006 17.176500
vt 0.258154 17.162701
vt 0.188844 26.088699
vt 0.205633 26.064699
vt 0.209052 26.084900
vt 0.185309 26.067699
vt 0.381968 28.552401
vt 0.390480 28.523300
vt 0.399911 28.542400
vt 0.371626 28.531500
vt 0.497244 32.420502
vt 0.497879 32.388199
vt 0.512318 32.406502
vt 0.480782 32.399601
vt 0.569239 36.404400
vt 0.534401 36.399101
vt 0.550166 36.385899
vt 0.556530 36.420601
vt 0.488710 38.599800
vt 0.521079 38.613800
vt 0.504705 38.626202
vt 0.507292 38.591099
vt 0.457765 40.371498
vt 0.486130 40.392399
vt 0.467363 40.400799
vt 0.477857 40.367199
vt 0.443703 41.314098
vt 0.467011 41.340500
vt 0.446896 41.344799
vt 0.464259 41.314098
vt 0.443703 0.669291
vt 0.464259 41.420300
vt 0.443703 41.420300
vt 0.464259 0.669291
vt 0.443703 0.641015
vt 0.467011 0.614582
vt 0.464259 0.641015
vt 0.446896 0.610348
vt 0.457765 0.547327
vt 0.486130 0.526413
vt 0.477857 0.551669
vt 0.467363 0.518026
vt 0.488710 0.459102
vt 0.521079 0.445169
vt 0.507292 0.467889
vt 0.504705 0.432743
vt 0.534401 0.395485
vt 0.569239 0.390169
vt 0.550166 0.408676
vt 0.556530 0.374014
vt 0.497244 0.218054
vt 0.497879 0.250328
vt 0.480782 0.238917
vt 0.512318 0.232029
vt 0.381968 0.038241
vt 0.390480 0.067318
vt 0.371626 0.059130
vt 0.399911 0.048269
vt 0.188844 -0.104216
vt 0.205633 -0.080183
vt 0.185309 -0.083256
vt 0.209052 -0.100452
vt 0.078740 -0.133823
vt 1.496060 -0.113268
vt 0.078740 -0.113268
vt 1.496060 -0.133823
vt 0.078740 -0.351940
vt 1.496060 -0.372496
vt 1.496060 -0.351940
vt 0.078740 -0.372496
vt 0.078740 -0.586483
vt 1.496060 -0.565928
vt 0.078740 -0.565928
vt 1.496060 -0.586483
vt 43.817299 0.078740
vt 0.669291 1.496060
vt 0.669291 0.078740
vt 43.817299 1.496060
vt -0.078740 43.540100
vt -1.496060 43.519501
vt -0.078740 43.519501
vt -1.496060 43.540100
vt -0.078740 40.748299
vt -1.496060 40.727798
vt -0.078740 40.727798
vt -1.496060 40.748299
vt -0.078740 35.180302
vt -1.496060 35.159801
vt -0.078740 35.159801
vt -1.496060 35.180302
vt -0.078740 27.195000
vt -1.496060 27.215599
vt -1.496060 27.195000
vt -0.078740 27.215599
vt -0.078740 17.376200
vt -1.496060 17.396799
vt -1.496060 17.376200
vt -0.078740 17.396799
vt 6.081740 17.074800
vt 6.062340 17.096800
vt 6.061240 17.076200
vt 6.082880 17.096001
vt 17.793400 14.788800
vt 17.776600 14.814000
vt 17.773300 14.793000
vt 17.797001 14.811800
vt 27.891500 10.916300
vt 27.877701 10.945400
vt 27.872000 10.922800
vt 27.898001 10.942000
vt 26.715900 4.260230
vt 26.697399 4.286720
vt 26.695601 4.263490
vt 26.718000 4.286720
vt 26.718000 0.669291
vt 26.697399 41.420300
vt 26.697399 0.669291
vt 26.718000 41.420300
vt 26.718000 37.575199
vt 26.695601 37.598400
vt 26.697399 37.575199
vt 26.715900 37.601700
vt 27.898001 29.148001
vt 27.872000 29.167200
vt 27.877701 29.144600
vt 27.891500 29.173700
vt 30.371500 20.917400
vt 30.342400 20.931400
vt 30.352200 20.910299
vt 30.360300 20.941500
vt 34.237598 14.870700
vt 34.237000 14.838400
vt 34.254101 14.849800
vt 34.222500 14.856700
vt 24.496901 1.487300
vt 24.488400 1.458220
vt 24.507299 1.466410
vt 24.479000 1.477270
vt 9.137680 -8.130310
vt 9.120890 -8.154340
vt 9.141210 -8.151270
vt 9.117470 -8.134080
vt -1.496060 -9.537240
vt -0.078740 -9.557790
vt -0.078740 -9.537240
vt -1.496060 -9.557790
vt 4.241180 -9.147220
vt 4.228780 -9.167670
vt 4.243310 -9.167670
vt 4.230910 -9.147220
vt 4.238700 -24.286900
vt 4.230910 -24.307301
vt 4.241180 -24.307301
vt 4.233380 -24.286900
vt 4.238700 -37.815800
vt 4.236040 -37.795399
vt 4.233380 -37.815800
vt -1.496060 -38.046299
vt -0.078740 -38.025700
vt -1.496060 -38.025700
vt -0.078740 -38.046299
vt -1.496060 -24.641300
vt -0.078740 -24.620800
vt -1.496060 -24.620800
vt -0.078740 -24.641300
vt -0.669291 0.078740
vt -43.817299 1.496060
vt -43.817299 0.078740
vt -0.669291 1.496060
vt 0.078740 6.059730
vt 1.496060 6.080280
vt 0.078740 6.080280
vt 1.496060 6.059730
vt 0.078740 16.458900
vt 1.496060 16.479500
vt 0.078740 16.479500
vt 1.496060 16.458900
vt 0.078740 25.735800
vt 1.496060 25.756399
vt 0.078740 25.756399
vt 1.496060 25.735800
vt 0.078740 33.278702
vt 1.496060 33.258099
vt 1.496060 33.278702
vt 0.078740 33.258099
vt 0.156894 33.427200
vt 0.175280 33.404301
vt 0.177311 33.424801
vt 0.154793 33.405998
vt 0.313613 34.573700
vt 0.327087 34.546600
vt 0.333035 34.567001
vt 0.307090 34.551300
vt 0.430057 36.498402
vt 0.438130 36.467098
vt 0.447952 36.488300
vt 0.418860 36.474300
vt 0.387207 39.633202
vt 0.401015 39.604000
vt 0.406685 39.626598
vt 0.380743 39.607399
vt 0.365874 41.268002
vt 0.384317 41.241600
vt 0.386169 41.264801
vt 0.363762 41.241600
vt 0.363762 0.669291
vt 0.384317 41.420300
vt 0.363762 41.420300
vt 0.384317 0.669291
vt 0.363762 0.620359
vt 0.386169 0.597124
vt 0.384317 0.620359
vt 0.365874 0.593867
vt 0.380743 0.482622
vt 0.406685 0.463414
vt 0.401015 0.486023
vt 0.387207 0.456845
vt 0.418860 0.345479
vt 0.447952 0.331492
vt 0.438130 0.352631
vt 0.430057 0.321377
vt 0.333035 0.214696
vt 0.307090 0.230342
vt 0.313613 0.207965
vt 0.327087 0.235102
vt 0.177311 0.131435
vt 0.154793 0.150207
vt 0.156894 0.129055
vt 0.175280 0.151889
vt 1.496060 0.113268
vt 0.078740 0.133823
vt 0.078740 0.113268
vt 1.496060 0.133823
vt 1.577890 0.238245
vt 1.561720 0.258735
vt 1.563360 0.238245
vt 1.579520 0.258735
vt 1.645580 0.494033
vt 1.629410 0.514523
vt 1.631040 0.494033
vt 1.647210 0.514523
vt 1.601610 0.751712
vt 1.585440 0.772203
vt 1.587080 0.751712
vt 1.603250 0.772203
vt 1.434460 0.993722
vt 1.450630 1.014210
vt 1.432830 1.014210
vt 1.449000 0.993722
vt 1.436590 1.015190
vt 1.449000 1.035630
vt 1.434460 1.035630
vt 1.446870 1.015190
vt 1.439070 0.966555
vt 1.446870 0.986961
vt 1.436590 0.986961
vt 1.444390 0.966555
vt 1.441730 0.850421
vt 1.444390 0.870804
vt 1.439070 0.870804
vt 1.190860 1.193990
vt 1.193520 1.214380
vt 1.188200 1.214380
vt 0.861501 1.481880
vt 0.856181 1.481880
vt 0.858841 1.461490
vt 0.863980 1.555750
vt 0.856181 1.535350
vt 0.861501 1.535350
vt 0.853702 1.555750
vt 0.866108 1.523120
vt 0.853702 1.502680
vt 0.863980 1.502680
vt 0.851573 1.523120
vt 0.867742 1.387440
vt 0.851573 1.366950
vt 0.866108 1.366950
vt 0.849940 1.387440
vt 0.868768 1.159190
vt 0.849940 1.138660
vt 0.867742 1.138660
vt 0.848913 1.159190
vt 0.869119 0.854435
vt 0.848913 0.833883
vt 0.868768 0.833883
vt 0.848563 0.854435
vt 0.869119 41.420300
vt 0.848563 0.669291
vt 0.869119 0.669291
vt 0.848563 41.420300
vt 0.868768 40.901699
vt 0.848563 40.881199
vt 0.869119 40.881199
vt 0.848913 40.901699
vt 0.867742 37.795700
vt 0.848913 37.775200
vt 0.868768 37.775200
vt 0.849940 37.795700
vt 0.866108 32.130901
vt 0.849940 32.110401
vt 0.867742 32.110401
vt 0.851573 32.130901
vt 0.866108 24.237900
vt 0.853702 24.258400
vt 0.851573 24.237900
vt 0.863980 24.258400
vt 43.817299 24.017900
vt 0.669291 24.038500
vt 0.669291 24.017900
vt 43.817299 24.038500
vt 43.254501 19.645901
vt 43.242001 19.666300
vt 43.239899 19.645901
vt 43.252300 19.666300
vt 39.902100 10.988200
vt 39.914501 11.008700
vt 39.904301 11.008700
vt 39.916698 10.988200
vt 39.900501 21.966101
vt 39.916698 21.986601
vt 39.902100 21.986601
vt 39.918301 21.966101
vt 39.899502 31.410400
vt 39.918301 31.430901
vt 39.900501 31.430901
vt 39.919300 31.410400
vt 39.899101 38.712700
vt 39.919300 38.733200
vt 39.899502 38.733200
vt 39.919701 38.712700
vt 39.899101 0.669291
vt 39.919701 41.420300
vt 39.899101 41.420300
vt 39.919701 0.669291
vt 39.899502 3.002380
vt 39.919701 3.022930
vt 39.899101 3.022930
vt 39.919300 3.002380
vt 39.900501 7.503400
vt 39.919300 7.523930
vt 39.899502 7.523930
vt 39.918301 7.503400
vt 39.902100 11.511200
vt 39.918301 11.531700
vt 39.900501 11.531700
vt 39.916698 11.511200
vt 39.902100 14.772800
vt 39.914501 14.752400
vt 39.916698 14.772800
vt 39.904301 14.752400
vt 43.239899 6.115140
vt 43.252300 6.094690
vt 43.254501 6.115140
vt 43.242001 6.094690
vt 0.669291 1.604620
vt 43.817299 1.584070
vt 43.817299 1.604620
vt 0.669291 1.584070
vt 0.669291 1.648590
vt 43.817299 1.628030
vt 43.817299 1.648590
vt 0.669291 1.628030
vt 0.669291 1.580900
vt 43.817299 1.560350
vt 43.817299 1.580900
vt 0.669291 1.560350
vt 43.249802 7.238020
vt 43.244499 7.238020
vt 43.247200 7.217640
vt 43.249802 6.893210
vt 43.242001 6.913620
vt 43.244499 6.893210
vt 43.252300 6.913620
vt 39.912102 16.994801
vt 39.904301 17.015200
vt 39.906700 16.994801
vt 39.914501 17.015200
vt 33.854500 25.955099
vt 33.846699 25.975500
vt 33.849201 25.955099
vt 33.856998 25.975500
vt 25.490000 33.163502
vt 25.482300 33.183899
vt 25.484699 33.163502
vt 25.492500 33.183899
vt 15.388600 38.128601
vt 15.380800 38.149101
vt 15.383300 38.128601
vt 15.391100 38.149101
vt 4.238700 40.512299
vt 4.230910 40.532700
vt 4.233380 40.512299
vt 4.241180 40.532700
vt 4.241180 34.908298
vt 4.228780 34.928699
vt 4.230910 34.908298
vt 4.243310 34.928699
vt 4.243310 26.943001
vt 4.227140 26.963499
vt 4.228780 26.943001
vt 4.244950 26.963499
vt 4.244950 17.185600
vt 4.226120 17.206200
vt 4.227140 17.185600
vt 4.245970 17.206200
vt 4.245970 6.301170
vt 4.225770 6.321720
vt 4.226120 6.301170
vt 4.246320 6.321720
vt -0.078740 6.372600
vt -1.496060 6.393150
vt -1.496060 6.372600
vt -0.078740 6.393150
vt 5.671710 6.276530
vt 5.651520 6.297780
vt 5.651170 6.277230
vt 5.672070 6.297780
vt 16.764799 5.540730
vt 16.745399 5.564010
vt 16.744301 5.542780
vt 16.766001 5.564010
vt 16.766001 0.669291
vt 16.745399 41.420300
vt 16.745399 0.669291
vt 16.766001 41.420300
vt 16.766001 36.217701
vt 16.744301 36.238899
vt 16.745399 36.217701
vt 16.764799 36.241001
vt 17.797001 24.552401
vt 17.773300 24.571199
vt 17.776600 24.550200
vt 17.793400 24.575399
vt 20.143400 12.303700
vt 20.117500 12.319400
vt 20.123400 12.299000
vt 20.136900 12.326100
vt 7.044740 6.927070
vt 7.067260 6.908300
vt 7.065160 6.929450
vt 7.046770 6.906620
vt -1.496060 6.196950
vt -0.078740 6.176390
vt -0.078740 6.196950
vt -1.496060 6.176390
vt 4.228780 6.554840
vt 4.244950 6.534350
vt 4.243310 6.554840
vt 4.227140 6.534350
vt 15.378700 8.118940
vt 15.394900 8.098450
vt 15.393200 8.118940
vt 15.377100 8.098450
vt 25.480101 11.377000
vt 25.496300 11.356500
vt 25.494699 11.377000
vt 25.478500 11.356500
vt 33.859100 16.107000
vt 33.842999 16.086500
vt 33.860802 16.086500
vt 33.844601 16.107000
vt 33.856998 3.329130
vt 33.844601 3.308690
vt 33.859100 3.308690
vt 33.846699 3.329130
vt 33.854500 -9.729710
vt 33.846699 -9.750120
vt 33.856998 -9.750120
vt 33.849201 -9.729710
vt 33.854500 -22.176500
vt 33.851898 -22.156099
vt 33.849201 -22.176500
vt 25.490000 -29.920700
vt 25.487400 -29.900299
vt 25.484699 -29.920700
vt 15.388600 -35.254902
vt 15.386000 -35.234600
vt 15.383300 -35.254902
vt 15.380800 -21.923599
vt 15.388600 -21.903200
vt 15.383300 -21.903200
vt 15.391100 -21.923599
vt 15.378700 -7.124760
vt 15.391100 -7.104310
vt 15.380800 -7.104310
vt 15.393200 -7.124760
vt 25.492500 -2.848860
vt 25.480101 -2.869310
vt 25.494699 -2.869310
vt 25.482300 -2.848860
vt 25.490000 -16.938101
vt 25.482300 -16.958500
vt 25.492500 -16.958500
vt 25.484699 -16.938101
vt 39.912102 -12.550100
vt 39.909401 -12.529800
vt 39.906700 -12.550100
vt 43.249802 -1.697630
vt 43.247200 -1.677250
vt 43.244499 -1.697630
vt 0.669291 3.933450
vt 43.817299 3.912900
vt 43.817299 3.933450
vt 0.669291 3.912900
vt 0.858841 4.078890
vt 0.856181 4.058510
vt 0.861501 4.058510
vt 1.190860 4.346390
vt 1.188200 4.326010
vt 1.193520 4.326010
vt 1.441730 4.689970
vt 1.439070 4.669580
vt 1.444390 4.669580
vt 1.594350 5.086190
vt 1.591690 5.065810
vt 1.597010 5.065810
vt 1.638310 5.508080
vt 1.635650 5.487700
vt 1.640970 5.487700
vt 1.570620 5.926870
vt 1.567960 5.906480
vt 1.573280 5.906480
vt 1.567960 16.410200
vt 1.575760 16.389799
vt 1.573280 16.410200
vt 1.565490 16.389799
vt 1.565490 25.732599
vt 1.577890 25.712200
vt 1.575760 25.732599
vt 1.563360 25.712200
vt 1.563360 33.259602
vt 1.579520 33.239101
vt 1.577890 33.259602
vt 1.561720 33.239101
vt 1.561720 38.503899
vt 1.580550 38.483299
vt 1.579520 38.503899
vt 1.560700 38.483299
vt 0.078740 38.533798
vt 1.496060 38.513302
vt 1.496060 38.533798
vt 0.078740 38.513302
vt 0.141551 38.581902
vt 0.160954 38.559898
vt 0.162055 38.580502
vt 0.140413 38.560699
vt 0.276423 38.965801
vt 0.293240 38.940601
vt 0.296544 38.961601
vt 0.272800 38.942799
vt 0.259495 41.203499
vt 0.278886 41.180199
vt 0.279947 41.201401
vt 0.258330 41.180199
vt 0.258330 0.669291
vt 0.278886 41.420300
vt 0.258330 41.420300
vt 0.278886 0.669291
vt 0.258330 0.601515
vt 0.279947 0.580285
vt 0.278886 0.601515
vt 0.259495 0.578234
vt 0.272800 0.421399
vt 0.296544 0.402578
vt 0.293240 0.423575
vt 0.276423 0.398373
vt 0.162055 0.361134
vt 0.140413 0.380909
vt 0.141551 0.359684
vt 0.160954 0.381659
vt 1.496060 0.351940
vt 0.078740 0.372496
vt 0.078740 0.351940
vt 1.496060 0.372496
vt 1.579520 0.430486
vt 1.560700 0.451016
vt 1.561720 0.430486
vt 1.580550 0.451016
vt 1.647210 0.590973
vt 1.628380 0.611503
vt 1.629410 0.590973
vt 1.648240 0.611503
vt 1.603250 0.752647
vt 1.584420 0.773176
vt 1.585440 0.752647
vt 1.604270 0.773176
vt 1.432830 0.904489
vt 1.451660 0.925019
vt 1.431800 0.925019
vt 1.450630 0.904489
vt 1.181960 1.036150
vt 1.200790 1.056680
vt 1.180940 1.056680
vt 1.199760 1.036150
vt 1.183600 1.203570
vt 1.199760 1.224060
vt 1.181960 1.224060
vt 1.198130 1.203570
vt 1.185720 1.289280
vt 1.198130 1.309720
vt 1.183600 1.309720
vt 1.196000 1.289280
vt 1.188200 1.286350
vt 1.196000 1.306760
vt 1.185720 1.306760
vt 1.193520 1.286350
vt 1.201140 0.819509
vt 1.180940 0.798957
vt 1.200790 0.798957
vt 1.180590 0.819509
vt 1.201140 41.420300
vt 1.180590 0.669291
vt 1.201140 0.669291
vt 1.180590 41.420300
vt 1.200790 40.936600
vt 1.180590 40.916100
vt 1.201140 40.916100
vt 1.180940 40.936600
vt 1.199760 37.898201
vt 1.180940 37.877701
vt 1.200790 37.877701
vt 1.181960 37.898201
vt 1.198130 32.294300
vt 1.181960 32.273800
vt 1.199760 32.273800
vt 1.183600 32.294300
vt 1.198130 24.451300
vt 1.185720 24.471800
vt 1.183600 24.451300
vt 1.196000 24.471800
vt 1.196000 14.918700
vt 1.188200 14.939100
vt 1.185720 14.918700
vt 1.193520 14.939100
vt 0.863980 14.669700
vt 0.856181 14.690100
vt 0.853702 14.669700
vt 0.861501 14.690100
vt 43.817299 14.458400
vt 0.669291 14.479000
vt 0.669291 14.458400
vt 43.817299 14.479000
vt 43.252300 9.311790
vt 43.244499 9.332200
vt 43.242001 9.311790
vt 43.249802 9.332200
vt 39.904301 -0.789818
vt 39.912102 -0.769413
vt 39.906700 -0.769413
vt 39.914501 -0.789818
vt 1.439070 15.258900
vt 1.446870 15.238500
vt 1.444390 15.258900
vt 1.436590 15.238500
vt 1.591690 15.627700
vt 1.599480 15.607300
vt 1.597010 15.627700
vt 1.589210 15.607300
vt 1.635650 16.020399
vt 1.643450 16.000000
vt 1.640970 16.020399
vt 1.633170 16.000000
vt 1.633170 25.398500
vt 1.645580 25.378099
vt 1.643450 25.398500
vt 1.631040 25.378099
vt 1.629410 32.983299
vt 1.645580 33.003799
vt 1.631040 33.003799
vt 1.647210 32.983299
vt 1.628380 38.322800
vt 1.647210 38.343399
vt 1.629410 38.343399
vt 1.648240 38.322800
vt 1.628030 41.067799
vt 1.648240 41.088299
vt 1.628380 41.088299
vt 1.648590 41.067799
vt 1.628030 41.420300
vt 1.648590 0.669291
vt 1.648590 41.420300
vt 1.628030 0.669291
vt 1.560350 41.420300
vt 1.580900 0.669291
vt 1.580900 41.420300
vt 1.560350 0.669291
vt 1.496060 41.420300
vt 0.078740 0.669291
vt 1.496060 0.669291
vt 0.078740 41.420300
vt 1.496060 41.143101
vt 0.078740 41.163601
vt 0.078740 41.143101
vt 1.496060 41.163601
vt 1.580900 41.122398
vt 1.560700 41.143002
vt 1.560350 41.122398
vt 1.580550 41.143002
vt 0.134956 41.167599
vt 0.155149 41.146400
vt 0.155499 41.166901
vt 0.134594 41.146400
vt 0.134594 0.669291
vt 0.155149 41.420300
vt 0.134594 41.420300
vt 0.155149 0.669291
vt 0.134594 0.589212
vt 0.155499 0.568660
vt 0.155149 0.589212
vt 0.134956 0.567959
vt 1.496060 0.565928
vt 0.078740 0.586483
vt 0.078740 0.565928
vt 1.496060 0.586483
vt 1.580550 0.592603
vt 1.560350 0.613156
vt 1.560700 0.592603
vt 1.580900 0.613156
vt 1.648240 0.647282
vt 1.628030 0.667835
vt 1.628380 0.647282
vt 1.648590 0.667835
vt 1.604270 0.702365
vt 1.584070 0.722918
vt 1.584420 0.702365
vt 1.604620 0.722918
vt 1.431800 0.754099
vt 1.452010 0.774651
vt 1.431450 0.774651
vt 1.451660 0.754099
vt 1.452010 41.420300
vt 1.431450 0.669291
vt 1.452010 0.669291
vt 1.431450 41.420300
vt 1.451660 40.981499
vt 1.431450 40.960999
vt 1.452010 40.960999
vt 1.431800 40.981499
vt 1.450630 38.029900
vt 1.431800 38.009300
vt 1.451660 38.009300
vt 1.432830 38.029900
vt 1.449000 32.504101
vt 1.432830 32.483700
vt 1.450630 32.483700
vt 1.434460 32.504101
vt 1.449000 24.725401
vt 1.436590 24.745800
vt 1.434460 24.725401
vt 1.446870 24.745800
vt 1.589210 25.061899
vt 1.601610 25.041500
vt 1.599480 25.061899
vt 1.587080 25.041500
vt 1.585440 32.725700
vt 1.601610 32.746201
vt 1.587080 32.746201
vt 1.603250 32.725700
vt 1.584420 38.161201
vt 1.603250 38.181702
vt 1.585440 38.181702
vt 1.604270 38.161201
vt 1.584070 41.012699
vt 1.604270 41.033199
vt 1.584420 41.033199
vt 1.604620 41.012699
vt 1.584070 41.420300
vt 1.604620 0.669291
vt 1.604620 41.420300
vt 1.584070 0.669291
vt 33.841900 27.721399
vt 33.860802 27.741899
vt 33.842999 27.741899
vt 33.861801 27.721399
vt 33.841599 37.455799
vt 33.861801 37.476398
vt 33.841900 37.476398
vt 33.862202 37.455799
vt 33.841599 0.669291
vt 33.862202 41.420300
vt 33.841599 41.420300
vt 33.862202 0.669291
vt 33.841900 4.259240
vt 33.862202 4.279790
vt 33.841599 4.279790
vt 33.861801 4.259240
vt 33.842999 11.192400
vt 33.861801 11.212900
vt 33.841900 11.212900
vt 33.860802 11.192400
vt 33.844601 17.390800
vt 33.860802 17.411301
vt 33.842999 17.411301
vt 33.859100 17.390800
vt 33.844601 22.452299
vt 33.856998 22.431900
vt 33.859100 22.452299
vt 33.846699 22.431900
vt 25.492500 28.609900
vt 25.480101 28.630301
vt 25.482300 28.609900
vt 25.494699 28.630301
vt 15.391100 32.865398
vt 15.378700 32.885799
vt 15.380800 32.865398
vt 15.393200 32.885799
vt 15.394900 25.399401
vt 15.378700 25.378901
vt 15.393200 25.378901
vt 15.377100 25.399401
vt 15.395900 16.224800
vt 15.377100 16.204300
vt 15.394900 16.204300
vt 15.376100 16.224800
vt 15.396300 5.987370
vt 15.376100 5.966820
vt 15.395900 5.966820
vt 15.375700 5.987370
vt 15.396300 0.669291
vt 15.375700 41.420300
vt 15.375700 0.669291
vt 15.396300 41.420300
vt 4.246320 0.669291
vt 4.225770 41.420300
vt 4.225770 0.669291
vt 4.246320 41.420300
vt -0.078740 0.669291
vt -1.496060 41.420300
vt -1.496060 0.669291
vt -0.078740 41.420300
vt 5.672070 0.669291
vt 5.651520 41.420300
vt 5.651520 0.669291
vt 5.672070 41.420300
vt 5.672070 35.437801
vt 5.651170 35.458401
vt 5.651520 35.437801
vt 5.671710 35.459099
vt 6.082880 21.845600
vt 6.061240 21.865400
vt 6.062340 21.844801
vt 6.081740 21.866800
vt -1.496060 21.509501
vt -0.078740 21.489000
vt -0.078740 21.509501
vt -1.496060 21.489000
vt 4.227140 21.748699
vt 4.245970 21.728201
vt 4.244950 21.748699
vt 4.226120 21.728201
vt 15.377100 22.730101
vt 15.395900 22.709499
vt 15.394900 22.730101
vt 15.376100 22.709499
vt 25.478500 24.774200
vt 25.497299 24.753700
vt 25.496300 24.774200
vt 25.477501 24.753700
vt 25.477501 36.465199
vt 25.497700 36.444698
vt 25.497299 36.465199
vt 25.477100 36.444698
vt 25.477100 41.420300
vt 25.497700 0.669291
vt 25.497700 41.420300
vt 25.477100 0.669291
vt 25.477501 5.270360
vt 25.497700 5.290910
vt 25.477100 5.290910
vt 25.497299 5.270360
vt 25.478500 14.160100
vt 25.497299 14.180600
vt 25.477501 14.180600
vt 25.496300 14.160100
vt 25.480101 22.120899
vt 25.496300 22.141300
vt 25.478500 22.141300
vt 25.494699 22.120899
vt 15.396300 35.748199
vt 15.376100 35.768799
vt 15.375700 35.748199
vt 15.395900 35.768799
vt 4.246320 35.413898
vt 4.226120 35.434399
vt 4.225770 35.413898
vt 4.245970 35.434399
vt -0.078740 35.336399
vt -1.496060 35.356998
vt -1.496060 35.336399
vt -0.078740 35.356998
vt 4.238700 43.356098
vt 4.233380 43.356098
vt 4.236040 43.335800
vt 15.388600 40.795300
vt 15.383300 40.795300
vt 15.386000 40.774899
vt 25.490000 35.461102
vt 25.484699 35.461102
vt 25.487400 35.440701
vt 33.854500 27.716900
vt 33.849201 27.716900
vt 33.851898 27.696501
vt 39.912102 18.090500
vt 39.906700 18.090500
vt 39.909401 18.070101
vt 43.817299 1.452010
vt 0.669291 1.431450
vt 43.817299 1.431450
vt 0.669291 1.452010
vt 43.817299 1.201140
vt 0.669291 1.180590
vt 43.817299 1.180590
vt 0.669291 1.201140
vt 43.817299 0.869119
vt 0.669291 0.848563
vt 43.817299 0.848563
vt 0.669291 0.869119
vt 43.817299 41.420300
vt 0.669291 0.669291
vt 43.817299 0.669291
vt 0.669291 41.420300
vt 43.817299 40.881001
vt 0.669291 40.860401
vt 43.817299 40.860401
vt 0.669291 40.881001
vt 43.817299 37.705200
vt 0.669291 37.684601
vt 43.817299 37.684601
vt 0.669291 37.705200
vt 43.817299 31.960501
vt 0.669291 31.939899
vt 43.817299 31.939899
vt 0.669291 31.960501
vt 43.238300 28.594700
vt 43.254501 28.615200
vt 43.239899 28.615200
vt 43.256100 28.594700
vt 43.237301 35.569302
vt 43.256100 35.589802
vt 43.238300 35.589802
vt 43.257099 35.569302
vt 43.236900 40.129601
vt 43.257099 40.150200
vt 43.237301 40.150200
vt 43.257500 40.129601
vt 43.236900 0.669291
vt 43.257500 41.420300
vt 43.236900 41.420300
vt 43.257500 0.669291
vt 43.237301 1.585430
vt 43.257500 1.605980
vt 43.236900 1.605980
vt 43.257099 1.585430
vt 43.238300 3.344520
vt 43.257099 3.365050
vt 43.237301 3.365050
vt 43.256100 3.344520
vt 43.239899 4.882700
vt 43.256100 4.903200
vt 43.238300 4.903200
vt 43.254501 4.882700
vt 1.594350 0.454193
vt 1.597010 0.474575
vt 1.591690 0.474575
vt 1.599480 0.618147
vt 1.591690 0.597742
vt 1.597010 0.597742
vt 1.589210 0.618147
vt 1.601610 0.719539
vt 1.589210 0.699094
vt 1.599480 0.699094
vt 1.587080 0.719539
vt 1.645580 0.382978
vt 1.633170 0.362533
vt 1.643450 0.362533
vt 1.631040 0.382978
vt 1.577890 0.048886
vt 1.565490 0.028441
vt 1.575760 0.028441
vt 1.563360 0.048886
vt 1.567960 -0.184762
vt 1.575760 -0.164357
vt 1.565490 -0.164357
vt 1.573280 -0.184762
vt 1.570620 -0.386479
vt 1.573280 -0.366097
vt 1.567960 -0.366097
vt 1.638310 0.032309
vt 1.640970 0.052691
vt 1.635650 0.052691
vt 1.643450 0.225454
vt 1.635650 0.205049
vt 1.640970 0.205049
vt 1.633170 0.225454
vt -1.385870 24.958099
vt -1.398280 24.937700
vt -1.383750 24.937700
vt -1.396150 24.958099
vt -1.388350 15.312400
vt -1.396150 15.292000
vt -1.385870 15.292000
vt -1.393670 15.312400
vt -1.391010 4.580700
vt -1.393670 4.560320
vt -1.388350 4.560320
vt -1.594180 4.970290
vt -1.596840 4.949910
vt -1.591520 4.949910
vt -1.599320 15.654700
vt -1.591520 15.675100
vt -1.596840 15.675100
vt -1.589040 15.654700
vt -1.601450 25.248501
vt -1.589040 25.268900
vt -1.599320 25.268900
vt -1.586910 25.248501
vt -1.695980 25.590300
vt -1.683570 25.610701
vt -1.693850 25.610701
vt -1.681440 25.590300
vt -1.686050 16.073900
vt -1.693850 16.053499
vt -1.683570 16.053499
vt -1.691370 16.073900
vt -1.688710 5.398730
vt -1.691370 5.378340
vt -1.686050 5.378340
vt -4.120620 -38.343899
vt -4.115300 -38.343899
vt -4.117960 -38.323502
vt -25.695900 28.713699
vt -25.683500 28.734200
vt -25.698000 28.734200
vt -25.685600 28.713699
vt -25.693399 33.478699
vt -25.685600 33.499100
vt -25.695900 33.499100
vt -25.688101 33.478699
vt -25.693399 35.966599
vt -25.690701 35.946201
vt -25.688101 35.966599
vt -15.432800 41.333099
vt -15.430100 41.312698
vt -15.427400 41.333099
vt -4.120620 43.884300
vt -4.117960 43.863899
vt -4.115300 43.884300
vt -4.112820 40.868999
vt -4.120620 40.848598
vt -4.115300 40.848598
vt -4.123100 40.868999
vt -4.110690 35.050598
vt -4.123100 35.030201
vt -4.112820 35.030201
vt -4.125230 35.050598
vt -15.435200 32.994900
vt -15.422800 33.015400
vt -15.437400 33.015400
vt -15.425000 32.994900
vt -15.432800 38.473900
vt -15.425000 38.494301
vt -15.435200 38.494301
vt -15.427400 38.473900
vt -34.203201 28.150299
vt -34.200600 28.129999
vt -34.197899 28.150299
vt -40.382301 18.417101
vt -40.379700 18.396700
vt -40.376999 18.417101
vt -43.809601 7.430160
vt -43.806999 7.409780
vt -43.804298 7.430160
vt -0.078740 1.678430
vt -44.407902 1.698990
vt -44.407902 1.678430
vt -0.078740 1.698990
vt -0.299036 1.653640
vt -0.296376 1.674020
vt -0.301696 1.674020
vt -0.720596 1.520570
vt -0.717936 1.540950
vt -0.723256 1.540950
vt -43.815899 28.899799
vt -43.799702 28.920300
vt -43.814301 28.920300
vt -43.798100 28.899799
vt -43.816898 36.012199
vt -43.798100 36.032700
vt -43.815899 36.032700
vt -43.797100 36.012199
vt -43.817299 40.680000
vt -43.797100 40.700500
vt -43.816898 40.700500
vt -43.796700 40.680000
vt -43.796700 42.010899
vt -43.817299 42.010899
vt -43.796700 0.078740
vt -43.816898 1.035080
vt -43.796700 1.055640
vt -43.817299 1.055640
vt -43.797100 1.035080
vt -43.815899 2.901660
vt -43.797100 2.922190
vt -43.816898 2.922190
vt -43.798100 2.901660
vt -43.814301 4.577540
vt -43.798100 4.598030
vt -43.815899 4.598030
vt -43.799702 4.577540
vt -44.407902 1.082770
vt -0.078740 1.103330
vt -44.407902 1.103330
vt -0.078740 1.082770
vt -0.078740 0.730874
vt -44.407902 0.710319
vt -0.078740 0.710319
vt -44.407902 0.730874
vt -0.078740 0.309314
vt -44.407902 0.288758
vt -0.078740 0.288758
vt -44.407902 0.309314
vt 0.000000 40.908501
vt -43.305500 -0.000000
vt 0.000000 -0.000000
vt -43.305500 40.908501
vt 0.000000 0.000000
vt 43.305500 -1.377950
vt 43.305500 0.000000
vt 0.000000 -1.377950
vt 1.377950 0.000000
vt 1.377950 40.908501
vt -0.000000 0.000000
vt -43.305500 0.000000
vt -43.305500 -1.377950
vt -1.377950 0.000000
vt 0.000000 0.000000
vt -1.377950 40.908501
vt 1.000000 1.000000
vt 0.000000 0.000000
vt 1.000000 0.000000
vt 0.000000 1.000000
s 1
usemtl Color_M08
f 1/1/1 2/2/1 3/3/1
f 2/2/1 1/1/1 4/4/1
f 5/5/2 4/6/3 1/7/4
f 4/6/3 5/5/2 6/8/5
f 7/9/6 6/10/5 5/11/2
f 6/10/5 7/9/6 8/12/7
f 9/13/8 8/14/7 7/15/6
f 8/14/7 9/13/8 10/16/9
f 9/17/8 11/18/10 10/19/9
f 11/18/10 9/17/8 12/20/11
f 9/21/8 13/22/12 12/23/11
f 13/22/12 9/21/8 14/24/13
f 7/25/6 14/26/13 9/27/8
f 14/26/13 7/25/6 15/28/14
f 5/29/2 15/30/14 7/31/6
f 15/30/14 5/29/2 16/32/15
f 1/33/4 16/34/15 5/35/2
f 16/34/15 1/33/4 17/36/16
f 3/37/17 17/38/16 1/39/4
f 17/38/16 3/37/17 18/40/18
f 19/41/19 18/42/18 3/43/17
f 18/42/18 19/41/19 20/44/20
f 21/45/21 20/46/20 19/47/19
f 20/46/20 21/45/21 22/48/22
f 23/49/23 22/50/22 21/51/21
f 22/50/22 23/49/23 24/52/24
f 23/53/23 25/54/25 24/55/24
f 25/54/25 23/53/23 26/56/26
f 27/57/27 26/58/26 23/59/23
f 26/58/26 27/57/27 28/60/28
f 29/61/29 28/62/28 27/63/27
f 28/62/28 29/61/29 30/64/30
f 29/65/29 31/66/31 30/67/30
f 31/66/31 29/65/29 32/68/32
f 33/69/33 32/70/32 29/71/29
f 32/70/32 33/69/33 34/72/34
f 35/73/35 34/74/34 33/75/33
f 34/74/34 35/73/35 36/76/36
f 37/77/37 36/78/36 35/79/35
f 36/78/36 37/77/37 38/80/38
f 39/81/39 38/82/38 37/83/37
f 38/82/38 39/81/39 40/84/40
f 41/85/41 40/86/40 39/87/39
f 40/86/40 41/85/41 42/88/42
f 43/89/43 42/90/42 41/91/41
f 42/90/42 43/89/43 44/92/44
f 45/93/45 44/94/44 43/95/43
f 44/94/44 45/93/45 46/96/46
f 45/97/45 47/98/47 46/99/46
f 47/98/47 45/97/45 48/100/48
f 10/101/9 48/102/48 45/103/45
f 48/102/48 10/101/9 11/104/10
f 11/105/10 49/106/49 48/107/48
f 49/106/49 11/105/10 50/108/50
f 12/109/11 50/110/50 11/111/10
f 50/110/50 12/109/11 51/112/51
f 12/113/11 52/114/52 51/115/51
f 52/114/52 12/113/11 13/116/12
f 13/117/12 53/118/53 52/119/52
f 53/118/53 13/117/12 54/120/54
f 14/121/13 54/122/54 13/123/12
f 54/122/54 14/121/13 55/124/55
f 15/125/14 55/126/55 14/127/13
f 55/126/55 15/125/14 56/128/56
f 16/129/15 56/130/56 15/131/14
f 56/130/56 16/129/15 57/132/57
f 17/133/16 57/134/57 16/135/15
f 57/134/57 17/133/16 58/136/58
f 18/137/18 58/138/58 17/139/16
f 58/138/58 18/137/18 59/140/59
f 20/141/20 59/142/59 18/143/18
f 59/142/59 20/141/20 60/144/60
f 22/145/22 60/146/60 20/147/20
f 60/146/60 22/145/22 61/148/61
f 24/149/24 61/150/61 22/151/22
f 61/150/61 24/149/24 62/152/62
f 24/153/24 63/154/63 62/155/62
f 63/154/63 24/153/24 25/156/25
f 25/157/25 64/158/64 63/159/63
f 64/158/64 25/157/25 65/160/65
f 26/161/26 65/162/65 25/163/25
f 65/162/65 26/161/26 66/164/66
f 28/165/28 66/166/66 26/167/26
f 66/166/66 28/165/28 67/168/67
f 30/169/30 67/170/67 28/171/28
f 67/170/67 30/169/30 68/172/68
f 30/173/30 69/174/69 68/175/68
f 69/174/69 30/173/30 31/176/31
f 31/177/31 70/178/70 69/179/69
f 70/178/70 31/177/31 71/180/71
f 32/181/32 71/182/71 31/183/31
f 71/182/71 32/181/32 72/184/72
f 34/185/34 72/186/72 32/187/32
f 72/186/72 34/185/34 73/188/73
f 36/189/36 73/190/73 34/191/34
f 73/190/73 36/189/36 74/192/74
f 38/193/38 74/194/74 36/195/36
f 74/194/74 38/193/38 75/196/75
f 40/197/40 75/198/75 38/199/38
f 75/198/75 40/197/40 76/200/76
f 42/201/42 76/202/76 40/203/40
f 76/202/76 42/201/42 77/204/77
f 44/205/44 77/206/77 42/207/42
f 77/206/77 44/205/44 78/208/78
f 46/209/46 78/210/78 44/211/44
f 78/210/78 46/209/46 79/212/79
f 46/213/46 80/214/80 79/215/79
f 80/214/80 46/213/46 47/216/47
f 47/217/47 81/218/81 80/219/80
f 81/218/81 47/217/47 82/220/82
f 48/221/48 82/222/82 47/223/47
f 82/222/82 48/221/48 49/224/49
f 82/225/82 49/226/49 83/227/83
f 49/228/49 50/229/50 83/230/83
f 51/231/51 83/232/83 50/233/50
f 83/232/83 51/231/51 84/234/84
f 51/235/51 52/236/52 84/237/84
f 84/238/84 52/239/52 53/240/53
f 84/241/84 53/242/53 85/243/85
f 54/244/54 85/245/85 53/246/53
f 85/245/85 54/244/54 86/247/86
f 55/248/55 86/249/86 54/250/54
f 86/249/86 55/248/55 87/251/87
f 56/252/56 87/253/87 55/254/55
f 87/253/87 56/252/56 88/255/88
f 57/256/57 88/257/88 56/258/56
f 88/257/88 57/256/57 89/259/89
f 58/260/58 89/261/89 57/262/57
f 89/261/89 58/260/58 90/263/90
f 59/264/59 90/265/90 58/266/58
f 90/265/90 59/264/59 91/267/91
f 60/268/60 91/269/91 59/270/59
f 91/269/91 60/268/60 92/271/92
f 61/272/61 92/273/92 60/274/60
f 92/273/92 61/272/61 93/275/93
f 62/276/62 93/277/93 61/278/61
f 93/277/93 62/276/62 94/279/94
f 62/280/62 95/281/95 94/282/94
f 95/281/95 62/280/62 63/283/63
f 63/284/63 96/285/96 95/286/95
f 96/285/96 63/284/63 64/287/64
f 97/288/97 96/289/96 64/290/64
f 97/291/97 98/292/98 96/293/96
f 97/294/97 99/295/99 98/296/98
f 97/297/97 100/298/100 99/299/99
f 97/300/97 101/301/101 100/302/100
f 101/301/101 97/300/97 102/303/102
f 103/304/103 102/3/103 97/305/103
f 102/3/103 103/304/103 104/2/103
f 105/306/104 104/307/105 103/308/106
f 104/307/105 105/306/104 106/309/107
f 107/310/108 106/311/107 105/312/104
f 106/311/107 107/310/108 108/313/109
f 109/314/110 108/315/109 107/316/108
f 108/315/109 109/314/110 110/317/111
f 109/318/110 111/319/112 110/320/111
f 111/319/112 109/318/110 112/321/113
f 113/322/114 112/323/113 109/324/110
f 112/323/113 113/322/114 114/325/115
f 115/326/116 114/327/115 113/328/114
f 114/327/115 115/326/116 116/329/117
f 72/330/72 116/331/117 115/332/116
f 116/331/117 72/330/72 73/333/73
f 73/334/73 117/335/118 116/336/117
f 117/335/118 73/334/73 74/337/74
f 74/338/74 118/339/119 117/340/118
f 118/339/119 74/338/74 75/341/75
f 76/342/76 118/343/119 75/344/75
f 118/343/119 76/342/76 119/345/120
f 77/346/77 119/347/120 76/348/76
f 119/347/120 77/346/77 120/349/121
f 78/350/78 120/351/121 77/352/77
f 120/351/121 78/350/78 121/353/122
f 79/354/79 121/355/122 78/356/78
f 121/355/122 79/354/79 122/357/123
f 79/358/79 123/359/124 122/360/123
f 123/359/124 79/358/79 80/361/80
f 80/362/80 124/363/125 123/364/124
f 124/363/125 80/362/80 81/365/81
f 124/366/125 81/367/81 83/368/83
f 81/369/81 82/370/82 83/371/83
f 125/372/126 124/373/125 83/374/83
f 125/375/126 123/376/124 124/377/125
f 123/376/124 125/375/126 126/378/127
f 127/379/128 126/380/127 125/381/126
f 126/380/127 127/379/128 128/382/129
f 127/383/128 129/384/130 128/385/129
f 129/384/130 127/383/128 130/386/131
f 83/387/83 130/388/131 127/389/128
f 130/388/131 83/387/83 131/390/132
f 84/391/133 131/392/133 83/393/133
f 131/392/133 84/391/133 132/394/133
f 133/395/134 132/396/135 84/397/84
f 132/396/135 133/395/134 134/398/136
f 135/399/137 134/400/136 133/401/134
f 134/400/136 135/399/137 136/402/138
f 137/403/139 136/404/138 135/405/137
f 136/404/138 137/403/139 138/406/140
f 137/407/139 139/408/141 138/409/140
f 139/408/141 137/407/139 140/410/142
f 141/411/143 140/412/142 137/413/139
f 140/412/142 141/411/143 142/414/144
f 143/415/145 142/416/144 141/417/143
f 142/416/144 143/415/145 144/418/146
f 87/419/87 144/420/146 143/421/145
f 144/420/146 87/419/87 88/422/88
f 88/423/88 145/424/147 144/425/146
f 145/424/147 88/423/88 89/426/89
f 89/427/89 146/428/148 145/429/147
f 146/428/148 89/427/89 90/430/90
f 90/431/90 147/432/149 146/433/148
f 147/432/149 90/431/90 91/434/91
f 92/435/92 147/436/149 91/437/91
f 147/436/149 92/435/92 148/438/150
f 93/439/93 148/440/150 92/441/92
f 148/440/150 93/439/93 149/442/151
f 94/443/94 149/444/151 93/445/93
f 149/444/151 94/443/94 150/446/152
f 94/447/94 151/448/153 150/449/152
f 151/448/153 94/447/94 95/450/95
f 95/451/95 98/452/98 151/453/153
f 98/452/98 95/451/95 96/454/96
f 99/455/99 151/456/153 98/457/98
f 151/456/153 99/455/99 152/458/154
f 100/459/100 152/460/154 99/461/99
f 152/460/154 100/459/100 153/462/155
f 100/463/100 154/464/156 153/465/155
f 154/464/156 100/463/100 101/466/101
f 101/467/101 155/468/157 154/469/156
f 155/468/157 101/467/101 156/470/158
f 102/471/102 156/472/158 101/473/101
f 102/474/102 157/475/159 156/476/158
f 102/477/102 158/478/160 157/479/159
f 102/480/102 159/481/161 158/482/160
f 102/483/102 160/484/162 159/485/161
f 161/486/163 160/487/162 102/488/102
f 162/489/164 160/490/162 161/491/163
f 160/490/162 162/489/164 163/492/165
f 164/493/166 163/494/165 162/495/164
f 163/494/165 164/493/166 165/496/167
f 166/497/168 165/498/167 164/499/166
f 165/498/167 166/497/168 167/500/169
f 168/501/170 167/502/169 166/503/168
f 167/502/169 168/501/170 169/504/171
f 170/505/172 169/506/171 168/507/170
f 169/506/171 170/505/172 171/508/173
f 172/509/174 171/510/173 170/511/172
f 171/510/173 172/509/174 173/512/175
f 174/513/176 173/514/175 172/515/174
f 173/514/175 174/513/176 175/516/177
f 176/517/178 175/518/177 174/519/176
f 175/518/177 176/517/178 177/520/179
f 178/521/180 177/522/179 176/523/178
f 177/522/179 178/521/180 179/524/181
f 178/525/180 180/526/182 179/527/181
f 180/526/182 178/525/180 181/528/183
f 182/529/184 181/530/183 178/531/180
f 181/530/183 182/529/184 183/532/185
f 184/533/186 183/534/185 182/535/184
f 183/534/185 184/533/186 185/536/187
f 184/537/186 186/538/188 185/539/187
f 186/538/188 184/537/186 187/540/189
f 188/541/190 187/542/189 184/543/186
f 187/542/189 188/541/190 189/544/191
f 190/545/192 189/546/191 188/547/190
f 189/546/191 190/545/192 191/548/193
f 192/549/194 191/550/193 190/551/192
f 191/550/193 192/549/194 193/552/195
f 194/553/196 193/554/195 192/555/194
f 193/554/195 194/553/196 195/556/197
f 196/557/198 195/558/197 194/559/196
f 195/558/197 196/557/198 197/560/199
f 198/561/200 197/562/199 196/563/198
f 197/562/199 198/561/200 199/564/201
f 200/565/202 199/566/201 198/567/200
f 199/566/201 200/565/202 201/568/203
f 200/569/202 202/570/204 201/571/203
f 202/570/204 200/569/202 203/572/205
f 204/573/206 203/574/205 200/575/202
f 203/574/205 204/573/206 205/576/207
f 164/577/166 205/578/207 204/579/206
f 205/578/207 164/577/166 162/580/164
f 162/581/164 206/582/208 205/583/207
f 206/582/208 162/581/164 161/584/163
f 161/585/163 104/586/105 206/587/208
f 104/586/105 161/585/163 102/588/102
f 207/589/209 206/590/208 104/591/105
f 207/592/209 205/593/207 206/594/208
f 205/593/207 207/592/209 203/595/205
f 208/596/210 203/597/205 207/598/209
f 203/597/205 208/596/210 202/599/204
f 209/600/211 202/601/204 208/602/210
f 202/601/204 209/600/211 210/603/212
f 211/604/213 210/605/212 209/606/211
f 210/605/212 211/604/213 212/607/214
f 213/608/215 212/609/214 211/610/213
f 212/609/214 213/608/215 214/611/216
f 106/612/107 214/613/216 213/614/215
f 214/613/216 106/612/107 108/615/109
f 108/616/109 215/617/217 214/618/216
f 215/617/217 108/616/109 110/619/111
f 111/620/112 215/621/217 110/622/111
f 215/621/217 111/620/112 216/623/218
f 217/624/219 216/625/218 111/626/112
f 216/625/218 217/624/219 218/627/220
f 219/628/221 218/629/220 217/630/219
f 218/629/220 219/628/221 220/631/222
f 221/632/223 220/633/222 219/634/221
f 220/633/222 221/632/223 222/635/224
f 221/636/223 223/637/225 222/638/224
f 223/637/225 221/636/223 224/639/226
f 225/640/227 224/641/226 221/642/223
f 224/641/226 225/640/227 226/643/228
f 227/644/229 226/645/228 225/646/227
f 226/645/228 227/644/229 228/647/230
f 227/648/229 120/649/121 228/650/230
f 120/649/121 227/648/229 119/651/120
f 229/652/231 119/653/120 227/654/229
f 119/653/120 229/652/231 118/655/119
f 229/656/231 117/657/118 118/658/119
f 117/657/118 229/656/231 230/659/232
f 231/660/233 230/661/232 229/662/231
f 230/661/232 231/660/233 232/663/234
f 219/664/221 232/665/234 231/666/233
f 232/665/234 219/664/221 217/667/219
f 217/668/219 112/669/113 232/670/234
f 112/669/113 217/668/219 111/671/112
f 114/672/115 232/673/234 112/674/113
f 232/673/234 114/672/115 230/675/232
f 116/676/117 230/677/232 114/678/115
f 230/677/232 116/676/117 117/679/118
f 225/680/235 219/394/235 231/681/235
f 219/394/235 225/680/235 221/682/235
f 231/683/233 227/684/229 225/685/227
f 227/684/229 231/683/233 229/686/231
f 121/687/122 228/688/230 120/689/121
f 228/688/230 121/687/122 233/690/236
f 122/691/123 233/692/236 121/693/122
f 233/692/236 122/691/123 234/694/237
f 122/695/123 126/696/127 234/697/237
f 126/696/127 122/695/123 123/698/124
f 128/699/129 234/700/237 126/701/127
f 234/700/237 128/699/129 235/702/238
f 128/703/129 236/704/239 235/705/238
f 236/704/239 128/703/129 129/706/130
f 129/707/130 237/708/240 236/709/239
f 237/708/240 129/707/130 238/710/241
f 130/711/131 238/712/241 129/713/130
f 238/712/241 130/711/131 239/714/242
f 130/715/131 131/716/132 239/717/242
f 239/718/242 131/719/132 240/720/243
f 240/721/243 131/722/132 241/723/244
f 241/724/244 131/725/132 242/726/245
f 242/727/245 131/728/132 243/729/246
f 243/730/246 131/731/132 244/732/247
f 132/733/135 244/734/247 131/735/132
f 244/734/247 132/733/135 245/736/248
f 132/737/135 246/738/249 245/739/248
f 132/740/135 247/741/250 246/742/249
f 132/743/135 248/744/251 247/745/250
f 132/746/135 249/747/252 248/748/251
f 132/749/135 250/750/253 249/751/252
f 132/752/135 134/753/136 250/754/253
f 134/755/136 251/756/254 250/757/253
f 251/756/254 134/755/136 136/758/138
f 136/759/138 252/760/255 251/761/254
f 252/760/255 136/759/138 138/762/140
f 139/763/141 252/764/255 138/765/140
f 252/764/255 139/763/141 253/766/256
f 254/767/257 253/768/256 139/769/141
f 253/768/256 254/767/257 255/770/258
f 256/771/259 255/772/258 254/773/257
f 255/772/258 256/771/259 257/774/260
f 256/775/259 258/776/261 257/777/260
f 258/776/261 256/775/259 259/778/262
f 260/779/263 259/3/263 256/1/263
f 259/3/263 260/779/263 261/780/263
f 262/781/264 261/782/265 260/783/266
f 261/782/265 262/781/264 263/784/267
f 146/785/148 263/786/267 262/787/264
f 263/786/267 146/785/148 147/788/149
f 148/789/150 263/790/267 147/791/149
f 263/790/267 148/789/150 264/792/268
f 149/793/151 264/794/268 148/795/150
f 264/794/268 149/793/151 265/796/269
f 150/797/152 265/798/269 149/799/151
f 265/798/269 150/797/152 266/800/270
f 150/801/152 152/802/154 266/803/270
f 152/802/154 150/801/152 151/804/153
f 153/805/155 266/806/270 152/807/154
f 266/806/270 153/805/155 267/808/271
f 153/809/155 268/810/272 267/811/271
f 268/810/272 153/809/155 154/812/156
f 154/813/156 269/814/273 268/815/272
f 269/814/273 154/813/156 155/816/157
f 155/817/157 270/818/274 269/819/273
f 270/818/274 155/817/157 271/820/275
f 156/821/158 271/822/275 155/823/157
f 271/822/275 156/821/158 157/824/159
f 157/825/159 272/826/276 271/827/275
f 272/826/276 157/825/159 158/828/160
f 158/829/160 273/830/277 272/831/276
f 273/830/277 158/829/160 159/832/161
f 159/833/161 163/834/165 273/835/277
f 163/834/165 159/833/161 160/836/162
f 165/837/167 273/838/277 163/839/165
f 273/838/277 165/837/167 274/840/278
f 167/841/169 274/842/278 165/843/167
f 274/842/278 167/841/169 275/844/279
f 169/845/171 275/846/279 167/847/169
f 275/846/279 169/845/171 276/848/280
f 171/849/173 276/850/280 169/851/171
f 276/850/280 171/849/173 277/852/281
f 173/853/175 277/854/281 171/855/173
f 277/854/281 173/853/175 278/856/282
f 175/857/177 278/858/282 173/859/175
f 278/858/282 175/857/177 279/860/283
f 177/861/179 279/862/283 175/863/177
f 279/862/283 177/861/179 280/864/284
f 179/865/181 280/866/284 177/867/179
f 280/866/284 179/865/181 281/868/285
f 179/869/181 282/870/286 281/871/285
f 282/870/286 179/869/181 180/872/182
f 180/873/182 247/874/250 282/875/286
f 247/874/250 180/873/182 246/876/249
f 181/877/183 246/878/249 180/879/182
f 246/878/249 181/877/183 245/880/248
f 183/881/185 245/882/248 181/883/183
f 245/882/248 183/881/185 244/884/247
f 185/885/187 244/886/247 183/887/185
f 244/886/247 185/885/187 243/888/246
f 185/889/187 242/890/245 243/891/246
f 242/890/245 185/889/187 186/892/188
f 186/893/188 241/894/244 242/895/245
f 241/894/244 186/893/188 283/896/287
f 187/897/189 283/898/287 186/899/188
f 283/898/287 187/897/189 284/900/288
f 189/901/191 284/902/288 187/903/189
f 284/902/288 189/901/191 285/904/289
f 191/905/193 285/906/289 189/907/191
f 285/906/289 191/905/193 286/908/290
f 193/909/195 286/910/290 191/911/193
f 286/910/290 193/909/195 287/912/291
f 195/913/197 287/914/291 193/915/195
f 287/914/291 195/913/197 288/916/292
f 197/917/199 288/918/292 195/919/197
f 288/918/292 197/917/199 289/920/293
f 199/921/201 289/922/293 197/923/199
f 289/922/293 199/921/201 290/924/294
f 201/925/203 290/926/294 199/927/201
f 290/926/294 201/925/203 291/928/295
f 201/929/203 210/930/212 291/931/295
f 210/930/212 201/929/203 202/932/204
f 212/933/214 291/934/295 210/935/212
f 291/934/295 212/933/214 292/936/296
f 214/937/216 292/938/296 212/939/214
f 292/938/296 214/937/216 215/940/217
f 216/941/218 292/942/296 215/943/217
f 292/942/296 216/941/218 293/944/297
f 218/945/220 293/946/297 216/947/218
f 293/946/297 218/945/220 294/948/298
f 220/949/222 294/950/298 218/951/220
f 294/950/298 220/949/222 295/952/299
f 222/953/224 295/954/299 220/955/222
f 295/954/299 222/953/224 296/956/300
f 222/957/224 297/958/301 296/959/300
f 297/958/301 222/957/224 223/960/225
f 223/961/225 298/962/302 297/963/301
f 298/962/302 223/961/225 299/964/303
f 224/965/226 299/966/303 223/967/225
f 299/966/303 224/965/226 300/968/304
f 226/969/228 300/970/304 224/971/226
f 300/970/304 226/969/228 301/972/305
f 228/973/230 301/974/305 226/975/228
f 301/974/305 228/973/230 233/976/236
f 233/977/236 235/978/238 301/979/305
f 235/978/238 233/977/236 234/980/237
f 236/981/239 301/982/305 235/983/238
f 301/982/305 236/981/239 300/984/304
f 237/985/240 300/986/304 236/987/239
f 300/986/304 237/985/240 299/988/303
f 302/989/306 299/990/303 237/991/240
f 299/990/303 302/989/306 298/992/302
f 284/993/288 298/994/302 302/995/306
f 298/994/302 284/993/288 285/996/289
f 285/997/289 297/998/301 298/999/302
f 297/998/301 285/997/289 286/1000/290
f 286/1001/290 296/1002/300 297/1003/301
f 296/1002/300 286/1001/290 287/1004/291
f 288/1005/292 296/1006/300 287/1007/291
f 296/1006/300 288/1005/292 295/1008/299
f 289/1009/293 295/1010/299 288/1011/292
f 295/1010/299 289/1009/293 294/1012/298
f 290/1013/294 294/1014/298 289/1015/293
f 294/1014/298 290/1013/294 293/1016/297
f 291/1017/295 293/1018/297 290/1019/294
f 293/1018/297 291/1017/295 292/1020/296
f 303/1021/307 284/1022/288 302/1023/306
f 284/1022/288 303/1021/307 283/1024/287
f 240/1025/243 283/1026/287 303/1027/307
f 283/1026/287 240/1025/243 241/1028/244
f 303/1029/307 239/1030/242 240/1031/243
f 239/1030/242 303/1029/307 238/1032/241
f 302/1033/306 238/1034/241 303/1035/307
f 238/1034/241 302/1033/306 237/1036/240
f 248/1037/251 282/1038/286 247/1039/250
f 282/1038/286 248/1037/251 304/1040/308
f 249/1041/252 304/1042/308 248/1043/251
f 304/1042/308 249/1041/252 305/1044/309
f 250/1045/253 305/1046/309 249/1047/252
f 305/1046/309 250/1045/253 251/1048/254
f 251/1049/254 306/1050/310 305/1051/309
f 306/1050/310 251/1049/254 252/1052/255
f 253/1053/256 306/1054/310 252/1055/255
f 306/1054/310 253/1053/256 307/1056/311
f 255/1057/258 307/1058/311 253/1059/256
f 307/1058/311 255/1057/258 308/1060/312
f 257/1061/260 308/1062/312 255/1063/258
f 308/1062/312 257/1061/260 309/1064/313
f 257/1065/260 310/1066/314 309/1067/313
f 310/1066/314 257/1065/260 258/1068/261
f 258/1069/261 311/1070/315 310/1071/314
f 311/1070/315 258/1069/261 312/1072/316
f 259/1073/262 312/1074/316 258/1075/261
f 312/1074/316 259/1073/262 313/1076/317
f 261/1077/265 313/1078/317 259/1079/262
f 313/1078/317 261/1077/265 314/1080/318
f 263/1081/267 314/1082/318 261/1083/265
f 314/1082/318 263/1081/267 264/1084/268
f 264/1085/268 315/1086/319 314/1087/318
f 315/1086/319 264/1085/268 265/1088/269
f 265/1089/269 267/1090/271 315/1091/319
f 267/1090/271 265/1089/269 266/1092/270
f 268/1093/272 315/1094/319 267/1095/271
f 315/1094/319 268/1093/272 316/1096/320
f 269/1097/273 316/1098/320 268/1099/272
f 316/1098/320 269/1097/273 317/1100/321
f 270/1101/274 317/1102/321 269/1103/273
f 317/1102/321 270/1101/274 318/1104/322
f 319/1105/323 318/1106/322 270/1107/274
f 318/1106/322 319/1105/323 320/1108/324
f 319/1109/323 275/1110/279 320/1111/324
f 275/1110/279 319/1109/323 274/1112/278
f 272/1113/276 274/1114/278 319/1115/323
f 274/1114/278 272/1113/276 273/1116/277
f 319/1117/323 271/1118/275 272/1119/276
f 271/1118/275 319/1117/323 270/1120/274
f 276/1121/280 320/1122/324 275/1123/279
f 320/1122/324 276/1121/280 321/1124/325
f 277/1125/281 321/1126/325 276/1127/280
f 321/1126/325 277/1125/281 322/1128/326
f 278/1129/282 322/1130/326 277/1131/281
f 322/1130/326 278/1129/282 323/1132/327
f 279/1133/283 323/1134/327 278/1135/282
f 323/1134/327 279/1133/283 324/1136/328
f 280/1137/284 324/1138/328 279/1139/283
f 324/1138/328 280/1137/284 325/1140/329
f 281/1141/285 325/1142/329 280/1143/284
f 325/1142/329 281/1141/285 326/1144/330
f 281/1145/285 304/1146/308 326/1147/330
f 304/1146/308 281/1145/285 282/1148/286
f 305/1149/309 326/1150/330 304/1151/308
f 326/1150/330 305/1149/309 306/1152/310
f 307/1153/311 326/1154/330 306/1155/310
f 326/1154/330 307/1153/311 325/1156/329
f 308/1157/312 325/1158/329 307/1159/311
f 325/1158/329 308/1157/312 324/1160/328
f 309/1161/313 324/1162/328 308/1163/312
f 324/1162/328 309/1161/313 323/1164/327
f 309/1165/313 322/1166/326 323/1167/327
f 322/1166/326 309/1165/313 310/1168/314
f 310/1169/314 321/1170/325 322/1171/326
f 321/1170/325 310/1169/314 311/1172/315
f 311/1173/315 320/1174/324 321/1175/325
f 320/1174/324 311/1173/315 318/1176/322
f 312/1177/316 318/1178/322 311/1179/315
f 318/1178/322 312/1177/316 317/1180/321
f 313/1181/317 317/1182/321 312/1183/316
f 317/1182/321 313/1181/317 316/1184/320
f 314/1185/318 316/1186/320 313/1187/317
f 316/1186/320 314/1185/318 315/1188/319
f 262/1189/264 145/1190/147 146/1191/148
f 145/1190/147 262/1189/264 327/1192/331
f 260/1193/266 327/1194/331 262/1195/264
f 327/1194/331 260/1193/266 328/1196/332
f 256/1197/259 328/1198/332 260/1199/266
f 328/1198/332 256/1197/259 254/1200/257
f 254/1201/257 140/1202/142 328/1203/332
f 140/1202/142 254/1201/257 139/1204/141
f 142/1205/144 328/1206/332 140/1207/142
f 328/1206/332 142/1205/144 327/1208/331
f 144/1209/146 327/1210/331 142/1211/144
f 327/1210/331 144/1209/146 145/1212/147
f 106/1213/107 213/1214/215 104/1215/105
f 213/1216/215 211/1217/213 104/1218/105
f 211/1219/213 209/1220/211 104/1221/105
f 209/1222/211 208/1223/210 104/1224/105
f 208/1225/210 207/1226/209 104/1227/105
f 329/1228/333 164/1229/166 204/1230/206
f 164/1229/166 329/1228/333 166/1231/168
f 330/1232/334 166/1233/168 329/1234/333
f 166/1233/168 330/1232/334 168/1235/170
f 331/1236/335 168/1237/170 330/1238/334
f 168/1237/170 331/1236/335 170/1239/172
f 331/392/336 332/1240/336 170/394/336
f 332/1240/336 331/392/336 333/1241/336
f 333/1241/336 331/392/336 334/1242/336
f 334/1242/336 331/392/336 335/1243/336
f 335/1243/336 331/392/336 336/1244/336
f 336/1244/336 331/392/336 337/1245/336
f 337/1245/336 331/392/336 338/1246/336
f 338/1246/336 331/392/336 339/1247/336
f 331/1248/335 192/1249/194 339/1250/337
f 192/1249/194 331/1248/335 194/1251/196
f 330/1252/334 194/1253/196 331/1254/335
f 194/1253/196 330/1252/334 196/1255/198
f 329/1256/333 196/1257/198 330/1258/334
f 196/1257/198 329/1256/333 198/1259/200
f 204/1260/206 198/1261/200 329/1262/333
f 198/1261/200 204/1260/206 200/1263/202
f 190/1264/192 339/1265/337 192/1266/194
f 339/1265/337 190/1264/192 340/1267/338
f 188/1268/190 340/1269/338 190/1270/192
f 340/1269/338 188/1268/190 341/1271/339
f 184/1272/186 341/1273/339 188/1274/190
f 341/1273/339 184/1272/186 182/1275/184
f 182/1276/184 176/1277/178 341/1278/339
f 176/1277/178 182/1276/184 178/1279/180
f 174/1280/176 341/1281/339 176/1282/178
f 341/1281/339 174/1280/176 340/1283/338
f 172/1284/174 340/1285/338 174/1286/176
f 340/1285/338 172/1284/174 339/1287/337
f 172/682/336 342/1288/336 339/1247/336
f 172/682/336 343/1289/336 342/1288/336
f 172/682/336 344/1290/336 343/1289/336
f 172/682/336 345/1291/336 344/1290/336
f 172/682/336 346/1292/336 345/1291/336
f 172/682/336 347/1293/336 346/1292/336
f 172/682/336 348/1294/336 347/1293/336
f 172/682/336 349/1295/336 348/1294/336
f 170/394/336 349/1295/336 172/682/336
f 349/1295/336 170/394/336 350/1296/336
f 350/1296/336 170/394/336 351/1297/336
f 351/1297/336 170/394/336 352/1298/336
f 352/1298/336 170/394/336 353/1299/336
f 353/1299/336 170/394/336 354/1300/336
f 354/1300/336 170/394/336 355/1301/336
f 355/1301/336 170/394/336 332/1240/336
f 356/1302/340 355/1303/341 332/1304/342
f 355/1303/341 356/1302/340 357/1305/343
f 358/1306/344 357/1307/343 356/1308/340
f 357/1307/343 358/1306/344 359/1309/345
f 360/1310/346 359/1311/345 358/1312/344
f 359/1311/345 360/1310/346 361/1313/347
f 360/1314/346 362/1315/348 361/1316/347
f 362/1315/348 360/1314/346 363/1317/349
f 364/1318/350 363/1319/349 360/1320/346
f 363/1319/349 364/1318/350 365/1321/351
f 364/1322/350 366/1323/352 365/1324/351
f 366/1323/352 364/1322/350 367/1325/353
f 364/1326/350 368/1327/354 367/1328/353
f 368/1327/354 364/1326/350 369/1329/355
f 360/1330/346 369/1331/355 364/1332/350
f 369/1331/355 360/1330/346 358/1333/344
f 358/1334/344 370/1335/356 369/1336/355
f 370/1335/356 358/1334/344 356/1337/340
f 356/1338/340 333/1339/357 370/1340/356
f 333/1339/357 356/1338/340 332/1341/342
f 334/1342/358 370/1343/356 333/1344/357
f 370/1343/356 334/1342/358 371/1345/359
f 335/1346/360 371/1347/359 334/1348/358
f 371/1347/359 335/1346/360 372/1349/361
f 336/1350/362 372/1351/361 335/1352/360
f 372/1351/361 336/1350/362 373/1353/363
f 337/1354/364 373/1355/363 336/1356/362
f 373/1355/363 337/1354/364 374/1357/365
f 338/1358/366 374/1359/365 337/1360/364
f 374/1359/365 338/1358/366 375/1361/367
f 376/1362/368 375/1363/367 338/1364/366
f 375/1363/367 376/1362/368 377/1365/369
f 378/1366/370 377/1367/369 376/1368/368
f 377/1367/369 378/1366/370 379/1369/371
f 378/1370/370 380/1371/372 379/1372/371
f 380/1371/372 378/1370/370 381/1373/373
f 378/1374/336 339/1247/336 381/1375/336
f 376/1376/336 339/1247/336 378/1374/336
f 338/1246/336 339/1247/336 376/1376/336
f 381/1375/336 339/1247/336 382/1377/336
f 382/1377/336 339/1247/336 383/1378/336
f 383/1378/336 339/1247/336 384/1379/336
f 384/1379/336 339/1247/336 385/1380/336
f 385/1380/336 339/1247/336 342/1288/336
f 386/1381/374 385/1382/375 342/1383/376
f 385/1382/375 386/1381/374 387/1384/377
f 388/1385/378 387/1386/377 386/1387/374
f 387/1386/377 388/1385/378 389/1388/379
f 390/1389/380 389/1390/379 388/1391/378
f 389/1390/379 390/1389/380 391/1392/381
f 390/1393/380 392/1394/382 391/1395/381
f 392/1394/382 390/1393/380 393/1396/383
f 390/1397/380 394/1398/384 393/1399/383
f 394/1398/384 390/1397/380 395/1400/385
f 390/1401/380 396/1402/386 395/1403/385
f 396/1402/386 390/1401/380 388/1404/378
f 388/1405/378 397/1406/387 396/1407/386
f 397/1406/387 388/1405/378 386/1408/374
f 386/1409/374 343/1410/388 397/1411/387
f 343/1410/388 386/1409/374 342/1412/376
f 344/1413/389 397/1414/387 343/1415/388
f 397/1414/387 344/1413/389 398/1416/390
f 345/1417/391 398/1418/390 344/1419/389
f 398/1418/390 345/1417/391 399/1420/392
f 346/1421/393 399/1422/392 345/1423/391
f 399/1422/392 346/1421/393 400/1424/394
f 347/1425/395 400/1426/394 346/1427/393
f 400/1426/394 347/1425/395 401/1428/396
f 348/1429/397 401/1430/396 347/1431/395
f 401/1430/396 348/1429/397 402/1432/398
f 349/1433/399 402/1434/398 348/1435/397
f 402/1434/398 349/1433/399 403/1436/400
f 349/1437/399 404/1438/401 403/1439/400
f 404/1438/401 349/1437/399 350/1440/402
f 350/1441/402 405/1442/403 404/1443/401
f 405/1442/403 350/1441/402 351/1444/404
f 351/1445/404 406/1446/405 405/1447/403
f 406/1446/405 351/1445/404 352/1448/406
f 352/1449/406 407/1450/407 406/1451/405
f 407/1450/407 352/1449/406 353/1452/408
f 353/1453/408 408/1454/409 407/1455/407
f 408/1454/409 353/1453/408 354/1456/410
f 354/1457/410 357/1458/343 408/1459/409
f 357/1458/343 354/1457/410 355/1460/341
f 359/1461/345 408/1462/409 357/1463/343
f 408/1462/409 359/1461/345 409/1464/411
f 361/1465/347 409/1466/411 359/1467/345
f 409/1466/411 361/1465/347 410/1468/412
f 361/1469/347 411/1470/413 410/1471/412
f 411/1470/413 361/1469/347 362/1472/348
f 362/1473/348 412/1474/414 411/1475/413
f 412/1474/414 362/1473/348 413/1476/415
f 363/1477/349 413/1478/415 362/1479/348
f 413/1478/415 363/1477/349 414/1480/416
f 365/1481/351 414/1482/416 363/1483/349
f 414/1482/416 365/1481/351 415/1484/417
f 365/1485/351 416/1486/418 415/1487/417
f 416/1486/418 365/1485/351 366/1488/352
f 366/1489/352 417/1490/419 416/1491/418
f 417/1490/419 366/1489/352 418/1492/420
f 367/1493/353 418/1494/420 366/1495/352
f 418/1494/420 367/1493/353 419/1496/421
f 367/1497/353 420/1498/422 419/1499/421
f 420/1498/422 367/1497/353 368/1500/354
f 368/1501/354 372/1502/361 420/1503/422
f 372/1502/361 368/1501/354 371/1504/359
f 369/1505/355 371/1506/359 368/1507/354
f 371/1506/359 369/1505/355 370/1508/356
f 373/1509/363 420/1510/422 372/1511/361
f 420/1510/422 373/1509/363 421/1512/423
f 374/1513/365 421/1514/423 373/1515/363
f 421/1514/423 374/1513/365 422/1516/424
f 375/1517/367 422/1518/424 374/1519/365
f 422/1518/424 375/1517/367 423/1520/425
f 377/1521/369 423/1522/425 375/1523/367
f 423/1522/425 377/1521/369 424/1524/426
f 379/1525/371 424/1526/426 377/1527/369
f 424/1526/426 379/1525/371 425/1528/427
f 379/1529/371 426/1530/428 425/1531/427
f 426/1530/428 379/1529/371 380/1532/372
f 380/1533/372 427/1534/429 426/1535/428
f 427/1534/429 380/1533/372 428/1536/430
f 381/1537/373 428/1538/430 380/1539/372
f 428/1538/430 381/1537/373 382/1540/431
f 382/1541/431 429/1542/432 428/1543/430
f 429/1542/432 382/1541/431 383/1544/433
f 383/1545/433 430/1546/434 429/1547/432
f 430/1546/434 383/1545/433 384/1548/435
f 384/1549/435 387/1550/377 430/1551/434
f 387/1550/377 384/1549/435 385/1552/375
f 389/1553/379 430/1554/434 387/1555/377
f 430/1554/434 389/1553/379 431/1556/436
f 391/1557/381 431/1558/436 389/1559/379
f 431/1558/436 391/1557/381 432/1560/437
f 391/1561/381 433/1562/438 432/1563/437
f 433/1562/438 391/1561/381 392/1564/382
f 392/1565/382 434/1566/439 433/1567/438
f 434/1566/439 392/1565/382 435/1568/440
f 393/1569/383 435/1570/440 392/1571/382
f 435/1570/440 393/1569/383 436/1572/441
f 393/1573/383 437/1574/442 436/1575/441
f 437/1574/442 393/1573/383 394/1576/384
f 394/1577/384 438/1578/443 437/1579/442
f 438/1578/443 394/1577/384 439/1580/444
f 395/1581/385 439/1582/444 394/1583/384
f 439/1582/444 395/1581/385 440/1584/445
f 395/1585/385 441/1586/446 440/1587/445
f 441/1586/446 395/1585/385 396/1588/386
f 396/1589/386 398/1590/390 441/1591/446
f 398/1590/390 396/1589/386 397/1592/387
f 399/1593/392 441/1594/446 398/1595/390
f 441/1594/446 399/1593/392 442/1596/447
f 400/1597/394 442/1598/447 399/1599/392
f 442/1598/447 400/1597/394 443/1600/448
f 401/1601/396 443/1602/448 400/1603/394
f 443/1602/448 401/1601/396 444/1604/449
f 402/1605/398 444/1606/449 401/1607/396
f 444/1606/449 402/1605/398 445/1608/450
f 403/1609/400 445/1610/450 402/1611/398
f 445/1610/450 403/1609/400 446/1612/451
f 403/1613/400 447/1614/452 446/1615/451
f 447/1614/452 403/1613/400 404/1616/401
f 404/1617/401 448/1618/453 447/1619/452
f 448/1618/453 404/1617/401 405/1620/403
f 405/1621/403 449/1622/454 448/1623/453
f 449/1622/454 405/1621/403 406/1624/405
f 406/1625/405 450/1626/455 449/1627/454
f 450/1626/455 406/1625/405 407/1628/407
f 407/1629/407 409/1630/411 450/1631/455
f 409/1630/411 407/1629/407 408/1632/409
f 410/1633/412 450/1634/455 409/1635/411
f 450/1634/455 410/1633/412 451/1636/456
f 410/1637/412 452/1638/457 451/1639/456
f 452/1638/457 410/1637/412 411/1640/413
f 411/1641/413 453/1642/458 452/1643/457
f 453/1642/458 411/1641/413 412/1644/414
f 412/1645/414 454/1646/459 453/1647/458
f 454/1646/459 412/1645/414 455/1648/460
f 413/1649/415 455/1650/460 412/1651/414
f 455/1650/460 413/1649/415 456/1652/461
f 414/1653/416 456/1654/461 413/1655/415
f 456/1654/461 414/1653/416 457/1656/462
f 415/1657/417 457/1658/462 414/1659/416
f 457/1658/462 415/1657/417 458/1660/463
f 415/1661/417 459/1662/464 458/1663/463
f 459/1662/464 415/1661/417 416/1664/418
f 416/1665/418 460/1666/465 459/1667/464
f 460/1666/465 416/1665/418 417/1668/419
f 417/1669/419 461/1670/466 460/1671/465
f 461/1670/466 417/1669/419 462/1672/467
f 418/1673/420 462/1674/467 417/1675/419
f 462/1674/467 418/1673/420 463/1676/468
f 419/1677/421 463/1678/468 418/1679/420
f 463/1678/468 419/1677/421 464/1680/469
f 419/1681/421 421/1682/423 464/1683/469
f 421/1682/423 419/1681/421 420/1684/422
f 422/1685/424 464/1686/469 421/1687/423
f 464/1686/469 422/1685/424 465/1688/470
f 423/1689/425 465/1690/470 422/1691/424
f 465/1690/470 423/1689/425 466/1692/471
f 424/1693/426 466/1694/471 423/1695/425
f 466/1694/471 424/1693/426 467/1696/472
f 425/1697/427 467/1698/472 424/1699/426
f 467/1698/472 425/1697/427 468/1700/473
f 425/1701/427 469/1702/474 468/1703/473
f 469/1702/474 425/1701/427 426/1704/428
f 426/1705/428 470/1706/475 469/1707/474
f 470/1706/475 426/1705/428 427/1708/429
f 427/1709/429 471/1710/476 470/1711/475
f 471/1710/476 427/1709/429 472/1712/477
f 428/1713/430 472/1714/477 427/1715/429
f 472/1714/477 428/1713/430 429/1716/432
f 429/1717/432 431/1718/436 472/1719/477
f 431/1718/436 429/1717/432 430/1720/434
f 432/1721/437 472/1722/477 431/1723/436
f 472/1722/477 432/1721/437 471/1724/476
f 432/1725/437 473/1726/478 471/1727/476
f 473/1726/478 432/1725/437 433/1728/438
f 433/1729/438 474/1730/479 473/1731/478
f 474/1730/479 433/1729/438 434/1732/439
f 434/1733/439 475/1734/480 474/1735/479
f 475/1734/480 434/1733/439 476/1736/481
f 435/1737/440 476/1738/481 434/1739/439
f 476/1738/481 435/1737/440 477/1740/482
f 436/1741/441 477/1742/482 435/1743/440
f 477/1742/482 436/1741/441 478/1744/483
f 436/1745/441 479/1746/484 478/1747/483
f 479/1746/484 436/1745/441 437/1748/442
f 437/1749/442 480/1750/485 479/1751/484
f 480/1750/485 437/1749/442 438/1752/443
f 438/1753/443 481/1754/486 480/1755/485
f 481/1754/486 438/1753/443 482/1756/487
f 439/1757/444 482/1758/487 438/1759/443
f 482/1758/487 439/1757/444 483/1760/488
f 440/1761/445 483/1762/488 439/1763/444
f 483/1762/488 440/1761/445 484/1764/489
f 440/1765/445 442/1766/447 484/1767/489
f 442/1766/447 440/1765/445 441/1768/446
f 443/1769/448 484/1770/489 442/1771/447
f 484/1770/489 443/1769/448 485/1772/490
f 444/1773/449 485/1774/490 443/1775/448
f 485/1774/490 444/1773/449 486/1776/491
f 445/1777/450 486/1778/491 444/1779/449
f 486/1778/491 445/1777/450 487/1780/492
f 446/1781/451 487/1782/492 445/1783/450
f 487/1782/492 446/1781/451 488/1784/493
f 446/1785/451 489/1786/494 488/1787/493
f 489/1786/494 446/1785/451 447/1788/452
f 447/1789/452 490/1790/495 489/1791/494
f 490/1790/495 447/1789/452 448/1792/453
f 448/1793/453 491/1794/496 490/1795/495
f 491/1794/496 448/1793/453 449/1796/454
f 449/1797/454 451/1798/456 491/1799/496
f 451/1798/456 449/1797/454 450/1800/455
f 451/1801/456 492/1802/497 491/1803/496
f 492/1802/497 451/1801/456 452/1804/457
f 452/1805/457 493/1806/498 492/1807/497
f 493/1806/498 452/1805/457 453/1808/458
f 453/1809/458 494/1810/499 493/1811/498
f 494/1810/499 453/1809/458 454/1812/459
f 454/1813/459 495/1814/239 494/1815/499
f 495/1814/239 454/1813/459 496/1816/500
f 454/1817/459 497/1818/131 496/1819/500
f 497/1818/131 454/1817/459 455/1820/460
f 456/1821/461 497/1822/131 455/1823/460
f 497/1822/131 456/1821/461 498/1824/501
f 457/1825/133 498/1826/133 456/1827/133
f 498/1826/133 457/1825/133 499/1828/133
f 458/1829/463 499/1830/502 457/1831/462
f 499/1830/502 458/1829/463 500/1832/136
f 459/1833/464 500/1834/136 458/1835/463
f 500/1834/136 459/1833/464 501/1836/503
f 460/1837/465 501/1838/503 459/1839/464
f 501/1838/503 460/1837/465 502/1840/504
f 460/1841/465 503/1842/505 502/1843/504
f 503/1842/505 460/1841/465 461/1844/466
f 461/1845/466 504/1846/506 503/1847/505
f 504/1846/506 461/1845/466 505/1848/507
f 462/1849/467 505/1850/507 461/1851/466
f 505/1850/507 462/1849/467 506/1852/508
f 463/1853/468 506/1854/508 462/1855/467
f 506/1854/508 463/1853/468 507/1856/509
f 464/1857/469 507/1858/509 463/1859/468
f 507/1858/509 464/1857/469 465/1860/470
f 465/1861/470 508/1862/510 507/1863/509
f 508/1862/510 465/1861/470 466/1864/471
f 466/1865/471 509/1866/511 508/1867/510
f 509/1866/511 466/1865/471 467/1868/472
f 467/1869/472 510/1870/512 509/1871/511
f 510/1870/512 467/1869/472 468/1872/473
f 468/1873/473 511/1874/513 510/1875/512
f 511/1874/513 468/1873/473 469/1876/474
f 469/1877/474 512/1878/514 511/1879/513
f 512/1878/514 469/1877/474 470/1880/475
f 471/1881/476 512/1882/514 470/1883/475
f 512/1882/514 471/1881/476 473/1884/478
f 473/1885/478 513/1886/515 512/1887/514
f 513/1886/515 473/1885/478 474/1888/479
f 474/1889/479 514/1890/516 513/1891/515
f 514/1890/516 474/1889/479 475/1892/480
f 515/1893/517 514/1894/516 475/1895/480
f 514/1894/516 515/1893/517 516/1896/272
f 515/1897/517 517/1898/518 516/1899/272
f 517/1898/518 515/1897/517 518/1900/519
f 519/1901/520 518/1902/519 515/1903/517
f 518/1902/519 519/1901/520 520/1904/521
f 519/1905/520 521/1906/522 520/1907/521
f 519/1908/520 477/1909/482 521/1910/522
f 477/1909/482 519/1908/520 476/1911/481
f 515/1912/517 476/1913/481 519/1914/520
f 476/1913/481 515/1912/517 475/1915/480
f 478/1916/103 521/1917/103 477/1918/103
f 521/1917/103 478/1916/103 522/1919/103
f 479/1920/484 522/1921/523 478/1922/483
f 522/1921/523 479/1920/484 523/1923/107
f 480/1924/485 523/1925/107 479/1926/484
f 523/1925/107 480/1924/485 524/1927/524
f 481/1928/486 524/1929/524 480/1930/485
f 524/1929/524 481/1928/486 525/1931/525
f 481/1932/486 526/1933/526 525/1934/525
f 526/1933/526 481/1932/486 527/1935/527
f 482/1936/487 527/1937/527 481/1938/486
f 527/1937/527 482/1936/487 528/1939/528
f 483/1940/488 528/1941/528 482/1942/487
f 528/1941/528 483/1940/488 529/1943/529
f 484/1944/489 529/1945/529 483/1946/488
f 529/1945/529 484/1944/489 485/1947/490
f 485/1948/490 530/1949/530 529/1950/529
f 530/1949/530 485/1948/490 486/1951/491
f 486/1952/491 531/1953/531 530/1954/530
f 531/1953/531 486/1952/491 487/1955/492
f 488/1956/493 531/1957/531 487/1958/492
f 531/1957/531 488/1956/493 532/1959/532
f 488/1960/493 533/1961/533 532/1962/532
f 533/1961/533 488/1960/493 489/1963/494
f 489/1964/494 534/1965/534 533/1966/533
f 534/1965/534 489/1964/494 490/1967/495
f 490/1968/495 492/1969/497 534/1970/534
f 492/1969/497 490/1968/495 491/1971/496
f 493/1972/498 534/1973/534 492/1974/497
f 534/1973/534 493/1972/498 535/1975/535
f 494/1976/499 535/1977/535 493/1978/498
f 535/1977/535 494/1976/499 536/1979/536
f 495/1980/239 536/1981/536 494/1982/499
f 536/1981/536 495/1980/239 537/1983/537
f 538/1984/538 537/1985/537 495/1986/239
f 537/1985/537 538/1984/538 539/1987/303
f 540/1988/306 539/1989/303 538/1990/538
f 539/1989/303 540/1988/306 541/1991/539
f 542/1992/540 541/1993/539 540/1994/306
f 541/1993/539 542/1992/540 543/1995/541
f 542/1996/540 544/1997/191 543/1998/541
f 544/1997/191 542/1996/540 545/1999/542
f 546/2000/543 545/2001/542 542/2002/540
f 545/2001/542 546/2000/543 547/2003/544
f 548/2004/545 547/2005/544 546/2006/543
f 547/2005/544 548/2004/545 549/2007/546
f 498/2008/501 549/2009/546 548/2010/545
f 498/2011/501 550/2012/547 549/2013/546
f 551/2014/548 550/2015/547 498/2016/501
f 552/2017/549 550/2018/547 551/2019/548
f 550/2018/547 552/2017/549 553/2020/187
f 554/2021/184 553/2022/187 552/2023/549
f 553/2022/187 554/2021/184 555/2024/550
f 556/2025/339 555/2026/550 554/2027/184
f 555/2026/550 556/2025/339 557/2028/551
f 558/2029/552 557/2030/551 556/2031/339
f 557/2030/551 558/2029/552 559/2032/192
f 560/2033/553 559/2034/192 558/2035/552
f 559/2034/192 560/2033/553 561/2036/194
f 562/2037/554 561/2038/194 560/2039/553
f 561/2038/194 562/2037/554 563/2040/555
f 564/2041/556 563/2042/555 562/2043/554
f 563/2042/555 564/2041/556 565/2044/557
f 566/2045/333 565/2046/557 564/2047/556
f 565/2046/557 566/2045/333 567/2048/558
f 568/2049/206 567/2050/558 566/2051/333
f 567/2050/558 568/2049/206 569/2052/202
f 568/2053/206 570/2054/559 569/2055/202
f 570/2054/559 568/2053/206 571/2056/560
f 572/2057/166 571/2058/560 568/2059/206
f 571/2058/560 572/2057/166 573/2060/561
f 574/2061/562 573/2062/561 572/2063/166
f 573/2062/561 574/2061/562 575/2064/563
f 574/2065/562 576/2066/564 575/2067/563
f 576/2066/564 574/2065/562 577/2068/278
f 578/2069/565 577/2070/278 574/2071/562
f 577/2070/278 578/2069/565 579/2072/279
f 580/2073/171 579/2074/279 578/2075/565
f 579/2074/279 580/2073/171 581/2076/566
f 582/2077/567 581/2078/566 580/2079/171
f 581/2078/566 582/2077/567 583/2080/568
f 584/2081/569 583/2082/568 582/2083/567
f 583/2082/568 584/2081/569 585/2084/570
f 586/2085/177 585/2086/570 584/2087/569
f 585/2086/570 586/2085/177 587/2088/283
f 588/2089/571 587/2090/283 586/2091/177
f 587/2090/283 588/2089/571 589/2092/284
f 590/2093/181 589/2094/284 588/2095/571
f 589/2094/284 590/2093/181 591/2096/572
f 590/2097/181 592/2098/573 591/2099/572
f 592/2098/573 590/2097/181 593/2100/574
f 594/2101/180 593/2102/574 590/2103/181
f 593/2102/574 594/2101/180 595/2104/575
f 554/2105/184 595/2106/575 594/2107/180
f 595/2106/575 554/2105/184 552/2108/549
f 552/2109/549 596/2110/576 595/2111/575
f 596/2110/576 552/2109/549 551/2112/548
f 551/2113/548 499/2114/502 596/2115/576
f 499/2114/502 551/2113/548 498/2116/501
f 597/2117/577 596/2118/576 499/2119/502
f 597/2120/577 595/2121/575 596/2122/576
f 595/2121/575 597/2120/577 593/2123/574
f 598/2124/578 593/2125/574 597/2126/577
f 593/2125/574 598/2124/578 592/2127/573
f 599/2128/579 592/2129/573 598/2130/578
f 592/2129/573 599/2128/579 600/2131/580
f 601/2132/581 600/2133/580 599/2134/579
f 600/2133/580 601/2132/581 602/2135/582
f 603/2136/583 602/2137/582 601/2138/581
f 602/2137/582 603/2136/583 604/2139/254
f 500/2140/136 604/2141/254 603/2142/583
f 604/2141/254 500/2140/136 501/2143/503
f 501/2144/503 605/2145/255 604/2146/254
f 605/2145/255 501/2144/503 502/2147/504
f 502/2148/504 606/2149/584 605/2150/255
f 606/2149/584 502/2148/504 503/2151/505
f 503/2152/505 607/2153/585 606/2154/584
f 607/2153/585 503/2152/505 504/2155/506
f 504/2156/506 608/2157/586 607/2158/585
f 608/2157/586 504/2156/506 609/2159/587
f 505/2160/507 609/2161/587 504/2162/506
f 609/2161/587 505/2160/507 610/2163/588
f 506/2164/508 610/2165/588 505/2166/507
f 610/2165/588 506/2164/508 611/2167/589
f 507/2168/509 611/2169/589 506/2170/508
f 611/2169/589 507/2168/509 508/2171/510
f 508/2172/510 612/2173/590 611/2174/589
f 612/2173/590 508/2172/510 509/2175/511
f 509/2176/511 613/2177/591 612/2178/590
f 613/2177/591 509/2176/511 510/2179/512
f 510/2180/512 614/2181/592 613/2182/591
f 614/2181/592 510/2180/512 511/2183/513
f 511/2184/513 513/2185/515 614/2186/592
f 513/2185/515 511/2184/513 512/2187/514
f 514/2188/516 614/2189/592 513/2190/515
f 614/2189/592 514/2188/516 615/2191/593
f 516/2192/272 615/2193/593 514/2194/516
f 615/2193/593 516/2192/272 616/2195/594
f 517/2196/518 616/2197/594 516/2198/272
f 616/2197/594 517/2196/518 617/2199/321
f 618/2200/595 617/2201/321 517/2202/518
f 617/2201/321 618/2200/595 619/2203/596
f 620/2204/597 619/2205/596 618/2206/595
f 619/2205/596 620/2204/597 621/2207/598
f 620/2208/597 579/2209/279 621/2210/598
f 579/2209/279 620/2208/597 577/2211/278
f 622/2212/599 577/2213/278 620/2214/597
f 577/2213/278 622/2212/599 576/2215/564
f 623/2216/600 576/2217/564 622/2218/599
f 576/2217/564 623/2216/600 624/2219/161
f 623/2220/600 521/2221/522 624/2222/161
f 625/2223/601 521/2224/522 623/2225/600
f 520/2226/521 521/2227/522 625/2228/601
f 626/2229/602 520/2230/521 625/2231/601
f 520/2230/521 626/2229/602 518/2232/519
f 618/2233/595 518/2234/519 626/2235/602
f 518/2234/519 618/2233/595 517/2236/518
f 626/2237/602 620/2238/597 618/2239/595
f 620/2238/597 626/2237/602 622/2240/599
f 625/2241/601 622/2242/599 626/2243/602
f 622/2242/599 625/2241/601 623/2244/600
f 624/2245/161 521/2246/522 627/2247/162
f 627/2248/162 521/2249/522 628/2250/603
f 522/2251/523 628/2252/603 521/2253/522
f 628/2252/603 522/2251/523 629/2254/604
f 522/2255/523 630/2256/605 629/2257/604
f 522/2258/523 631/2259/606 630/2260/605
f 522/2261/523 632/2262/607 631/2263/606
f 522/2264/523 633/2265/608 632/2266/607
f 522/2267/523 634/2268/215 633/2269/608
f 522/2270/523 523/2271/107 634/2272/215
f 523/2273/107 635/2274/609 634/2275/215
f 635/2274/609 523/2273/107 524/2276/524
f 524/2277/524 636/2278/217 635/2279/609
f 636/2278/217 524/2277/524 525/2280/525
f 525/2281/525 637/2282/610 636/2283/217
f 637/2282/610 525/2281/525 526/2284/526
f 526/2285/526 638/2286/611 637/2287/610
f 638/2286/611 526/2285/526 639/2288/612
f 527/2289/527 639/2290/612 526/2291/526
f 639/2290/612 527/2289/527 640/2292/613
f 528/2293/528 640/2294/613 527/2295/527
f 640/2294/613 528/2293/528 641/2296/614
f 529/2297/529 641/2298/614 528/2299/528
f 641/2298/614 529/2297/529 530/2300/530
f 530/2301/530 642/2302/615 641/2303/614
f 642/2302/615 530/2301/530 531/2304/531
f 532/2305/532 642/2306/615 531/2307/531
f 642/2306/615 532/2305/532 643/2308/616
f 532/2309/532 644/2310/617 643/2311/616
f 644/2310/617 532/2309/532 533/2312/533
f 533/2313/533 535/2314/535 644/2315/617
f 535/2314/535 533/2313/533 534/2316/534
f 536/2317/536 644/2318/617 535/2319/535
f 644/2318/617 536/2317/536 645/2320/618
f 537/2321/537 645/2322/618 536/2323/536
f 645/2322/618 537/2321/537 646/2324/619
f 539/2325/303 646/2326/619 537/2327/537
f 646/2326/619 539/2325/303 647/2328/620
f 541/2329/539 647/2330/620 539/2331/303
f 647/2330/620 541/2329/539 648/2332/621
f 543/2333/541 648/2334/621 541/2335/539
f 648/2334/621 543/2333/541 649/2336/622
f 543/2337/541 650/2338/623 649/2339/622
f 650/2338/623 543/2337/541 544/2340/191
f 544/2341/191 559/2342/192 650/2343/623
f 559/2342/192 544/2341/191 557/2344/551
f 545/2345/542 557/2346/551 544/2347/191
f 557/2346/551 545/2345/542 555/2348/550
f 547/2349/544 555/2350/550 545/2351/542
f 555/2350/550 547/2349/544 553/2352/187
f 549/2353/546 553/2354/187 547/2355/544
f 553/2354/187 549/2353/546 550/2356/547
f 561/2357/194 650/2358/623 559/2359/192
f 650/2358/623 561/2357/194 651/2360/624
f 563/2361/555 651/2362/624 561/2363/194
f 651/2362/624 563/2361/555 652/2364/625
f 565/2365/557 652/2366/625 563/2367/555
f 652/2366/625 565/2365/557 653/2368/199
f 567/2369/558 653/2370/199 565/2371/557
f 653/2370/199 567/2369/558 654/2372/201
f 569/2373/202 654/2374/201 567/2375/558
f 654/2374/201 569/2373/202 655/2376/626
f 569/2377/202 656/2378/627 655/2379/626
f 656/2378/627 569/2377/202 570/2380/559
f 570/2381/559 631/2382/606 656/2383/627
f 631/2382/606 570/2381/559 630/2384/605
f 571/2385/560 630/2386/605 570/2387/559
f 630/2386/605 571/2385/560 629/2388/604
f 573/2389/561 629/2390/604 571/2391/560
f 629/2390/604 573/2389/561 628/2392/603
f 575/2393/563 628/2394/603 573/2395/561
f 628/2394/603 575/2393/563 627/2396/162
f 575/2397/563 624/2398/161 627/2399/162
f 624/2398/161 575/2397/563 576/2400/564
f 632/2401/607 656/2402/627 631/2403/606
f 656/2402/627 632/2401/607 657/2404/628
f 633/2405/608 657/2406/628 632/2407/607
f 657/2406/628 633/2405/608 658/2408/629
f 634/2409/215 658/2410/629 633/2411/608
f 658/2410/629 634/2409/215 635/2412/609
f 635/2413/609 659/2414/296 658/2415/629
f 659/2414/296 635/2413/609 636/2416/217
f 637/2417/610 659/2418/296 636/2419/217
f 659/2418/296 637/2417/610 660/2420/630
f 638/2421/611 660/2422/630 637/2423/610
f 660/2422/630 638/2421/611 661/2424/631
f 662/2425/632 661/2426/631 638/2427/611
f 661/2426/631 662/2425/632 663/2428/633
f 662/2429/632 664/2430/634 663/2431/633
f 664/2430/634 662/2429/632 665/2432/635
f 666/2433/636 665/2434/635 662/2435/632
f 665/2434/635 666/2433/636 667/2436/637
f 666/2437/235 668/2438/235 667/2439/235
f 668/2438/235 666/2437/235 669/2440/235
f 666/2441/636 640/2442/613 669/2443/638
f 640/2442/613 666/2441/636 639/2444/612
f 662/2445/632 639/2446/612 666/2447/636
f 639/2446/612 662/2445/632 638/2448/611
f 641/2449/614 669/2450/638 640/2451/613
f 669/2450/638 641/2449/614 642/2452/615
f 643/2453/616 669/2454/638 642/2455/615
f 669/2454/638 643/2453/616 668/2456/639
f 643/2457/616 645/2458/618 668/2459/639
f 645/2458/618 643/2457/616 644/2460/617
f 646/2461/619 668/2462/639 645/2463/618
f 668/2462/639 646/2461/619 667/2464/637
f 647/2465/620 667/2466/637 646/2467/619
f 667/2466/637 647/2465/620 665/2468/635
f 648/2469/621 665/2470/635 647/2471/620
f 665/2470/635 648/2469/621 664/2472/634
f 649/2473/622 664/2474/634 648/2475/621
f 664/2474/634 649/2473/622 670/2476/640
f 649/2477/622 651/2478/624 670/2479/640
f 651/2478/624 649/2477/622 650/2480/623
f 652/2481/625 670/2482/640 651/2483/624
f 670/2482/640 652/2481/625 671/2484/292
f 653/2485/199 671/2486/292 652/2487/625
f 671/2486/292 653/2485/199 672/2488/641
f 654/2489/201 672/2490/641 653/2491/199
f 672/2490/641 654/2489/201 673/2492/642
f 655/2493/626 673/2494/642 654/2495/201
f 673/2494/642 655/2493/626 674/2496/295
f 655/2497/626 657/2498/628 674/2499/295
f 657/2498/628 655/2497/626 656/2500/627
f 658/2501/629 674/2502/295 657/2503/628
f 674/2502/295 658/2501/629 659/2504/296
f 660/2505/630 674/2506/295 659/2507/296
f 674/2506/295 660/2505/630 673/2508/642
f 661/2509/631 673/2510/642 660/2511/630
f 673/2510/642 661/2509/631 672/2512/641
f 663/2513/633 672/2514/641 661/2515/631
f 672/2514/641 663/2513/633 671/2516/292
f 663/2517/633 670/2518/640 671/2519/292
f 670/2518/640 663/2517/633 664/2520/634
f 581/2521/566 621/2522/598 579/2523/279
f 621/2522/598 581/2521/566 675/2524/643
f 583/2525/568 675/2526/643 581/2527/566
f 675/2526/643 583/2525/568 676/2528/644
f 585/2529/570 676/2530/644 583/2531/568
f 676/2530/644 585/2529/570 677/2532/645
f 587/2533/283 677/2534/645 585/2535/570
f 677/2534/645 587/2533/283 678/2536/646
f 589/2537/284 678/2538/646 587/2539/283
f 678/2538/646 589/2537/284 679/2540/647
f 591/2541/572 679/2542/647 589/2543/284
f 679/2542/647 591/2541/572 680/2544/330
f 591/2545/572 600/2546/580 680/2547/330
f 600/2546/580 591/2545/572 592/2548/573
f 602/2549/582 680/2550/330 600/2551/580
f 680/2550/330 602/2549/582 681/2552/310
f 604/2553/254 681/2554/310 602/2555/582
f 681/2554/310 604/2553/254 605/2556/255
f 606/2557/584 681/2558/310 605/2559/255
f 681/2558/310 606/2557/584 682/2560/648
f 607/2561/585 682/2562/648 606/2563/584
f 682/2562/648 607/2561/585 683/2564/649
f 608/2565/586 683/2566/649 607/2567/585
f 683/2566/649 608/2565/586 684/2568/650
f 608/2569/586 685/2570/651 684/2571/650
f 685/2570/651 608/2569/586 686/2572/652
f 609/2573/587 686/2574/652 608/2575/586
f 686/2574/652 609/2573/587 687/2576/653
f 610/2577/263 687/2578/263 609/2579/263
f 687/2578/263 610/2577/263 688/2580/263
f 611/2581/589 688/2582/653 610/2583/588
f 688/2582/653 611/2581/589 612/2584/590
f 612/2585/590 689/2586/654 688/2587/653
f 689/2586/654 612/2585/590 613/2588/591
f 613/2589/591 615/2590/593 689/2591/654
f 615/2590/593 613/2589/591 614/2592/592
f 616/2593/594 689/2594/654 615/2595/593
f 689/2594/654 616/2593/594 690/2596/655
f 617/2597/321 690/2598/655 616/2599/594
f 690/2598/655 617/2597/321 691/2600/656
f 619/2601/596 691/2602/656 617/2603/321
f 691/2602/656 619/2601/596 692/2604/657
f 621/2605/598 692/2606/657 619/2607/596
f 692/2606/657 621/2605/598 675/2608/643
f 675/2609/643 685/2610/651 692/2611/657
f 685/2610/651 675/2609/643 676/2612/644
f 676/2613/644 684/2614/650 685/2615/651
f 684/2614/650 676/2613/644 677/2616/645
f 678/2617/646 684/2618/650 677/2619/645
f 684/2618/650 678/2617/646 683/2620/649
f 679/2621/647 683/2622/649 678/2623/646
f 683/2622/649 679/2621/647 682/2624/648
f 680/2625/330 682/2626/648 679/2627/647
f 682/2626/648 680/2625/330 681/2628/310
f 686/2629/652 692/2630/657 685/2631/651
f 692/2630/657 686/2629/652 691/2632/656
f 687/2633/653 691/2634/656 686/2635/652
f 691/2634/656 687/2633/653 690/2636/655
f 688/2637/653 690/2638/655 687/2639/653
f 690/2638/655 688/2637/653 689/2640/654
f 500/2641/136 603/2642/583 499/2643/502
f 603/2644/583 601/2645/581 499/2646/502
f 601/2647/581 599/2648/579 499/2649/502
f 599/2650/579 598/2651/578 499/2652/502
f 598/2653/578 597/2654/577 499/2655/502
f 693/2656/178 554/2657/184 594/2658/180
f 554/2657/184 693/2656/178 556/2659/339
f 694/2660/658 556/2661/339 693/2662/178
f 556/2661/339 694/2660/658 558/2663/552
f 695/2664/659 558/2665/552 694/2666/658
f 558/2665/552 695/2664/659 560/2667/553
f 696/2668/336 560/2669/336 695/2670/336
f 560/2669/336 696/2668/336 562/2671/336
f 697/2672/660 562/2673/554 696/2674/661
f 562/2673/554 697/2672/660 564/2675/556
f 698/2676/168 564/2677/556 697/2678/660
f 564/2677/556 698/2676/168 566/2679/333
f 572/2680/166 566/2681/333 698/2682/168
f 566/2681/333 572/2680/166 568/2683/206
f 698/2684/168 574/2685/562 572/2686/166
f 574/2685/562 698/2684/168 578/2687/565
f 697/2688/660 578/2689/565 698/2690/168
f 578/2689/565 697/2688/660 580/2691/171
f 696/2692/661 580/2693/171 697/2694/660
f 580/2693/171 696/2692/661 582/2695/567
f 695/2696/659 582/2697/567 696/2698/661
f 582/2697/567 695/2696/659 584/2699/569
f 694/2700/658 584/2701/569 695/2702/659
f 584/2701/569 694/2700/658 586/2703/177
f 693/2704/178 586/2705/177 694/2706/658
f 586/2705/177 693/2704/178 588/2707/571
f 594/2708/180 588/2709/571 693/2710/178
f 588/2709/571 594/2708/180 590/2711/181
f 498/2712/501 548/2713/545 699/2714/662
f 546/2715/543 699/2716/662 548/2717/545
f 699/2716/662 546/2715/543 700/2718/663
f 542/2719/540 700/2720/663 546/2721/543
f 700/2720/663 542/2719/540 540/2722/306
f 540/2723/306 701/2724/664 700/2725/663
f 701/2724/664 540/2723/306 538/2726/538
f 538/2727/538 496/2728/500 701/2729/664
f 496/2728/500 538/2727/538 495/2730/239
f 497/2731/131 701/2732/664 496/2733/500
f 701/2732/664 497/2731/131 702/2734/665
f 498/2735/501 702/2736/665 497/2737/131
f 498/2738/501 699/2739/662 702/2740/665
f 700/2741/663 702/2742/665 699/2743/662
f 702/2742/665 700/2741/663 701/2744/664
f 703/2745/666 87/2746/87 143/2747/145
f 87/2746/87 703/2745/666 86/2748/86
f 704/2749/667 86/2750/86 703/2751/666
f 86/2750/86 704/2749/667 85/2752/85
f 84/2753/84 85/2754/85 704/2755/667
f 84/2756/84 704/2757/667 705/2758/668
f 703/2759/666 705/2760/668 704/2761/667
f 705/2760/668 703/2759/666 706/2762/669
f 143/2763/145 706/2764/669 703/2765/666
f 706/2764/669 143/2763/145 141/2766/143
f 141/2767/143 135/2768/137 706/2769/669
f 135/2768/137 141/2767/143 137/2770/139
f 133/2771/134 706/2772/669 135/2773/137
f 706/2772/669 133/2771/134 705/2774/668
f 84/2775/84 705/2776/668 133/2777/134
f 127/2778/128 125/2779/126 83/2780/83
f 707/2781/670 72/2782/72 115/2783/116
f 72/2782/72 707/2781/670 71/2784/71
f 708/2785/671 71/2786/71 707/2787/670
f 71/2786/71 708/2785/671 70/2788/70
f 708/2789/671 103/2790/106 70/2791/70
f 709/2792/672 103/2793/106 708/2794/671
f 105/2795/104 103/2796/106 709/2797/672
f 710/2798/673 105/2799/104 709/2800/672
f 105/2799/104 710/2798/673 107/2801/108
f 113/2802/114 107/2803/108 710/2804/673
f 107/2803/108 113/2802/114 109/2805/110
f 710/2806/673 115/2807/116 113/2808/114
f 115/2807/116 710/2806/673 707/2809/670
f 709/2810/672 707/2811/670 710/2812/673
f 707/2811/670 709/2810/672 708/2813/671
f 70/2814/70 103/2815/106 69/2816/69
f 69/2817/69 103/2818/106 68/2819/68
f 68/2820/68 103/2821/106 67/2822/67
f 97/2823/97 67/2824/67 103/2825/106
f 67/2824/67 97/2823/97 66/2826/66
f 97/2827/97 65/2828/65 66/2829/66
f 97/2830/97 64/2831/64 65/2832/65
f 43/2833/43 10/2834/9 45/2835/45
f 10/2834/9 43/2833/43 8/2836/7
f 41/2837/41 8/2838/7 43/2839/43
f 8/2838/7 41/2837/41 6/2840/5
f 39/2841/39 6/2842/5 41/2843/41
f 6/2842/5 39/2841/39 4/2844/3
f 37/1918/37 4/2845/3 39/2846/39
f 4/2845/3 37/1918/37 2/2847/674
f 35/2848/35 2/2849/674 37/2850/37
f 2/2849/674 35/2848/35 711/2851/675
f 33/2852/33 711/2853/675 35/2854/35
f 711/2853/675 33/2852/33 712/2855/676
f 29/2856/29 712/2857/676 33/2858/33
f 712/2857/676 29/2856/29 27/2859/27
f 27/2860/27 21/2861/21 712/2862/676
f 21/2861/21 27/2860/27 23/2863/23
f 19/2864/19 712/2865/676 21/2866/21
f 712/2865/676 19/2864/19 711/2867/675
f 3/2868/17 711/2869/675 19/2870/19
f 711/2869/675 3/2868/17 2/2871/674
usemtl Color_M05
f 713/2872/1 714/2873/1 715/2874/1
f 714/2873/1 713/2872/1 716/2875/1
f 713/2876/133 717/2877/133 716/2878/133
f 717/2877/133 713/2876/133 718/2879/133
f 713/2872/263 719/2880/263 718/2881/263
f 719/2880/263 713/2872/263 715/2882/263
f 714/2883/103 719/2879/103 715/2876/103
f 719/2879/103 714/2883/103 720/2884/103
f 716/2872/235 720/2885/235 714/2886/235
f 720/2885/235 716/2872/235 717/2887/235
usemtl Monumental_Figure
f 717/2888/336 719/2889/336 720/2890/336
f 719/2889/336 717/2888/336 718/2891/336
