# Blender 4.4.3
# www.blender.org
mtllib skull.mtl
o skeleton
v 0.057355 0.126870 -0.009056
v 0.054286 0.138604 -0.011708
v 0.053915 0.142415 -0.010151
v 0.057560 0.120043 -0.006554
v 0.051106 0.137565 -0.006891
v 0.051772 0.141348 -0.007650
v 0.055450 0.141904 -0.004871
v 0.052722 0.133614 -0.006267
v 0.059505 0.100056 -0.003959
v 0.067081 0.142181 -0.004750
v 0.057621 0.079164 -0.003492
v 0.063751 0.143547 -0.003565
v 0.069662 0.138323 -0.004227
v 0.055466 0.127523 -0.004736
v 0.057791 0.135385 -0.002430
v 0.065450 0.139207 -0.001586
v 0.064753 0.135326 -0.000159
v 0.058805 0.126288 0.002729
v 0.067327 0.129841 -0.001535
v 0.069166 0.133655 -0.002710
v 0.058429 0.129905 -0.000929
v 0.058991 0.069743 0.006920
v 0.057198 0.075277 0.015123
v 0.062616 0.128331 0.003990
v 0.056696 0.068401 0.004581
v 0.061524 0.100871 0.009199
v 0.057180 0.124238 0.010185
v 0.050590 0.060298 0.024628
v 0.050781 0.063873 0.029259
v 0.047775 0.058562 0.022250
v 0.057706 0.127910 0.018461
v 0.049315 0.107896 0.013491
v 0.057624 0.132896 0.021488
v 0.043620 0.094703 0.016980
v 0.037401 0.088536 0.020874
v 0.057198 0.137958 0.023767
v 0.054431 0.138333 0.024221
v 0.054345 0.143380 0.028355
v 0.055819 0.143975 0.028556
v 0.030063 0.083656 0.030401
v 0.049246 0.103840 0.031696
v 0.053392 0.122646 0.031808
v 0.052645 0.092542 0.028009
v 0.047177 0.093870 0.033393
v 0.053281 0.128902 0.033642
v 0.033865 0.083896 0.033906
v 0.052992 0.143511 0.031222
v 0.044355 0.087386 0.036217
v 0.050598 0.121840 0.033413
v 0.055424 0.141078 0.036189
v 0.051751 0.084136 0.030165
v 0.054784 0.144654 0.033932
v 0.053396 0.141712 0.036731
v 0.052201 0.136297 0.036400
v 0.040425 0.081876 0.042086
v 0.045619 0.076714 0.038873
v 0.024928 0.047627 0.049848
v 0.036513 0.047631 0.043934
v 0.031365 0.079043 0.051033
v 0.037457 0.051699 0.045684
v 0.028372 0.040376 0.052064
v 0.035270 0.076072 0.054363
v 0.023809 0.073859 0.058254
v 0.031008 0.041295 0.054903
v 0.037900 0.069298 0.051524
v 0.018085 0.044727 0.056263
v 0.021620 0.036344 0.059859
v 0.012171 0.043477 0.060515
v 0.024016 0.037252 0.063647
v 0.036238 0.061456 0.049541
v 0.018525 0.072318 0.065888
v 0.014705 0.034193 0.064271
v 0.007955 0.033582 0.066490
v 0.019971 0.073728 0.070739
v 0.028961 0.056933 0.059087
v 0.017058 0.035587 0.069079
v 0.017958 0.042684 0.070907
v 0.012933 0.070760 0.070367
v 0.008503 0.034989 0.071815
v 0.029156 0.073615 0.065016
v 0.008022 0.042515 0.074866
v 0.007591 0.055249 0.072296
v 0.014499 0.072403 0.075551
v 0.005393 0.069496 0.073562
v 0.015682 0.070497 0.078423
v 0.005904 0.071675 0.078373
v 0.006279 0.069970 0.081626
v 0.024457 0.043334 0.065245
v 0.030811 0.045488 0.057407
v 0.005881 0.042601 0.062052
v 0.033668 0.045535 0.042863
v 0.029927 0.051810 0.041328
v 0.059305 0.085729 0.010194
v 0.045737 0.070182 0.035186
v 0.054685 0.080172 0.022747
v 0.060220 0.080623 -0.000906
v 0.056398 0.090093 0.020129
v 0.058331 0.102268 0.019932
v 0.061217 0.100024 -0.000622
v 0.052002 0.070134 0.005651
v 0.053827 0.079979 -0.002014
v 0.027279 0.077053 0.047882
v 0.053454 0.103610 0.028286
v 0.055271 0.102017 -0.003885
v 0.046492 0.106366 0.026482
v 0.041072 0.094119 0.027134
v 0.038875 0.087369 0.028893
v 0.061656 0.123176 0.010320
v 0.062658 0.120135 -0.005653
v 0.060035 0.125313 0.010474
v 0.063781 0.127158 -0.008363
v 0.064965 0.132659 -0.009910
v 0.055188 0.133933 -0.010179
v 0.065165 0.138114 -0.010641
v 0.055655 0.138611 -0.003196
v 0.063871 0.143040 -0.008453
v 0.064408 0.132220 0.000949
v 0.054750 0.127952 0.019145
v 0.054581 0.132261 0.021530
v 0.051047 0.128203 0.035259
v 0.050163 0.137135 0.032535
v 0.051180 0.140517 0.033309
v 0.055454 0.136294 0.035475
v 0.049367 0.129189 0.031072
v 0.056114 0.143696 0.033818
v 0.056444 0.142796 0.029238
v 0.058848 0.138008 0.027450
v 0.058385 0.131955 0.024660
v 0.059015 0.126173 0.020621
v 0.064819 0.125340 0.002756
v 0.056507 0.120584 -0.000077
v 0.053415 0.121339 0.012602
v 0.006734 0.062461 0.076334
v 0.028034 0.065210 0.060927
v 0.025933 0.075793 0.062551
v 0.021796 0.071664 0.074305
v 0.022093 0.064488 0.067841
v 0.022514 0.055788 0.065183
v 0.015636 0.063207 0.072823
v 0.016244 0.055142 0.069889
v 0.042982 0.061190 0.022159
v 0.048955 0.124359 0.029118
v -0.005784 0.071675 0.078373
v 0.000060 0.071221 0.078785
v 0.000060 0.069734 0.082126
v -0.006159 0.069970 0.081626
v -0.029807 0.051810 0.041328
v -0.027159 0.077053 0.047882
v -0.029943 0.083656 0.030401
v -0.042862 0.061190 0.022159
v -0.038755 0.087369 0.028893
v -0.044235 0.087386 0.036217
v -0.047057 0.093870 0.033393
v -0.040952 0.094119 0.027134
v -0.005273 0.069496 0.073562
v 0.000060 0.069434 0.074270
v -0.064288 0.132220 0.000949
v -0.058309 0.129905 -0.000929
v -0.058685 0.126288 0.002729
v -0.062496 0.128331 0.003990
v -0.057060 0.124238 0.010185
v -0.059915 0.125313 0.010474
v -0.065045 0.138114 -0.010641
v -0.063751 0.143040 -0.008453
v -0.066961 0.142181 -0.004750
v -0.069542 0.138323 -0.004227
v -0.050986 0.137565 -0.006891
v -0.054166 0.138604 -0.011708
v -0.055068 0.133933 -0.010179
v -0.052602 0.133614 -0.006267
v -0.016938 0.035587 0.069079
v -0.008383 0.034989 0.071815
v -0.007835 0.033582 0.066490
v -0.014585 0.034193 0.064271
v -0.061404 0.100871 0.009199
v -0.059185 0.085729 0.010194
v -0.060100 0.080623 -0.000906
v -0.061097 0.100024 -0.000622
v -0.062538 0.120135 -0.005653
v -0.064699 0.125340 0.002756
v -0.059385 0.100056 -0.003959
v -0.005761 0.042601 0.062052
v -0.012051 0.043477 0.060515
v 0.000060 0.042622 0.062528
v 0.000060 0.055670 0.073546
v 0.000060 0.043175 0.076098
v -0.007902 0.042515 0.074866
v -0.007471 0.055249 0.072296
v -0.054664 0.144654 0.033932
v -0.052872 0.143511 0.031222
v -0.051060 0.140517 0.033309
v -0.053276 0.141712 0.036731
v -0.054225 0.143380 0.028355
v -0.055699 0.143975 0.028556
v -0.057504 0.132896 0.021488
v -0.054461 0.132261 0.021530
v -0.054311 0.138333 0.024221
v -0.057078 0.137958 0.023767
v -0.021676 0.071664 0.074305
v -0.029036 0.073615 0.065016
v -0.025813 0.075793 0.062551
v -0.019851 0.073728 0.070739
v -0.015562 0.070497 0.078423
v -0.006614 0.062461 0.076334
v -0.015516 0.063207 0.072823
v -0.064633 0.135326 -0.000159
v -0.057671 0.135385 -0.002430
v -0.055330 0.141904 -0.004871
v -0.051652 0.141348 -0.007650
v -0.055535 0.138611 -0.003196
v -0.053795 0.142415 -0.010151
v -0.063631 0.143547 -0.003565
v -0.065330 0.139207 -0.001586
v -0.055994 0.143696 0.033818
v -0.056324 0.142796 0.029238
v -0.058728 0.138008 0.027450
v -0.058265 0.131955 0.024660
v -0.045499 0.076714 0.038873
v -0.037780 0.069298 0.051524
v -0.036118 0.061456 0.049541
v -0.045617 0.070182 0.035186
v -0.051631 0.084136 0.030165
v -0.040305 0.081876 0.042086
v -0.053161 0.128902 0.033642
v -0.053272 0.122646 0.031808
v -0.058895 0.126173 0.020621
v -0.050661 0.063873 0.029259
v -0.037337 0.051699 0.045684
v -0.036393 0.047631 0.043934
v -0.050470 0.060298 0.024628
v -0.047655 0.058562 0.022250
v -0.033548 0.045535 0.042863
v -0.057078 0.075277 0.015123
v -0.058871 0.069743 0.006920
v -0.064845 0.132659 -0.009910
v -0.069046 0.133655 -0.002710
v -0.067207 0.129841 -0.001535
v -0.063661 0.127158 -0.008363
v -0.049126 0.103840 0.031696
v -0.052525 0.092542 0.028009
v -0.053334 0.103610 0.028286
v -0.050043 0.137135 0.032535
v -0.023689 0.073859 0.058254
v -0.018405 0.072318 0.065888
v -0.056387 0.120584 -0.000077
v -0.053295 0.121339 0.012602
v -0.017838 0.042684 0.070907
v -0.016124 0.055142 0.069889
v -0.058211 0.102268 0.019932
v -0.061536 0.123176 0.010320
v -0.056576 0.068401 0.004581
v -0.017965 0.044727 0.056263
v -0.021500 0.036344 0.059859
v -0.014379 0.072403 0.075551
v -0.012813 0.070760 0.070367
v -0.057501 0.079164 -0.003492
v -0.051882 0.070134 0.005651
v -0.053707 0.079979 -0.002014
v -0.021973 0.064488 0.067841
v -0.027914 0.065210 0.060927
v -0.046372 0.106366 0.026482
v -0.055304 0.141078 0.036189
v -0.052081 0.136297 0.036400
v -0.055334 0.136294 0.035475
v -0.050927 0.128203 0.035259
v -0.050478 0.121840 0.033413
v -0.057235 0.126870 -0.009056
v -0.055346 0.127523 -0.004736
v 0.000060 0.035063 0.073215
v -0.028252 0.040376 0.052064
v -0.030888 0.041295 0.054903
v -0.023896 0.037252 0.063647
v -0.024808 0.047627 0.049848
v -0.035150 0.076072 0.054363
v -0.031245 0.079043 0.051033
v -0.024336 0.043334 0.065245
v -0.030691 0.045488 0.057407
v 0.000060 0.033147 0.067286
v -0.054565 0.080172 0.022747
v -0.056278 0.090093 0.020129
v -0.037281 0.088536 0.020874
v -0.043500 0.094703 0.016980
v -0.055151 0.102017 -0.003885
v -0.049195 0.107896 0.013491
v -0.033745 0.083896 0.033906
v -0.057440 0.120043 -0.006554
v -0.054630 0.127952 0.019145
v -0.057586 0.127910 0.018461
v -0.048834 0.124359 0.029118
v -0.049247 0.129189 0.031072
v -0.028841 0.056933 0.059087
v -0.022394 0.055788 0.065183
v 0.000060 0.062577 0.077036
v 0.002945 0.082794 0.083284
v 0.010723 0.084070 0.079993
v 0.011347 0.084807 0.081943
v 0.003755 0.083428 0.084630
v 0.000549 0.098386 0.079873
v 0.006284 0.099151 0.077743
v 0.007026 0.100454 0.080143
v 0.001321 0.099701 0.081910
v 0.012382 0.083714 0.080676
v 0.002449 0.081944 0.084514
v 0.000260 0.098992 0.081470
v 0.007444 0.099955 0.078459
v 0.001801 0.088445 0.082520
v 0.009470 0.089792 0.079008
v 0.010379 0.090013 0.081691
v 0.002747 0.088413 0.084381
v 0.000856 0.088154 0.083905
v 0.011327 0.089791 0.079989
v 0.008975 0.082900 0.080901
v 0.009708 0.083633 0.083330
v 0.004880 0.098824 0.077852
v 0.005329 0.100443 0.081237
v 0.009626 0.082185 0.082171
v 0.007010 0.088974 0.080174
v 0.008324 0.089618 0.083218
v 0.002889 0.100226 0.082062
v 0.005308 0.088947 0.084312
v 0.006354 0.083060 0.084501
v 0.006024 0.081426 0.083471
v 0.005482 0.082180 0.082340
v 0.004274 0.088696 0.081406
v 0.002228 0.098505 0.078754
v 0.005817 0.080250 0.079695
v 0.000111 0.080291 0.079979
v 0.000564 0.078955 0.082310
v 0.005920 0.079328 0.081694
v 0.005356 0.069886 0.077580
v 0.001128 0.069668 0.077745
v 0.001345 0.069270 0.080918
v 0.004858 0.069311 0.080446
v -0.000568 0.080603 0.081601
v 0.006589 0.080715 0.080977
v 0.006201 0.069717 0.079413
v 0.000114 0.069391 0.079667
v 0.006056 0.076059 0.079479
v 0.000324 0.075757 0.079614
v 0.000388 0.076271 0.082221
v 0.005918 0.076815 0.081688
v 0.006932 0.076936 0.080347
v -0.000637 0.076160 0.080772
v 0.003128 0.081193 0.079524
v 0.003046 0.080013 0.082034
v 0.003381 0.069821 0.077578
v 0.003374 0.069294 0.080645
v 0.002911 0.081343 0.081267
v 0.003285 0.076062 0.079247
v 0.003373 0.076639 0.082371
v 0.032759 0.085751 0.049220
v 0.034018 0.086484 0.046618
v 0.031230 0.086576 0.046000
v 0.029879 0.085863 0.047313
v 0.028206 0.085421 0.051271
v 0.028176 0.086158 0.049486
v 0.028058 0.082357 0.048141
v 0.027584 0.083697 0.050286
v 0.030361 0.083558 0.054521
v 0.032276 0.083202 0.054053
v 0.032142 0.083723 0.054122
v 0.030199 0.084695 0.054254
v 0.035819 0.082111 0.049883
v 0.036101 0.082741 0.047384
v 0.035543 0.085615 0.048372
v 0.035373 0.085248 0.050798
v 0.034899 0.083381 0.044721
v 0.031931 0.083241 0.044357
v 0.031580 0.085663 0.051807
v 0.030639 0.084851 0.053367
v 0.032875 0.084254 0.053667
v 0.034034 0.084686 0.052808
v 0.028150 0.083678 0.052501
v 0.028282 0.084714 0.052403
v 0.030531 0.075562 0.045119
v 0.029625 0.082944 0.045863
v 0.032174 0.075779 0.044110
v 0.030743 0.074237 0.049824
v 0.032826 0.074201 0.049709
v 0.032680 0.080885 0.053789
v 0.030325 0.080772 0.053528
v 0.033540 0.074380 0.048849
v 0.034682 0.081396 0.052346
v 0.033865 0.075585 0.044736
v 0.034281 0.074891 0.046510
v 0.027750 0.081489 0.051257
v 0.029541 0.074652 0.048543
v 0.033958 0.082896 0.053499
v 0.029569 0.075081 0.046899
v 0.034309 0.074698 0.047350
v 0.024767 0.082151 0.065024
v 0.026196 0.082663 0.063394
v 0.024340 0.082643 0.062377
v 0.023111 0.082074 0.063073
v 0.021106 0.081880 0.065563
v 0.021450 0.082413 0.064247
v 0.021662 0.079062 0.063494
v 0.020875 0.080327 0.064839
v 0.021978 0.080510 0.068422
v 0.023438 0.080220 0.068504
v 0.023325 0.080670 0.068495
v 0.021911 0.081470 0.068131
v 0.026825 0.079125 0.066339
v 0.027538 0.079532 0.064587
v 0.026923 0.082049 0.065003
v 0.026303 0.081866 0.066710
v 0.027230 0.079904 0.062413
v 0.025194 0.079695 0.061554
v 0.023394 0.082196 0.066622
v 0.022407 0.081564 0.067583
v 0.023939 0.081117 0.068291
v 0.024938 0.081467 0.067894
v 0.020821 0.080449 0.066527
v 0.020930 0.081338 0.066423
v 0.024078 0.073096 0.062262
v 0.023244 0.079473 0.062165
v 0.025454 0.073263 0.061871
v 0.023264 0.072228 0.065722
v 0.024770 0.072238 0.066071
v 0.023791 0.078220 0.068537
v 0.022170 0.078054 0.067875
v 0.025454 0.072359 0.065596
v 0.025510 0.078624 0.067895
v 0.026529 0.073171 0.062674
v 0.026461 0.072683 0.064059
v 0.020804 0.078485 0.065692
v 0.022671 0.072485 0.064542
v 0.024750 0.079964 0.068475
v 0.023029 0.072763 0.063356
v 0.026309 0.072565 0.064672
v 0.028986 0.086296 0.055855
v 0.030284 0.086418 0.053078
v 0.027445 0.086573 0.052443
v 0.026060 0.086902 0.053985
v 0.024329 0.085963 0.057932
v 0.024307 0.085796 0.055927
v 0.024210 0.090526 0.056215
v 0.023708 0.088252 0.057704
v 0.026515 0.086825 0.061803
v 0.028472 0.087373 0.061510
v 0.028333 0.086768 0.061360
v 0.026346 0.085658 0.061079
v 0.032118 0.090076 0.057999
v 0.032420 0.090285 0.055359
v 0.031833 0.086728 0.055112
v 0.031645 0.086251 0.057573
v 0.031208 0.090561 0.052554
v 0.028182 0.090883 0.052257
v 0.027767 0.085460 0.058353
v 0.026800 0.085804 0.060171
v 0.029082 0.086336 0.060709
v 0.030268 0.086155 0.059717
v 0.024271 0.087456 0.059823
v 0.024402 0.086336 0.059302
v 0.026778 0.099178 0.056149
v 0.025821 0.090689 0.053807
v 0.028460 0.099287 0.055103
v 0.026969 0.098929 0.061178
v 0.029096 0.098988 0.061090
v 0.028896 0.090047 0.062216
v 0.026495 0.090295 0.062007
v 0.029828 0.099096 0.060199
v 0.030944 0.089983 0.060636
v 0.030182 0.099255 0.055785
v 0.030597 0.099374 0.057763
v 0.023879 0.090356 0.059540
v 0.025750 0.098949 0.059784
v 0.030194 0.087898 0.061114
v 0.025787 0.099072 0.058040
v 0.030622 0.099282 0.058642
v 0.023058 0.082813 0.075230
v 0.024533 0.084500 0.073183
v 0.022916 0.084767 0.072467
v 0.022030 0.082997 0.074139
v 0.018555 0.085064 0.076451
v 0.020150 0.082866 0.075506
v 0.019510 0.088621 0.074613
v 0.017819 0.088814 0.075620
v 0.020565 0.086504 0.078209
v 0.019251 0.084667 0.078406
v 0.018024 0.089326 0.077456
v 0.019943 0.089494 0.078140
v 0.023465 0.089057 0.075136
v 0.024231 0.088929 0.074008
v 0.024429 0.086496 0.074193
v 0.023494 0.084765 0.075510
v 0.024047 0.088573 0.072116
v 0.022548 0.088599 0.071709
v 0.021573 0.084834 0.077498
v 0.021113 0.082196 0.076973
v 0.018577 0.097624 0.070614
v 0.021311 0.088523 0.072948
v 0.020156 0.097626 0.069960
v 0.016945 0.098443 0.074940
v 0.018862 0.098840 0.075289
v 0.019882 0.098835 0.074664
v 0.021551 0.089326 0.077078
v 0.021662 0.098186 0.070772
v 0.021329 0.098797 0.072573
v 0.016684 0.097776 0.073298
v 0.017238 0.097741 0.072038
v 0.021046 0.098769 0.073471
v 0.013386 0.081503 0.076516
v 0.016279 0.080394 0.074419
v 0.014915 0.079878 0.073847
v 0.012609 0.081119 0.074982
v 0.010299 0.080658 0.077121
v 0.012392 0.076012 0.075530
v 0.010103 0.076122 0.077466
v 0.011900 0.079566 0.079035
v 0.010629 0.081244 0.078775
v 0.009947 0.076776 0.078871
v 0.011601 0.076933 0.079507
v 0.014195 0.076944 0.077975
v 0.015957 0.076721 0.076022
v 0.016059 0.079197 0.075603
v 0.013866 0.080268 0.077304
v 0.016076 0.076554 0.074348
v 0.014836 0.075694 0.074244
v 0.011319 0.069652 0.075145
v 0.012974 0.069472 0.074081
v 0.009711 0.069884 0.078692
v 0.011420 0.069762 0.079092
v 0.012970 0.069501 0.077778
v 0.014677 0.069421 0.075177
v 0.014102 0.069311 0.076819
v 0.009520 0.069800 0.076511
v -0.007983 0.080484 0.082535
v -0.004228 0.080145 0.082900
v -0.004077 0.081079 0.081693
v -0.007760 0.081403 0.081157
v -0.009743 0.082414 0.080777
v -0.006817 0.088031 0.080533
v -0.009484 0.088591 0.080031
v -0.009952 0.082961 0.082981
v -0.011087 0.081757 0.081841
v -0.010984 0.088252 0.081481
v -0.009724 0.088513 0.082998
v -0.007401 0.088309 0.084007
v -0.004250 0.087988 0.084314
v -0.004485 0.081724 0.084185
v -0.007957 0.081897 0.083873
v -0.001562 0.082029 0.082091
v -0.000708 0.081143 0.083134
v -0.000100 0.087850 0.082735
v -0.001344 0.088102 0.081589
v -0.001783 0.087809 0.083706
v -0.002074 0.082480 0.083717
v -0.006543 0.098699 0.078621
v -0.003942 0.088068 0.081088
v -0.003820 0.098702 0.078856
v -0.008926 0.099453 0.079974
v -0.008197 0.099923 0.081630
v -0.006355 0.100093 0.082324
v -0.001401 0.099322 0.081179
v -0.001976 0.098755 0.079571
v -0.002370 0.099872 0.081954
v -0.007917 0.098838 0.078885
v -0.003859 0.100175 0.082543
v -0.019486 0.084366 0.072863
v -0.021326 0.082875 0.071466
v -0.020004 0.082345 0.070624
v -0.018750 0.083940 0.071754
v -0.015438 0.082002 0.073639
v -0.016813 0.083969 0.072700
v -0.016961 0.078876 0.072624
v -0.015286 0.078611 0.073319
v -0.017121 0.081260 0.075724
v -0.015712 0.082672 0.075450
v -0.015227 0.078428 0.075082
v -0.016872 0.078624 0.076000
v -0.020505 0.079095 0.073729
v -0.021368 0.079166 0.072802
v -0.021270 0.081287 0.072650
v -0.020034 0.082797 0.073458
v -0.021471 0.079213 0.071014
v -0.020182 0.078942 0.070434
v -0.017979 0.082727 0.074988
v -0.017380 0.084847 0.074070
v -0.017677 0.070599 0.070163
v -0.018852 0.078994 0.071365
v -0.019213 0.070726 0.069800
v -0.015582 0.070216 0.073956
v -0.017303 0.070175 0.074605
v -0.018327 0.070238 0.074185
v -0.018483 0.078850 0.075247
v -0.020504 0.070549 0.070831
v -0.019972 0.070206 0.072498
v -0.015543 0.070547 0.072338
v -0.016245 0.070496 0.071274
v -0.019568 0.070302 0.073265
v -0.008232 0.081786 0.081267
v -0.011579 0.080139 0.080977
v -0.010707 0.079913 0.079695
v -0.008397 0.081580 0.079524
v -0.005248 0.081572 0.079979
v -0.007091 0.076616 0.079247
v -0.004165 0.077164 0.079614
v -0.005302 0.080162 0.082310
v -0.004685 0.082064 0.081601
v -0.003358 0.077823 0.080772
v -0.004372 0.077639 0.082221
v -0.007339 0.077144 0.082371
v -0.009829 0.076591 0.081688
v -0.010545 0.079000 0.081694
v -0.007983 0.080472 0.082034
v -0.010836 0.076419 0.080347
v -0.009747 0.075827 0.079479
v -0.005411 0.070604 0.077578
v -0.007323 0.070106 0.077580
v -0.002157 0.071120 0.079667
v -0.003302 0.070654 0.080918
v -0.005255 0.070101 0.080645
v -0.008086 0.069704 0.079413
v -0.006682 0.069696 0.080446
v -0.003208 0.071097 0.077745
v -0.024227 0.082151 0.065024
v -0.025656 0.082663 0.063394
v -0.023801 0.082643 0.062377
v -0.022572 0.082074 0.063073
v -0.020567 0.081880 0.065563
v -0.020910 0.082413 0.064247
v -0.021123 0.079062 0.063494
v -0.020336 0.080327 0.064839
v -0.021438 0.080510 0.068422
v -0.022898 0.080220 0.068504
v -0.022786 0.080670 0.068495
v -0.021372 0.081470 0.068131
v -0.026285 0.079125 0.066339
v -0.026999 0.079532 0.064587
v -0.026383 0.082049 0.065003
v -0.025763 0.081866 0.066710
v -0.026690 0.079904 0.062413
v -0.024654 0.079695 0.061554
v -0.022855 0.082196 0.066622
v -0.021867 0.081564 0.067583
v -0.023399 0.081117 0.068291
v -0.024399 0.081467 0.067894
v -0.020281 0.080449 0.066527
v -0.020391 0.081338 0.066423
v -0.023539 0.073096 0.062262
v -0.022705 0.079473 0.062165
v -0.024914 0.073263 0.061871
v -0.022724 0.072228 0.065722
v -0.024230 0.072238 0.066071
v -0.023252 0.078220 0.068537
v -0.021631 0.078054 0.067875
v -0.024914 0.072359 0.065596
v -0.024971 0.078624 0.067895
v -0.025989 0.073171 0.062674
v -0.025922 0.072683 0.064059
v -0.020264 0.078485 0.065692
v -0.022132 0.072485 0.064542
v -0.024211 0.079964 0.068475
v -0.022489 0.072763 0.063356
v -0.025769 0.072565 0.064672
v -0.028381 0.086296 0.055855
v -0.025454 0.086902 0.053985
v -0.026839 0.086573 0.052443
v -0.029679 0.086418 0.053078
v -0.023724 0.085963 0.057932
v -0.023102 0.088252 0.057704
v -0.023604 0.090526 0.056215
v -0.023702 0.085796 0.055927
v -0.025909 0.086825 0.061803
v -0.025740 0.085658 0.061079
v -0.027727 0.086768 0.061360
v -0.027867 0.087373 0.061510
v -0.031513 0.090076 0.057999
v -0.031039 0.086251 0.057573
v -0.031227 0.086728 0.055112
v -0.031814 0.090285 0.055359
v -0.027577 0.090883 0.052257
v -0.030602 0.090561 0.052554
v -0.027162 0.085460 0.058353
v -0.029663 0.086155 0.059717
v -0.028477 0.086336 0.060709
v -0.026195 0.085804 0.060171
v -0.023665 0.087456 0.059823
v -0.023797 0.086336 0.059302
v -0.026173 0.099178 0.056149
v -0.027854 0.099287 0.055103
v -0.025215 0.090689 0.053807
v -0.026364 0.098929 0.061178
v -0.025889 0.090295 0.062007
v -0.028290 0.090047 0.062216
v -0.028490 0.098988 0.061090
v -0.030339 0.089983 0.060636
v -0.029223 0.099096 0.060199
v -0.029576 0.099255 0.055785
v -0.029992 0.099374 0.057763
v -0.023273 0.090356 0.059540
v -0.025144 0.098949 0.059784
v -0.029588 0.087898 0.061114
v -0.025182 0.099072 0.058040
v -0.030016 0.099282 0.058642
v -0.018717 0.082949 0.077039
v -0.016134 0.082290 0.078737
v -0.015492 0.083060 0.078026
v -0.017955 0.083709 0.076236
v -0.019195 0.084709 0.075268
v -0.016620 0.088757 0.076637
v -0.018340 0.089484 0.075285
v -0.020184 0.085031 0.076750
v -0.020637 0.084280 0.075433
v -0.020029 0.089295 0.075678
v -0.019690 0.089287 0.077240
v -0.018401 0.088841 0.078833
v -0.016236 0.088261 0.080256
v -0.016735 0.083463 0.079637
v -0.019140 0.083963 0.078074
v -0.013752 0.083518 0.079353
v -0.013592 0.082693 0.080347
v -0.012586 0.087823 0.080777
v -0.013028 0.088204 0.079515
v -0.014202 0.087908 0.080788
v -0.014741 0.083829 0.080310
v -0.015024 0.097056 0.076166
v -0.014734 0.088467 0.078149
v -0.013124 0.096771 0.077395
v -0.017255 0.097803 0.076223
v -0.017347 0.098002 0.077688
v -0.016263 0.097910 0.078901
v -0.012234 0.096880 0.079993
v -0.012053 0.096588 0.078615
v -0.013215 0.097359 0.080189
v -0.016124 0.097287 0.075821
v -0.014519 0.097710 0.080036
v -0.029701 0.083908 0.056822
v -0.026961 0.084002 0.055819
v -0.027815 0.084604 0.054475
v -0.030226 0.084526 0.054437
v -0.026362 0.083629 0.059399
v -0.025658 0.082173 0.058711
v -0.025627 0.081040 0.056855
v -0.025987 0.084251 0.057938
v -0.028769 0.082055 0.061647
v -0.028583 0.083016 0.061459
v -0.030154 0.082195 0.060970
v -0.030251 0.081754 0.060888
v -0.032346 0.080832 0.056767
v -0.032158 0.083482 0.057606
v -0.031823 0.083792 0.055580
v -0.032088 0.081365 0.054658
v -0.028068 0.081787 0.052988
v -0.030579 0.081906 0.052705
v -0.029239 0.083834 0.059178
v -0.031452 0.083008 0.059520
v -0.030668 0.082643 0.060452
v -0.028771 0.083147 0.060645
v -0.026557 0.082156 0.060420
v -0.026646 0.083032 0.060314
v -0.027067 0.075300 0.053888
v -0.028220 0.075484 0.052737
v -0.026468 0.081536 0.054676
v -0.028163 0.074181 0.057712
v -0.028545 0.079701 0.060838
v -0.030531 0.079797 0.060591
v -0.029852 0.074151 0.057210
v -0.031893 0.080229 0.059013
v -0.030270 0.074302 0.056364
v -0.029732 0.075320 0.052921
v -0.030421 0.074734 0.054297
v -0.025984 0.080308 0.059476
v -0.026925 0.074532 0.056895
v -0.031525 0.081496 0.060103
v -0.026626 0.074895 0.055539
v -0.030609 0.074571 0.054982
v 0.019662 0.109037 0.016972
v 0.078772 0.134488 0.022586
v 0.031351 0.106348 0.023675
v 0.080899 0.131254 0.025195
v 0.082267 0.132285 0.027913
v 0.014434 0.110367 0.030239
v 0.078287 0.126335 0.030667
v 0.013249 0.115307 0.029347
v 0.005696 0.113566 0.030202
v 0.005734 0.110880 0.030264
v 0.034403 0.108209 0.032225
v 0.033695 0.101195 0.030002
v 0.030495 0.097524 0.036586
v 0.035576 0.098269 0.037960
v 0.013530 0.112606 0.038149
v 0.072864 0.120131 0.038291
v 0.037980 0.112316 0.040862
v 0.074536 0.120890 0.040102
v 0.040530 0.141107 0.037757
v 0.040994 0.120060 0.042638
v 0.070004 0.118245 0.044797
v 0.030945 0.095963 0.045881
v 0.063173 0.120015 0.043982
v 0.067429 0.157807 0.041896
v 0.072319 0.125910 0.046418
v 0.059287 0.144007 0.043083
v 0.057351 0.118162 0.049814
v 0.037865 0.107633 0.047867
v 0.040798 0.112468 0.048320
v 0.063293 0.117953 0.050523
v 0.069462 0.149600 0.050808
v 0.067912 0.164686 0.052004
v 0.065223 0.119826 0.051756
v 0.038194 0.112349 0.054175
v 0.063074 0.158965 0.053047
v 0.067671 0.171285 0.053693
v 0.048481 0.116606 0.052992
v 0.044890 0.115409 0.050205
v 0.035677 0.108243 0.055280
v 0.047918 0.117284 0.054827
v 0.034240 0.103425 0.055425
v 0.067263 0.178331 0.057038
v 0.062479 0.175031 0.058236
v 0.028516 0.104622 0.066426
v 0.002505 0.126685 0.069111
v 0.037670 0.123583 0.060773
v 0.055238 0.183570 0.057096
v 0.061060 0.135936 0.060740
v 0.049969 0.149775 0.061522
v 0.049983 0.188813 0.063781
v 0.032224 0.122459 0.062933
v 0.062962 0.184970 0.063408
v 0.045025 0.148686 0.064411
v 0.026563 0.094006 0.063469
v 0.028479 0.128874 0.065924
v 0.003693 0.122354 0.072002
v 0.059283 0.182457 0.063762
v 0.026864 0.117483 0.067400
v 0.011408 0.118505 0.071768
v 0.029714 0.096078 0.064912
v 0.035112 0.152486 0.055465
v 0.008184 0.117625 0.070225
v 0.021430 0.179035 0.056191
v 0.006013 0.118264 0.069546
v 0.046091 0.146685 0.068030
v 0.013766 0.102298 0.066959
v 0.047676 0.140887 0.069864
v 0.015100 0.174268 0.069925
v 0.047687 0.144124 0.069972
v 0.052899 0.188551 0.069778
v 0.035167 0.136505 0.069526
v 0.026394 0.137278 0.070413
v 0.034121 0.148319 0.071176
v 0.035083 0.145190 0.074064
v 0.035060 0.140964 0.074121
v 0.026039 0.143125 0.075407
v 0.016568 0.134905 0.076108
v 0.019086 0.115843 0.074872
v 0.016140 0.123024 0.075079
v 0.025954 0.148195 0.075629
v 0.022320 0.104617 0.074978
v 0.016115 0.165364 0.072524
v 0.012227 0.112333 0.079585
v 0.010602 0.093489 0.080929
v 0.026387 0.192949 0.077523
v 0.023411 0.096079 0.075507
v 0.017838 0.154655 0.078107
v 0.011310 0.116585 0.077157
v 0.016007 0.142319 0.079467
v 0.007197 0.115981 0.079421
v 0.014972 0.104388 0.080023
v 0.012796 0.183672 0.075040
v 0.009113 0.186448 0.078001
v 0.005100 0.117780 0.078128
v 0.007753 0.177696 0.077665
v 0.006912 0.111705 0.081245
v 0.018101 0.188569 0.077593
v 0.002837 0.119529 0.079339
v 0.008616 0.104871 0.082074
v 0.016714 0.096285 0.081274
v 0.004470 0.105121 0.083282
v 0.012514 0.149966 0.083988
v 0.009877 0.163321 0.082943
v 0.002405 0.116910 0.083886
v 0.003924 0.112051 0.081964
v 0.004911 0.095737 0.085704
v 0.006691 0.157740 0.089147
v 0.002750 0.158033 0.089783
v 0.003082 0.160182 0.090364
v 0.024124 0.169708 -0.135756
v 0.020451 0.132322 -0.122769
v 0.021697 0.202143 -0.135853
v 0.045271 0.222164 -0.119974
v 0.074359 0.169953 -0.093033
v 0.014130 0.254203 -0.115272
v 0.030801 0.257662 -0.105399
v 0.052321 0.126587 -0.098585
v 0.019785 0.271473 -0.094637
v 0.046588 0.261962 -0.090648
v 0.066730 0.223615 -0.098334
v 0.044383 0.113063 -0.086745
v 0.038712 0.109382 -0.070187
v 0.071535 0.126165 -0.069903
v 0.078749 0.227084 -0.080840
v 0.083026 0.172391 -0.073404
v 0.060054 0.110121 -0.055733
v 0.053664 0.265356 -0.076761
v 0.035345 0.110188 -0.063600
v 0.053032 0.106863 -0.055313
v 0.035820 0.283318 -0.056457
v 0.046340 0.108894 -0.055053
v 0.077080 0.127975 -0.058084
v 0.038732 0.115606 -0.045839
v 0.061356 0.101759 -0.045831
v 0.065769 0.101647 -0.044703
v 0.050310 0.117515 -0.041206
v 0.066032 0.097914 -0.037502
v 0.080278 0.136605 -0.032710
v 0.070156 0.104917 -0.034002
v 0.055084 0.112299 -0.031435
v 0.074074 0.136012 -0.027884
v 0.065087 0.104562 -0.030538
v 0.067112 0.127335 -0.028317
v 0.041974 0.123003 -0.029636
v 0.063818 0.118517 -0.027685
v 0.049907 0.117210 -0.031729
v 0.046720 0.119526 -0.030137
v 0.057947 0.119185 -0.028656
v 0.060998 0.124962 -0.027090
v 0.044472 0.112242 -0.025899
v 0.051573 0.111837 -0.024349
v 0.046582 0.120635 -0.023769
v 0.056451 0.127671 -0.025120
v 0.044479 0.094237 -0.024227
v 0.043075 0.095137 -0.023398
v 0.052302 0.120402 -0.022241
v 0.046588 0.093983 -0.023355
v 0.089762 0.211709 -0.019031
v 0.044725 0.111088 -0.022692
v 0.048381 0.111302 -0.021816
v 0.043254 0.094510 -0.021350
v 0.045369 0.094219 -0.020505
v 0.073517 0.137292 -0.022861
v 0.079983 0.141001 -0.024588
v 0.061082 0.132283 -0.022400
v 0.047271 0.122773 -0.022378
v 0.059158 0.134513 -0.022407
v 0.065846 0.136168 -0.019992
v 0.054773 0.140367 -0.020917
v 0.069995 0.132640 -0.019024
v 0.083188 0.152849 -0.024388
v 0.041315 0.132381 -0.021521
v 0.082836 0.147076 -0.020190
v 0.047496 0.136608 -0.018105
v 0.087581 0.184701 -0.015758
v 0.042383 0.135456 -0.017836
v 0.082348 0.142746 -0.011638
v 0.057934 0.140046 -0.013734
v 0.065923 0.139025 -0.014824
v 0.079713 0.138195 -0.013358
v 0.075258 0.134873 -0.011817
v 0.080837 0.157117 -0.011676
v 0.055257 0.137393 -0.008018
v 0.069150 0.135564 -0.007922
v 0.017929 0.138322 0.006262
v 0.047575 0.134402 -0.006472
v 0.028035 0.141874 -0.007352
v 0.074218 0.143307 0.001530
v 0.074340 0.146686 0.000336
v 0.056356 0.136195 -0.000081
v 0.061355 0.136034 0.000877
v 0.029629 0.137706 0.007285
v 0.082018 0.141530 0.002319
v 0.069988 0.138577 0.004336
v 0.076172 0.141859 0.005693
v 0.082033 0.137090 0.003677
v 0.010768 0.141214 0.004737
v 0.077966 0.134300 0.005148
v 0.065563 0.140784 0.004912
v 0.073854 0.136792 0.007582
v 0.055663 0.138225 0.007777
v 0.077688 0.142173 0.011861
v 0.083003 0.141920 0.011364
v 0.039550 0.138828 0.009498
v 0.018317 0.124666 0.012869
v 0.080673 0.134332 0.012818
v 0.084237 0.189659 0.000399
v 0.083682 0.143639 0.020091
v 0.029454 0.137615 0.016755
v 0.061268 0.145299 0.010544
v 0.069165 0.156590 0.009478
v 0.084071 0.137987 0.018541
v 0.081583 0.134625 0.017425
v 0.051765 0.140875 0.013976
v 0.027427 0.142470 0.023943
v 0.020838 0.139878 0.025699
v 0.004044 0.122201 0.025941
v 0.031125 0.111179 0.026006
v 0.030424 0.127293 0.029420
v 0.078424 0.143739 0.021947
v 0.031797 0.139894 0.030336
v 0.075716 0.128185 0.029796
v 0.079392 0.126904 0.033289
v 0.009589 0.113660 0.031014
v 0.036373 0.145501 0.032482
v 0.085966 0.214661 0.001549
v 0.045667 0.150257 0.032895
v 0.073485 0.143737 0.033281
v 0.079492 0.143607 0.036005
v 0.005268 0.111850 0.036917
v 0.040245 0.148173 0.036061
v 0.062185 0.164206 0.035283
v 0.059523 0.154105 0.040078
v 0.067454 0.141567 0.039493
v 0.070736 0.196039 0.039068
v 0.005146 0.149326 0.041839
v 0.068500 0.118070 0.043295
v 0.075866 0.145003 0.041830
v 0.071223 0.182323 0.036879
v 0.010624 0.150203 0.042828
v 0.065245 0.117332 0.046334
v 0.068584 0.184847 0.043323
v 0.066472 0.117394 0.048080
v 0.073272 0.147333 0.045753
v 0.070850 0.158230 0.045311
v 0.061301 0.117732 0.048121
v 0.071594 0.165806 0.045353
v 0.064328 0.205725 0.051469
v 0.070469 0.158154 0.049102
v 0.067094 0.195099 0.045708
v 0.050273 0.173221 0.047390
v 0.071001 0.165616 0.049592
v 0.071477 0.172378 0.045844
v 0.030791 0.095268 0.051499
v 0.062954 0.164000 0.052658
v 0.070881 0.172668 0.050377
v 0.048453 0.178875 0.048878
v 0.059281 0.118630 0.052534
v 0.062863 0.169228 0.054716
v 0.069861 0.181531 0.052438
v 0.013081 0.109365 0.055484
v 0.041843 0.114936 0.054848
v 0.033574 0.096222 0.052732
v 0.038711 0.253559 0.060364
v 0.062002 0.155328 0.056001
v 0.061851 0.121523 0.055211
v 0.001701 0.142224 0.068952
v 0.045046 0.184504 0.050240
v 0.045234 0.153739 0.052529
v 0.055397 0.122740 0.058828
v 0.031114 0.187577 0.054607
v 0.058732 0.142361 0.063832
v 0.066903 0.190261 0.058974
v 0.002079 0.133523 0.067037
v 0.022731 0.269613 0.052848
v 0.023958 0.184585 0.055284
v 0.024260 0.158932 0.057579
v 0.020435 0.163627 0.057257
v 0.004448 0.098760 0.070295
v 0.017649 0.182717 0.069759
v 0.020780 0.156922 0.070029
v 0.020742 0.093755 0.073983
v 0.021602 0.188508 0.071381
v 0.019073 0.147989 0.076255
v 0.001696 0.151005 0.076579
v 0.003929 0.156318 0.072171
v 0.031054 0.224362 0.077916
v 0.013400 0.192243 0.082066
v 0.010937 0.096295 0.084039
v 0.004339 0.167045 0.085976
v 0.005703 0.156355 0.089093
v 0.015639 0.224086 0.079909
v 0.065367 0.221963 0.051833
v 0.089249 0.204115 -0.061082
v 0.072134 0.199186 -0.099186
v 0.049381 0.199467 -0.122529
v 0.052980 0.169598 -0.119554
v 0.019313 0.223096 -0.130235
v 0.085742 0.236257 -0.020431
v 0.056566 0.274596 -0.019860
v 0.034805 0.287059 -0.018253
v 0.046121 0.270257 0.033277
v 0.025327 0.278828 0.037373
v 0.035675 0.241121 0.070520
v 0.018760 0.243170 0.073628
v 0.025964 0.196539 0.082309
v 0.056501 0.191382 0.070842
v 0.010529 0.175818 0.075243
v 0.019654 0.172112 0.056763
v 0.012821 0.165682 0.078204
v 0.020072 0.156251 0.075233
v 0.067832 0.158207 0.051791
v 0.066281 0.152328 0.053968
v 0.056678 0.145609 0.065328
v 0.052952 0.148195 0.064547
v 0.005789 0.187720 0.079676
v 0.004207 0.179633 0.079062
v 0.010888 0.149181 0.083714
v 0.057969 0.174986 0.052799
v 0.058660 0.169422 0.050269
v 0.058327 0.164016 0.049076
v 0.057574 0.159721 0.052502
v 0.057364 0.156650 0.054436
v 0.034821 0.150128 0.067018
v 0.050890 0.169001 0.046280
v 0.050896 0.165355 0.045915
v 0.050535 0.162146 0.046449
v 0.049752 0.159220 0.047652
v 0.041202 0.152688 0.054577
v 0.060039 0.197209 0.066266
v 0.025954 0.204722 0.083619
v 0.013352 0.206258 0.083806
v 0.077701 0.169301 0.003597
v 0.085163 0.148260 -0.045467
v 0.072674 0.144681 -0.083026
v 0.053162 0.144796 -0.111897
v 0.022996 0.148648 -0.130513
v 0.014389 0.141868 0.078629
v 0.015078 0.134307 0.075240
v 0.021134 0.137976 0.073600
v 0.023603 0.126165 0.070603
v 0.014401 0.123363 0.073384
v 0.002440 0.115299 0.027159
v 0.002533 0.113774 0.029645
v 0.007550 0.150538 0.042091
v 0.018699 0.107431 0.039807
v 0.019004 0.103442 0.055258
v 0.025929 0.151008 0.073005
v 0.027476 0.153004 0.068162
v 0.029019 0.154854 0.056598
v 0.036533 0.105451 0.039626
v 0.035749 0.103217 0.047977
v 0.035010 0.096699 0.046976
v 0.020651 0.107082 0.032063
v 0.029184 0.099842 0.029939
v 0.048118 0.135699 0.067370
v 0.047279 0.123185 0.060997
v 0.036484 0.129999 0.065472
v 0.047475 0.129916 0.064214
v 0.057835 0.128570 0.060661
v 0.068098 0.131130 0.052538
v 0.047597 0.119856 0.047155
v 0.064815 0.125880 0.054528
v 0.068908 0.122701 0.049729
v 0.054076 0.118365 0.054204
v 0.052559 0.117987 0.051187
v 0.077474 0.145436 0.034659
v 0.073674 0.146350 0.040043
v 0.071857 0.149135 0.042841
v 0.056626 0.120875 0.046481
v 0.070749 0.122006 0.037018
v 0.078867 0.136098 0.017628
v 0.077042 0.133298 0.040473
v 0.073030 0.137773 0.047465
v 0.068352 0.142126 0.052741
v 0.065403 0.145609 0.056239
v 0.063095 0.148318 0.059185
v 0.058168 0.151295 0.059732
v 0.053896 0.152152 0.057525
v 0.047827 0.156098 0.050130
v 0.066404 0.166643 0.041596
v 0.069651 0.183743 0.048134
v 0.065853 0.193281 0.052422
v 0.061614 0.201091 0.059211
v 0.025483 0.210105 0.082032
v 0.082336 0.144422 0.028749
v 0.079952 0.145997 0.028592
v 0.081232 0.145346 0.021039
v 0.076662 0.144182 0.028023
v 0.083462 0.137842 0.011956
v 0.080069 0.143841 0.003297
v 0.080399 0.146781 -0.003139
v 0.083368 0.135595 0.023463
v 0.081487 0.133547 0.021999
v 0.069033 0.209487 0.043713
v 0.063201 0.098707 -0.034588
v 0.044191 0.119907 -0.027737
v 0.056939 0.120715 -0.025447
v 0.051838 0.111419 -0.026114
v 0.048742 0.110558 -0.029275
v 0.046901 0.094102 -0.021205
v 0.077310 0.136554 0.012183
v 0.081434 0.149585 -0.006849
v 0.089797 0.179221 -0.033851
v 0.091742 0.207103 -0.040030
v 0.066781 0.132085 -0.026778
v 0.064014 0.131702 -0.023427
v 0.054350 0.140249 -0.013382
v 0.051137 0.138533 -0.019564
v 0.060123 0.136577 -0.006964
v 0.071199 0.151677 0.003052
v 0.087917 0.233172 -0.042673
v 0.058877 0.272589 -0.043443
v 0.036852 0.284860 -0.042158
v 0.036965 0.122218 0.036685
v 0.024447 0.130212 0.022975
v 0.044568 0.092606 -0.022193
v 0.026813 0.107219 0.019802
v 0.027614 0.104993 0.022981
v 0.021880 0.106022 0.025323
v 0.024652 0.099490 0.038864
v 0.014887 0.093885 0.079108
v 0.006203 0.093200 0.077854
v 0.005498 0.093324 0.082096
v 0.023404 0.095080 0.056073
v 0.016225 0.093233 0.071787
v 0.023195 0.101631 0.029964
v 0.053997 0.129049 -0.022926
v 0.052545 0.133472 -0.022652
v 0.069098 0.120709 -0.029610
v 0.054292 0.116082 -0.031254
v 0.054241 0.107273 -0.048000
v 0.041445 0.191665 0.066790
v 0.044823 0.191889 0.073465
v 0.047080 0.195728 0.075436
v 0.050445 0.201446 0.072619
v 0.053547 0.206317 0.067895
v 0.058591 0.214316 0.061329
v 0.008995 0.195238 0.083646
v 0.007228 0.200547 0.083601
v 0.081340 0.237225 0.002509
v 0.074024 0.177776 0.021377
v 0.074313 0.194834 0.032289
v 0.073547 0.212395 0.036279
v 0.069525 0.226760 0.043704
v 0.031237 0.143286 0.026229
v 0.028674 0.127276 0.014553
v 0.029230 0.112145 0.018478
v 0.028111 0.117450 0.021551
v 0.080312 0.192386 0.014172
v 0.066421 0.160580 0.018248
v 0.056724 0.149361 0.021148
v 0.081189 0.214226 0.017278
v 0.051509 0.275039 0.006333
v 0.030136 0.285937 0.008610
v 0.075045 0.175118 0.014385
v 0.077114 0.234884 0.021552
v 0.039898 0.143152 0.017117
v 0.039717 0.143039 0.024263
v 0.058971 0.147368 0.015434
v 0.048333 0.144603 0.020401
v 0.043252 0.144552 0.028053
v 0.048596 0.146342 0.024244
v 0.029191 0.192168 0.070573
v 0.031544 0.193919 0.076806
v 0.031463 0.197178 0.080706
v 0.033314 0.204956 0.080981
v 0.035186 0.210397 0.078645
v 0.042402 0.222245 0.073552
v 0.057353 0.230697 0.059484
v 0.052796 0.247001 0.054985
v 0.061398 0.259116 0.028323
v 0.073695 0.253468 0.003804
v 0.077367 0.253842 -0.021038
v 0.079921 0.251280 -0.043538
v 0.072388 0.243872 -0.080474
v 0.056192 0.249993 -0.094347
v 0.042126 0.236787 -0.115840
v 0.017557 0.244466 -0.122140
v 0.004063 0.134253 0.021519
v 0.004885 0.139148 0.014574
v 0.007242 0.141728 0.008636
v 0.049577 0.143201 0.040696
v 0.050453 0.150465 0.037882
v 0.053181 0.154797 0.033041
v 0.005326 0.110291 0.054361
v 0.028901 0.275604 -0.083783
v 0.008498 0.268788 -0.102670
v 0.013991 0.141473 0.040156
v 0.015347 0.124425 0.035556
v 0.048446 0.148055 0.028593
v 0.080938 0.143245 0.011561
v 0.078000 0.131965 0.025674
v 0.022049 0.190714 0.077587
v 0.019119 0.195311 0.082563
v 0.015415 0.201328 0.084815
v 0.085604 0.230561 -0.062448
v 0.088845 0.175170 -0.054569
v 0.057839 0.270084 -0.059964
v 0.032400 0.279779 -0.072383
v 0.079285 0.135353 -0.041931
v 0.082448 0.200964 -0.078696
v 0.081389 0.146182 -0.064530
v 0.078391 0.247287 -0.062327
v 0.033955 0.168909 0.044803
v 0.038629 0.187370 0.051626
v 0.039538 0.193296 0.074618
v 0.041283 0.196574 0.077728
v 0.042965 0.203636 0.076507
v 0.045446 0.209105 0.073637
v 0.051416 0.218899 0.067778
v 0.048594 0.237147 0.065468
v 0.065942 0.244983 0.037285
v 0.069329 0.249754 0.025481
v 0.066046 0.263201 0.004902
v 0.069779 0.263353 -0.020806
v 0.072727 0.260966 -0.043692
v 0.065936 0.253520 -0.079380
v 0.062082 0.239747 -0.096396
v 0.037837 0.246445 -0.111232
v 0.018986 0.234943 -0.126161
v 0.071494 0.257131 -0.061726
v 0.001686 0.146682 0.071826
v 0.045771 0.111549 -0.028004
v 0.044342 0.100741 -0.025683
v 0.050855 0.110991 -0.028154
v 0.046973 0.098261 -0.025279
v 0.045462 0.098237 -0.025705
v 0.054895 0.151722 0.025921
v 0.063924 0.162906 0.027624
v 0.041996 0.263379 0.048441
v 0.020806 0.258603 0.063818
v 0.071966 0.179864 0.029710
v 0.077825 0.193780 0.022475
v 0.077602 0.213486 0.026725
v 0.074184 0.231999 0.032639
v 0.057381 0.254804 0.042161
v 0.061574 0.238115 0.049644
v 0.065125 0.161849 0.023097
v 0.054895 0.151722 0.025921
v -0.070881 0.165616 0.049592
v -0.070349 0.158154 0.049102
v -0.070730 0.158230 0.045311
v -0.071474 0.165806 0.045353
v -0.073953 0.136012 -0.027884
v -0.080158 0.136605 -0.032710
v -0.079863 0.141001 -0.024588
v -0.073397 0.137292 -0.022861
v -0.082716 0.147076 -0.020190
v -0.082228 0.142746 -0.011638
v -0.079593 0.138195 -0.013358
v -0.063081 0.098707 -0.034588
v -0.061236 0.101759 -0.045831
v -0.024327 0.130212 0.022975
v -0.028554 0.127276 0.014553
v -0.029509 0.137706 0.007285
v -0.029333 0.137615 0.016755
v -0.047455 0.134402 -0.006472
v -0.055137 0.137393 -0.008018
v -0.056236 0.136195 -0.000081
v -0.054775 0.151722 0.025921
v -0.054775 0.151722 0.025921
v -0.063803 0.162906 0.027624
v -0.062065 0.164206 0.035283
v -0.053061 0.154797 0.033041
v -0.036253 0.145501 0.032482
v -0.040125 0.148173 0.036061
v -0.040410 0.141107 0.037757
v -0.031677 0.139894 0.030336
v -0.031117 0.143286 0.026229
v -0.020331 0.132322 -0.122769
v -0.052201 0.126587 -0.098585
v -0.044263 0.113063 -0.086745
v -0.038612 0.115606 -0.045839
v -0.082883 0.141920 0.011364
v -0.083562 0.143639 0.020091
v -0.083951 0.137987 0.018541
v -0.083342 0.137842 0.011956
v -0.060878 0.124962 -0.027090
v -0.056331 0.127671 -0.025120
v -0.052182 0.120402 -0.022241
v -0.056819 0.120715 -0.025447
v -0.062743 0.169228 0.054716
v -0.062359 0.175031 0.058236
v -0.057849 0.174986 0.052799
v -0.058540 0.169422 0.050269
v -0.059163 0.182457 0.063762
v -0.062842 0.184970 0.063408
v -0.056381 0.191382 0.070842
v -0.052779 0.188551 0.069778
v 0.000060 0.113479 0.083589
v 0.000060 0.104991 0.084278
v -0.004350 0.105121 0.083282
v -0.003804 0.112051 0.081964
v 0.000060 0.122916 0.074222
v -0.003573 0.122354 0.072002
v -0.002385 0.126685 0.069111
v 0.000060 0.127157 0.070650
v -0.002962 0.160182 0.090364
v 0.000060 0.160422 0.090526
v 0.000060 0.158263 0.090033
v -0.002630 0.158033 0.089783
v -0.004219 0.167045 0.085976
v 0.000060 0.167572 0.086692
v -0.010648 0.141214 0.004737
v 0.000060 0.142003 -0.000311
v 0.000060 0.142033 0.071459
v -0.001581 0.142224 0.068952
v -0.001566 0.146682 0.071826
v 0.000060 0.146894 0.074204
v 0.000060 0.169762 -0.139349
v -0.024004 0.169708 -0.135756
v -0.022876 0.148648 -0.130513
v 0.000060 0.149435 -0.136603
v -0.026744 0.117483 0.067400
v -0.018966 0.115843 0.074872
v -0.022200 0.104617 0.074978
v -0.028396 0.104622 0.066426
v -0.007077 0.115981 0.079421
v -0.011190 0.116585 0.077157
v -0.011288 0.118505 0.071768
v -0.008064 0.117625 0.070225
v -0.006792 0.111705 0.081245
v -0.008496 0.104871 0.082074
v -0.014852 0.104388 0.080023
v -0.012107 0.112333 0.079585
v -0.002285 0.116910 0.083886
v -0.002717 0.119529 0.079339
v -0.004980 0.117780 0.078128
v -0.005893 0.118264 0.069546
v -0.021013 0.137976 0.073600
v -0.016448 0.134905 0.076108
v -0.016020 0.123024 0.075079
v -0.023483 0.126165 0.070603
v -0.038074 0.112349 0.054175
v -0.035557 0.108243 0.055280
v -0.037745 0.107633 0.047867
v -0.040678 0.112468 0.048320
v -0.018579 0.107431 0.039807
v -0.013410 0.112606 0.038149
v -0.014313 0.110367 0.030239
v -0.020531 0.107082 0.032063
v -0.019542 0.109037 0.016972
v -0.021760 0.106022 0.025323
v -0.013129 0.115307 0.029347
v -0.009468 0.113660 0.031014
v -0.002413 0.113774 0.029645
v -0.002320 0.115299 0.027159
v -0.031231 0.106348 0.023675
v -0.031005 0.111179 0.026006
v -0.034283 0.108209 0.032225
v -0.033574 0.101195 0.030002
v -0.014958 0.134307 0.075240
v -0.014281 0.123363 0.073384
v -0.015887 0.142319 0.079467
v -0.014269 0.141868 0.078629
v -0.012394 0.149966 0.083988
v -0.006571 0.157740 0.089147
v -0.005583 0.156355 0.089093
v -0.010768 0.149181 0.083714
v -0.015995 0.165364 0.072524
v -0.014980 0.174268 0.069925
v -0.010409 0.175818 0.075243
v -0.012701 0.165682 0.078204
v -0.018953 0.147989 0.076255
v -0.026274 0.137278 0.070413
v -0.025919 0.143125 0.075407
v -0.025834 0.148195 0.075629
v -0.025809 0.151008 0.073005
v -0.019952 0.156251 0.075233
v -0.017718 0.154655 0.078107
v -0.020660 0.156922 0.070029
v -0.027356 0.153004 0.068162
v -0.021482 0.188508 0.071381
v -0.023838 0.184585 0.055284
v -0.030994 0.187577 0.054607
v -0.029071 0.192168 0.070573
v -0.034001 0.148319 0.071176
v -0.045971 0.146685 0.068030
v -0.044905 0.148686 0.064411
v -0.034700 0.150128 0.067018
v -0.034963 0.145190 0.074064
v -0.047567 0.144124 0.069972
v -0.047556 0.140887 0.069864
v -0.034939 0.140964 0.074121
v -0.035047 0.136505 0.069526
v -0.047998 0.135699 0.067370
v -0.056558 0.145609 0.065328
v -0.052832 0.148195 0.064547
v -0.049849 0.149775 0.061522
v -0.059161 0.118630 0.052534
v -0.061731 0.121523 0.055211
v -0.055277 0.122740 0.058828
v -0.053956 0.118365 0.054204
v -0.057714 0.128570 0.060661
v -0.060940 0.135936 0.060740
v -0.047355 0.129916 0.064214
v -0.062975 0.148318 0.059185
v -0.058612 0.142361 0.063832
v -0.065283 0.145609 0.056239
v -0.069342 0.149600 0.050808
v -0.073152 0.147333 0.045753
v -0.067712 0.158207 0.051791
v -0.066161 0.152328 0.053968
v -0.065125 0.117332 0.046334
v -0.066352 0.117394 0.048080
v -0.063173 0.117953 0.050523
v -0.061181 0.117732 0.048121
v -0.067792 0.164686 0.052004
v -0.024140 0.158932 0.057579
v -0.028898 0.154854 0.056598
v -0.062954 0.158965 0.053047
v -0.062834 0.164000 0.052658
v -0.058207 0.164016 0.049076
v -0.057454 0.159721 0.052502
v -0.066783 0.190261 0.058974
v -0.067143 0.178331 0.057038
v -0.069741 0.181531 0.052438
v -0.067551 0.171285 0.053693
v -0.048333 0.178875 0.048878
v -0.055118 0.183570 0.057096
v -0.049863 0.188813 0.063781
v -0.044926 0.184504 0.050240
v -0.044770 0.115409 0.050205
v -0.041723 0.114936 0.054848
v -0.040874 0.120060 0.042638
v -0.037860 0.112316 0.040862
v -0.057231 0.118162 0.049814
v -0.063053 0.120015 0.043982
v -0.056506 0.120875 0.046481
v -0.059167 0.144007 0.043083
v -0.067334 0.141567 0.039493
v -0.070629 0.122006 0.037018
v -0.071357 0.172378 0.045844
v -0.066284 0.166643 0.041596
v -0.068464 0.184847 0.043323
v -0.069531 0.183743 0.048134
v -0.072744 0.120131 0.038291
v -0.074416 0.120890 0.040102
v -0.069884 0.118245 0.044797
v -0.068380 0.118070 0.043295
v -0.081112 0.145346 0.021039
v -0.079832 0.145997 0.028592
v -0.082216 0.144422 0.028749
v -0.081463 0.134625 0.017425
v -0.080553 0.134332 0.012818
v -0.075596 0.128185 0.029796
v -0.078167 0.126335 0.030667
v -0.070761 0.172668 0.050377
v -0.075746 0.145003 0.041830
v -0.073554 0.146350 0.040043
v -0.071737 0.149135 0.042841
v -0.080818 0.143245 0.011561
v -0.081898 0.141530 0.002319
v -0.079949 0.143841 0.003297
v -0.074220 0.146686 0.000336
v -0.074098 0.143307 0.001530
v -0.080279 0.146781 -0.003139
v -0.081314 0.149585 -0.006849
v -0.051718 0.111419 -0.026114
v -0.057827 0.119185 -0.028656
v -0.051453 0.111837 -0.024349
v -0.043132 0.144552 0.028053
v -0.048476 0.146342 0.024244
v -0.048326 0.148055 0.028593
v -0.045547 0.150257 0.032895
v -0.036845 0.122218 0.036685
v -0.030304 0.127293 0.029420
v -0.071415 0.126165 -0.069903
v -0.059934 0.110121 -0.055733
v -0.065649 0.101647 -0.044703
v -0.052912 0.106863 -0.055313
v -0.070036 0.104917 -0.034002
v -0.065912 0.097914 -0.037502
v -0.063698 0.118517 -0.027685
v -0.054964 0.112299 -0.031435
v -0.068978 0.120709 -0.029610
v -0.066992 0.127335 -0.028317
v -0.065803 0.139025 -0.014824
v -0.065726 0.136168 -0.019992
v -0.069874 0.132640 -0.019024
v -0.069030 0.135564 -0.007922
v -0.059038 0.134513 -0.022407
v -0.060962 0.132283 -0.022400
v -0.046462 0.120635 -0.023769
v -0.053877 0.129049 -0.022926
v -0.047151 0.122773 -0.022378
v -0.047376 0.136608 -0.018105
v -0.051017 0.138533 -0.019564
v -0.054230 0.140249 -0.013382
v -0.056603 0.149361 0.021148
v -0.066301 0.160580 0.018248
v -0.065005 0.161849 0.023097
v -0.059403 0.154105 0.040078
v -0.050333 0.150465 0.037882
v -0.034668 0.125549 -0.034253
v -0.027915 0.141874 -0.007352
v -0.017809 0.138322 0.006262
v 0.000060 0.118627 -0.110252
v 0.000060 0.118971 -0.050455
v 0.000060 0.117059 -0.026119
v -0.044071 0.119907 -0.027737
v -0.044352 0.112242 -0.025899
v -0.044605 0.111088 -0.022692
v -0.054172 0.116082 -0.031254
v -0.050735 0.110991 -0.028154
v -0.048622 0.110558 -0.029275
v -0.049787 0.117210 -0.031729
v -0.003943 0.134253 0.021519
v -0.004765 0.139148 0.014574
v 0.000060 0.121153 0.023322
v 0.000060 0.131656 0.018239
v -0.003924 0.122201 0.025941
v -0.077846 0.134300 0.005148
v -0.075138 0.134873 -0.011817
v -0.081913 0.137090 0.003677
v -0.064208 0.205725 0.051469
v -0.066974 0.195099 0.045708
v -0.070615 0.196039 0.039068
v -0.068913 0.209487 0.043713
v -0.071846 0.179864 0.029710
v -0.071103 0.182323 0.036879
v -0.025834 0.204722 0.083619
v -0.025844 0.196539 0.082309
v -0.031343 0.197178 0.080706
v -0.033194 0.204956 0.080981
v 0.000060 0.194637 0.082665
v -0.008875 0.195238 0.083646
v -0.007108 0.200547 0.083601
v 0.000060 0.201243 0.082220
v -0.051389 0.275039 0.006333
v -0.065926 0.263201 0.004902
v -0.069659 0.263353 -0.020806
v -0.056446 0.274596 -0.019860
v -0.014010 0.254203 -0.115272
v -0.017437 0.244466 -0.122140
v 0.000060 0.244409 -0.123951
v 0.000060 0.254125 -0.118029
v -0.037717 0.246445 -0.111232
v -0.030681 0.257662 -0.105399
v -0.046467 0.261962 -0.090648
v -0.056072 0.249993 -0.094347
v -0.030016 0.285937 0.008610
v -0.034685 0.287059 -0.018253
v 0.000055 0.095717 0.086025
v -0.004791 0.095737 0.085704
v 0.000060 0.120103 0.080962
v -0.001959 0.133523 0.067037
v 0.000060 0.133982 0.069747
v -0.023291 0.096079 0.075507
v -0.016594 0.096285 0.081274
v 0.000060 0.112789 0.027515
v 0.000060 0.114317 0.024945
v -0.003809 0.156318 0.072171
v -0.001576 0.151005 0.076579
v -0.007633 0.177696 0.077665
v -0.004087 0.179633 0.079062
v -0.009757 0.163321 0.082943
v -0.015295 0.201328 0.084815
v -0.013280 0.192243 0.082066
v -0.018998 0.195311 0.082563
v -0.068788 0.122701 0.049729
v -0.065103 0.119826 0.051756
v -0.041082 0.152688 0.054577
v -0.034992 0.152486 0.055465
v -0.057244 0.156650 0.054436
v -0.061882 0.155328 0.056001
v -0.073365 0.143737 0.033281
v -0.077354 0.145436 0.034659
v -0.079272 0.126904 0.033289
v -0.080779 0.131254 0.025195
v -0.082147 0.132285 0.027913
v -0.076922 0.133298 0.040473
v -0.072199 0.125910 0.046418
v -0.087461 0.184701 -0.015758
v -0.084117 0.189659 0.000399
v -0.077581 0.169301 0.003597
v -0.080717 0.157117 -0.011676
v -0.089677 0.179221 -0.033851
v -0.083068 0.152849 -0.024388
v -0.076960 0.127975 -0.058084
v -0.053042 0.144796 -0.111897
v -0.052860 0.169598 -0.119554
v -0.074239 0.169953 -0.093033
v -0.072554 0.144681 -0.083026
v -0.048261 0.111302 -0.021816
v -0.043134 0.094510 -0.021350
v -0.045249 0.094219 -0.020505
v -0.054121 0.107273 -0.048000
v -0.041854 0.123003 -0.029636
v -0.046600 0.119526 -0.030137
v -0.038592 0.109382 -0.070187
v -0.050190 0.117515 -0.041206
v -0.042955 0.095137 -0.023398
v -0.049261 0.199467 -0.122529
v -0.021577 0.202143 -0.135853
v -0.018640 0.243170 0.073628
v -0.015519 0.224086 0.079909
v -0.030934 0.224362 0.077916
v -0.035555 0.241121 0.070520
v -0.028781 0.275604 -0.083783
v -0.032280 0.279779 -0.072383
v -0.053544 0.265356 -0.076761
v 0.000060 0.293737 -0.016183
v 0.000060 0.291312 0.009563
v 0.000060 0.134636 -0.128597
v -0.036413 0.105451 0.039626
v -0.035456 0.098269 0.037960
v -0.004328 0.098760 0.070295
v -0.006083 0.093200 0.077854
v 0.000060 0.093839 0.079474
v 0.000060 0.099293 0.071163
v -0.005614 0.110880 0.030264
v -0.005576 0.113566 0.030202
v -0.017529 0.182717 0.069759
v -0.021310 0.179035 0.056191
v -0.020315 0.163627 0.057257
v -0.047798 0.117284 0.054827
v -0.047159 0.123185 0.060997
v -0.037550 0.123583 0.060773
v -0.026267 0.192949 0.077523
v -0.031424 0.193919 0.076806
v -0.049457 0.143201 0.040696
v -0.047477 0.119856 0.047155
v -0.067309 0.157807 0.041896
v -0.081367 0.133547 0.021999
v -0.083248 0.135595 0.023463
v -0.078747 0.136098 0.017628
v -0.078652 0.134488 0.022586
v -0.076052 0.141859 0.005693
v -0.061148 0.145299 0.010544
v -0.051645 0.140875 0.013976
v -0.055543 0.138225 0.007777
v -0.065442 0.140784 0.004912
v -0.020718 0.139878 0.025699
v -0.058048 0.151295 0.059732
v -0.053776 0.152152 0.057525
v -0.072014 0.199186 -0.099186
v -0.066610 0.223615 -0.098334
v -0.078629 0.227084 -0.080840
v -0.082328 0.200964 -0.078696
v 0.000060 0.223076 0.080510
v 0.000060 0.243965 0.074365
v -0.089642 0.211709 -0.019031
v -0.085846 0.214661 0.001549
v 0.000060 0.224001 -0.132179
v -0.019193 0.223096 -0.130235
v 0.000060 0.201968 -0.138633
v -0.045151 0.222164 -0.119974
v -0.008993 0.186448 0.078001
v -0.005669 0.187720 0.079676
v -0.029594 0.096078 0.064912
v -0.033454 0.096222 0.052732
v -0.034120 0.103425 0.055425
v -0.010817 0.096295 0.084039
v -0.032104 0.122459 0.062933
v -0.035629 0.103217 0.047977
v -0.024532 0.099490 0.038864
v -0.023284 0.095080 0.056073
v -0.018884 0.103442 0.055258
v -0.016105 0.093233 0.071787
v -0.013646 0.102298 0.066959
v -0.012961 0.109365 0.055484
v -0.027991 0.117450 0.021551
v -0.027493 0.104993 0.022981
v -0.026693 0.107219 0.019802
v -0.029110 0.112145 0.018478
v -0.015227 0.124425 0.035556
v -0.012676 0.183672 0.075040
v -0.017981 0.188569 0.077593
v -0.028359 0.128874 0.065924
v -0.048361 0.116606 0.052992
v -0.068232 0.142126 0.052741
v -0.067978 0.131130 0.052538
v -0.072910 0.137773 0.047465
v -0.076542 0.144182 0.028023
v -0.082906 0.172391 -0.073404
v -0.081269 0.146182 -0.064530
v -0.041195 0.132381 -0.021521
v 0.000060 0.132646 -0.014786
v -0.035225 0.110188 -0.063600
v -0.046220 0.108894 -0.055053
v -0.045651 0.111549 -0.028004
v -0.069868 0.138577 0.004336
v -0.073734 0.136792 0.007582
v -0.065733 0.193281 0.052422
v -0.085622 0.236257 -0.020431
v -0.081220 0.237225 0.002509
v -0.065816 0.253520 -0.079380
v -0.025207 0.278828 0.037373
v 0.000060 0.283296 0.038244
v 0.000060 0.272161 0.053994
v -0.022611 0.269613 0.052848
v 0.000060 0.288621 -0.066366
v 0.000060 0.285918 -0.073114
v 0.000060 0.110684 -0.087770
v -0.023075 0.101631 0.029964
v -0.029064 0.099842 0.029939
v -0.019534 0.172112 0.056763
v -0.079372 0.143607 0.036005
v -0.071079 0.151677 0.003052
v -0.027307 0.142470 0.023943
v -0.052425 0.133472 -0.022652
v -0.060003 0.136577 -0.006964
v -0.061235 0.136034 0.000877
v -0.057814 0.140046 -0.013734
v -0.054653 0.140367 -0.020917
v -0.042263 0.135456 -0.017836
v 0.000060 0.109630 -0.073505
v -0.007430 0.150538 0.042091
v -0.005026 0.149326 0.041839
v -0.007122 0.141728 0.008636
v -0.010504 0.150203 0.042828
v -0.087797 0.233172 -0.042673
v -0.091622 0.207103 -0.040030
v -0.021929 0.190714 0.077587
v -0.052439 0.117987 0.051187
v -0.065247 0.221963 0.051833
v -0.058471 0.214316 0.061329
v -0.058757 0.272589 -0.043443
v -0.072607 0.260966 -0.043692
v -0.036731 0.284860 -0.042158
v 0.000060 0.293472 -0.039472
v -0.038591 0.253559 0.060364
v -0.020686 0.258603 0.063818
v 0.000060 0.261131 0.064075
v -0.019665 0.271473 -0.094637
v -0.059919 0.197209 0.066266
v 0.000060 0.187634 0.080605
v 0.000060 0.180256 0.080188
v -0.050153 0.173221 0.047390
v -0.050770 0.169001 0.046280
v -0.050776 0.165355 0.045915
v -0.050415 0.162146 0.046449
v -0.049632 0.159220 0.047652
v -0.047707 0.156098 0.050130
v -0.045113 0.153739 0.052529
v -0.061494 0.201091 0.059211
v -0.035066 0.210397 0.078645
v -0.025363 0.210105 0.082032
v 0.000060 0.208758 0.082089
v -0.013232 0.206258 0.083806
v 0.000060 0.117567 0.084833
v -0.005148 0.111850 0.036917
v -0.036364 0.129999 0.065472
v 0.000060 0.092809 0.082839
v -0.005378 0.093324 0.082096
v -0.010482 0.093489 0.080929
v -0.014766 0.093885 0.079108
v -0.020622 0.093755 0.073983
v -0.026443 0.094006 0.063469
v -0.034890 0.096699 0.046976
v -0.030671 0.095268 0.051499
v -0.030825 0.095963 0.045881
v -0.030375 0.097524 0.036586
v -0.064695 0.125880 0.054528
v -0.078303 0.143739 0.021947
v -0.077880 0.131965 0.025674
v -0.077568 0.142173 0.011861
v -0.077190 0.136554 0.012183
v -0.074193 0.194834 0.032289
v -0.079165 0.135353 -0.041931
v -0.046781 0.094102 -0.021205
v -0.046468 0.093983 -0.023355
v -0.046852 0.098261 -0.025279
v -0.045342 0.098237 -0.025705
v -0.066661 0.132085 -0.026778
v -0.063894 0.131702 -0.023427
v -0.085043 0.148260 -0.045467
v -0.088725 0.175170 -0.054569
v -0.089129 0.204115 -0.061082
v -0.069045 0.156590 0.009478
v -0.058851 0.147368 0.015434
v -0.048213 0.144603 0.020401
v -0.085484 0.230561 -0.062448
v -0.071374 0.257131 -0.061726
v -0.057719 0.270084 -0.059964
v -0.035700 0.283318 -0.056457
v 0.000060 0.291958 -0.051922
v -0.039430 0.138828 0.009498
v -0.044448 0.092606 -0.022193
v -0.044359 0.094237 -0.024227
v 0.000060 0.150763 0.077748
v -0.038509 0.187370 0.051626
v -0.041325 0.191665 0.066790
v -0.044702 0.191889 0.073465
v -0.046960 0.195728 0.075436
v -0.050325 0.201446 0.072619
v -0.053427 0.206317 0.067895
v -0.042282 0.222245 0.073552
v -0.048474 0.237147 0.065468
v -0.041876 0.263379 0.048441
v -0.046000 0.270257 0.033277
v -0.073427 0.212395 0.036279
v -0.052676 0.247001 0.054985
v -0.069405 0.226760 0.043704
v -0.074925 0.175118 0.014385
v -0.073904 0.177776 0.021377
v -0.080192 0.192386 0.014172
v -0.077705 0.193780 0.022475
v -0.081069 0.214226 0.017278
v -0.077482 0.213486 0.026725
v -0.076994 0.234884 0.021552
v -0.074064 0.231999 0.032639
v -0.061278 0.259116 0.028323
v -0.057260 0.254804 0.042161
v -0.018197 0.124666 0.012869
v -0.039778 0.143152 0.017117
v -0.039597 0.143039 0.024263
v -0.039418 0.193296 0.074618
v -0.041163 0.196574 0.077728
v -0.042844 0.203636 0.076507
v -0.045326 0.209105 0.073637
v -0.051296 0.218899 0.067778
v -0.057233 0.230697 0.059484
v -0.061454 0.238115 0.049644
v -0.065822 0.244983 0.037285
v -0.069209 0.249754 0.025481
v -0.073575 0.253468 0.003804
v -0.077247 0.253842 -0.021038
v -0.079801 0.251280 -0.043538
v -0.078271 0.247287 -0.062327
v -0.072268 0.243872 -0.080474
v -0.061962 0.239747 -0.096396
v -0.042006 0.236787 -0.115840
v -0.018866 0.234943 -0.126161
v 0.000060 0.235196 -0.128072
v 0.000060 0.111859 0.031490
v 0.000060 0.136423 0.010576
v 0.000060 0.140624 0.006254
v -0.044222 0.100741 -0.025683
v -0.005206 0.110291 0.054361
v 0.000060 0.110860 0.054156
v 0.000060 0.112377 0.036277
v -0.008378 0.268788 -0.102670
v 0.000060 0.279370 -0.088172
v 0.000060 0.269983 -0.103097
v -0.013871 0.141473 0.040156
v -0.033835 0.168909 0.044803
v 0.034939 0.124542 -0.034793
v 0.000000 0.124800 -0.036831
v 0.013975 0.124518 -0.041214
v 0.021362 0.124400 -0.049458
v 0.000000 0.124889 -0.066528
v 0.018643 0.124116 -0.061344
v -0.013975 0.124518 -0.041214
v -0.021362 0.124400 -0.049458
v -0.018643 0.124116 -0.061344
vn -0.0000 0.2242 0.9745
vn 0.1759 0.2242 0.9585
vn -0.0512 0.9942 0.0951
vn -0.0000 0.9989 0.0463
vn -0.8587 0.4590 -0.2281
vn -0.6635 -0.4328 -0.6103
vn -0.7671 -0.3106 -0.5613
vn -0.8510 0.4957 -0.1733
vn -0.8448 0.4658 0.2632
vn -0.5602 0.7601 0.3293
vn 0.1328 0.5731 0.8086
vn 0.0245 0.2807 0.9595
vn -0.0000 0.7247 -0.6890
vn -0.2076 0.7137 -0.6690
vn -0.7312 0.6174 0.2901
vn 0.1934 0.7061 0.6812
vn 0.2042 0.3218 0.9245
vn -0.6556 0.2842 0.6996
vn 0.3162 0.9421 0.1118
vn -0.6227 0.7596 -0.1880
vn 0.7100 0.6970 0.1006
vn 0.9605 0.2583 0.1034
vn 0.5007 0.1048 -0.8592
vn 0.2984 0.8077 -0.5086
vn -0.9359 -0.3077 0.1716
vn -0.9874 -0.0734 0.1400
vn -0.3923 0.0173 -0.9197
vn -0.4485 -0.3394 -0.8268
vn -0.0121 -0.9285 -0.3710
vn -0.0189 -0.9219 -0.3869
vn 0.4190 -0.6994 0.5791
vn 0.1949 -0.7221 0.6638
vn 0.9800 -0.0998 -0.1721
vn 0.9763 -0.0874 0.1981
vn 0.9761 -0.0821 0.2012
vn 0.9396 -0.1770 -0.2929
vn 0.4846 -0.1042 -0.8685
vn 0.6634 -0.2918 -0.6890
vn 0.9713 0.0147 0.2375
vn -0.1958 -0.0608 -0.9788
vn -0.4342 -0.0866 -0.8966
vn -0.0000 -0.0305 -0.9995
vn 0.2445 -0.1184 0.9624
vn -0.0000 -0.1574 0.9875
vn -0.0000 -0.0618 0.9981
vn 0.2423 -0.0847 0.9665
vn -0.9241 0.3688 0.1000
vn -0.2940 0.4074 0.8646
vn 0.0042 0.9278 0.3730
vn -0.7332 0.6573 -0.1741
vn 0.3007 0.8656 -0.4003
vn -0.5175 0.6774 -0.5228
vn 0.5001 0.4647 -0.7307
vn 0.5452 0.4011 -0.7362
vn -0.5761 0.3643 -0.7317
vn -0.5340 0.4350 -0.7250
vn -0.0799 0.9824 0.1687
vn 0.6071 0.2642 0.7494
vn 0.6942 0.3579 0.6245
vn -0.0961 0.9770 0.1901
vn 0.4635 -0.4292 0.7752
vn 0.4224 0.2047 0.8830
vn 0.2054 -0.4996 0.8415
vn 0.1526 0.2208 0.9633
vn -0.4487 0.1133 0.8865
vn -0.4478 0.1731 0.8772
vn -0.3658 0.7353 0.5705
vn -0.8373 0.5424 0.0695
vn -0.3945 0.7314 -0.5563
vn 0.2305 0.3593 0.9043
vn 0.0986 0.8465 0.5231
vn 0.9021 0.4308 -0.0242
vn 0.8649 0.3851 0.3221
vn 0.9961 -0.0344 0.0809
vn 0.9920 0.1230 0.0289
vn 0.8614 -0.1285 0.4915
vn 0.8377 -0.0023 0.5461
vn 0.8381 -0.0944 0.5372
vn 0.8263 -0.1171 0.5509
vn 0.3947 0.7009 0.5941
vn 0.8307 -0.0207 0.5564
vn 0.9732 0.1239 0.1939
vn 0.7124 -0.2483 0.6564
vn 0.7593 -0.1515 0.6329
vn 0.7798 -0.6154 0.1145
vn 0.8076 -0.5785 0.1145
vn 0.8824 -0.1869 0.4318
vn 0.8662 -0.1987 0.4586
vn -0.0006 -0.8641 -0.5032
vn 0.1233 -0.8891 -0.4408
vn 0.8936 -0.4414 -0.0812
vn 0.9472 -0.1020 0.3039
vn 0.9565 -0.1806 0.2292
vn 0.5655 -0.3866 -0.7285
vn 0.5188 -0.2803 -0.8076
vn 0.9670 -0.0966 0.2360
vn 0.8039 -0.0280 0.5940
vn 0.7742 -0.0832 0.6274
vn -0.1013 0.0855 0.9912
vn -0.6222 0.6486 -0.4383
vn -0.7738 0.5562 -0.3033
vn -0.9739 0.1910 -0.1229
vn -0.8853 0.3636 -0.2899
vn 0.4897 -0.0693 0.8691
vn 0.4999 -0.0742 0.8629
vn 0.9199 -0.0794 0.3840
vn 0.9438 0.1989 0.2638
vn 0.2321 -0.7558 -0.6123
vn -0.6199 -0.1489 -0.7704
vn -0.0037 -0.8977 -0.4406
vn -0.4424 0.6988 -0.5621
vn -0.0578 0.9835 0.1716
vn -0.6017 -0.4268 -0.6751
vn -0.5853 -0.1629 -0.7943
vn 0.2753 -0.3525 -0.8944
vn 0.6808 -0.3226 0.6575
vn 0.7630 -0.2160 0.6092
vn -0.9560 0.2497 0.1539
vn 0.6586 0.1678 0.7335
vn -0.3691 -0.0679 0.9269
vn 0.7126 -0.1478 0.6859
vn -0.3211 -0.1933 0.9271
vn -0.2791 -0.1386 0.9502
vn -0.4408 -0.3543 -0.8247
vn -0.9852 -0.1309 0.1108
vn -0.0000 -0.7089 0.7053
vn 0.6298 -0.6753 0.3838
vn 0.0051 -0.8695 -0.4939
vn 0.7608 -0.6216 0.1866
vn -0.7482 -0.2125 -0.6286
vn -0.1622 0.9505 0.2649
vn 0.6395 0.5098 0.5754
vn 0.8312 -0.1211 0.5427
vn 0.7114 -0.0832 0.6979
vn -0.0000 -0.9349 -0.3550
vn 0.9061 -0.0624 0.4185
vn 0.9222 -0.0815 0.3781
vn -0.8952 0.2744 -0.3510
vn -0.9067 0.2307 -0.3532
vn -0.5838 0.0300 -0.8113
vn -0.9276 0.2082 -0.3103
vn -0.3351 0.8954 0.2933
vn -0.5818 -0.2085 -0.7862
vn 0.4673 0.7652 -0.4428
vn -0.6062 0.5661 -0.5587
vn -0.9887 0.1501 -0.0049
vn -0.9951 0.0993 0.0043
vn -0.9803 0.1966 0.0208
vn 0.7735 -0.0575 0.6312
vn 0.6811 -0.0328 0.7314
vn -0.0000 -0.5244 0.8515
vn 0.0512 0.9942 0.0951
vn -0.1759 0.2242 0.9585
vn 0.8587 0.4590 -0.2281
vn 0.8510 0.4957 -0.1733
vn 0.7671 -0.3106 -0.5613
vn 0.6635 -0.4328 -0.6103
vn 0.8448 0.4658 0.2632
vn -0.0245 0.2807 0.9595
vn -0.1328 0.5731 0.8086
vn 0.5602 0.7601 0.3293
vn 0.2076 0.7137 -0.6690
vn 0.7312 0.6174 0.2901
vn 0.6556 0.2842 0.6996
vn -0.2042 0.3218 0.9245
vn -0.1934 0.7061 0.6812
vn -0.3162 0.9421 0.1118
vn 0.6227 0.7596 -0.1880
vn -0.7100 0.6970 0.1006
vn -0.2984 0.8077 -0.5086
vn -0.5007 0.1048 -0.8592
vn -0.9605 0.2583 0.1034
vn 0.9359 -0.3077 0.1716
vn 0.4485 -0.3394 -0.8268
vn 0.3923 0.0173 -0.9197
vn 0.9874 -0.0734 0.1400
vn 0.0121 -0.9285 -0.3710
vn -0.1949 -0.7221 0.6638
vn -0.4190 -0.6994 0.5791
vn 0.0189 -0.9219 -0.3869
vn -0.9800 -0.0998 -0.1721
vn -0.9396 -0.1770 -0.2929
vn -0.9761 -0.0821 0.2012
vn -0.9763 -0.0874 0.1981
vn -0.4846 -0.1042 -0.8685
vn -0.9713 0.0147 0.2375
vn -0.6634 -0.2918 -0.6890
vn 0.4342 -0.0866 -0.8966
vn 0.1958 -0.0608 -0.9788
vn -0.2445 -0.1184 0.9624
vn -0.2423 -0.0847 0.9665
vn 0.9241 0.3688 0.1000
vn 0.7332 0.6573 -0.1741
vn -0.0042 0.9278 0.3730
vn 0.2940 0.4074 0.8646
vn 0.5175 0.6774 -0.5228
vn -0.3007 0.8656 -0.4003
vn -0.5001 0.4647 -0.7307
vn 0.5340 0.4350 -0.7250
vn 0.5761 0.3643 -0.7317
vn -0.5452 0.4011 -0.7362
vn 0.0799 0.9824 0.1687
vn 0.0961 0.9770 0.1901
vn -0.6942 0.3579 0.6245
vn -0.6071 0.2642 0.7494
vn -0.4635 -0.4292 0.7752
vn -0.2054 -0.4996 0.8415
vn -0.4224 0.2047 0.8830
vn 0.4487 0.1133 0.8865
vn -0.1526 0.2208 0.9633
vn 0.4478 0.1731 0.8772
vn 0.8373 0.5424 0.0695
vn 0.3658 0.7353 0.5705
vn 0.3945 0.7314 -0.5563
vn -0.0986 0.8465 0.5231
vn -0.2305 0.3593 0.9043
vn -0.9021 0.4308 -0.0242
vn -0.8649 0.3851 0.3221
vn -0.9961 -0.0344 0.0809
vn -0.9920 0.1230 0.0289
vn -0.8614 -0.1285 0.4915
vn -0.8263 -0.1171 0.5509
vn -0.8381 -0.0944 0.5372
vn -0.8377 -0.0023 0.5461
vn -0.8307 -0.0207 0.5564
vn -0.3947 0.7009 0.5941
vn -0.9732 0.1239 0.1939
vn -0.7593 -0.1515 0.6329
vn -0.7124 -0.2483 0.6564
vn -0.7798 -0.6154 0.1145
vn -0.8662 -0.1987 0.4586
vn -0.8824 -0.1869 0.4318
vn -0.8076 -0.5785 0.1145
vn -0.1233 -0.8891 -0.4408
vn 0.0006 -0.8641 -0.5032
vn -0.8936 -0.4414 -0.0812
vn -0.9472 -0.1020 0.3039
vn -0.9565 -0.1806 0.2292
vn -0.9670 -0.0966 0.2360
vn -0.5188 -0.2803 -0.8076
vn -0.5655 -0.3866 -0.7285
vn -0.8039 -0.0280 0.5940
vn 0.1013 0.0855 0.9912
vn -0.7742 -0.0832 0.6274
vn 0.6222 0.6486 -0.4383
vn 0.7738 0.5562 -0.3033
vn 0.9739 0.1910 -0.1229
vn 0.8853 0.3636 -0.2899
vn -0.4897 -0.0693 0.8691
vn -0.4999 -0.0742 0.8629
vn -0.9199 -0.0794 0.3840
vn -0.9438 0.1989 0.2638
vn -0.2321 -0.7558 -0.6123
vn 0.0036 -0.8977 -0.4406
vn 0.6199 -0.1489 -0.7704
vn 0.4424 0.6988 -0.5621
vn 0.0578 0.9835 0.1716
vn 0.6017 -0.4268 -0.6751
vn -0.2753 -0.3525 -0.8944
vn 0.5853 -0.1629 -0.7943
vn -0.7630 -0.2160 0.6092
vn -0.6808 -0.3226 0.6575
vn 0.9560 0.2497 0.1539
vn -0.6586 0.1678 0.7335
vn -0.7126 -0.1478 0.6859
vn 0.3691 -0.0679 0.9269
vn 0.3210 -0.1933 0.9271
vn 0.2791 -0.1386 0.9502
vn 0.9852 -0.1309 0.1108
vn 0.4408 -0.3543 -0.8247
vn -0.6298 -0.6753 0.3838
vn -0.7608 -0.6216 0.1867
vn -0.0051 -0.8695 -0.4939
vn 0.7482 -0.2125 -0.6286
vn 0.1622 0.9505 0.2649
vn -0.6395 0.5098 0.5754
vn -0.7114 -0.0832 0.6979
vn -0.8312 -0.1211 0.5427
vn -0.9061 -0.0624 0.4185
vn -0.9222 -0.0815 0.3781
vn 0.8952 0.2744 -0.3510
vn 0.9067 0.2307 -0.3532
vn 0.9276 0.2082 -0.3103
vn 0.5838 0.0300 -0.8113
vn 0.3351 0.8954 0.2933
vn 0.5818 -0.2085 -0.7862
vn -0.4673 0.7652 -0.4428
vn 0.6062 0.5661 -0.5587
vn 0.9950 0.0993 0.0043
vn 0.9887 0.1502 -0.0048
vn 0.9803 0.1966 0.0208
vn -0.6811 -0.0328 0.7314
vn -0.7735 -0.0575 0.6312
vn -0.2844 -0.5929 -0.7534
vn -0.1321 -0.5987 -0.7900
vn 0.4049 -0.9072 0.1140
vn 0.0603 -0.9732 0.2221
vn -0.3193 -0.2429 -0.9160
vn 0.1055 -0.1176 -0.9874
vn 0.0899 -0.3995 -0.9123
vn 0.9252 0.1853 -0.3311
vn 0.7444 0.2616 0.6143
vn 0.7385 -0.0081 0.6742
vn 0.8724 -0.4435 -0.2054
vn 0.2360 -0.2409 0.9414
vn 0.5094 -0.2156 0.8331
vn 0.4304 0.1954 0.8812
vn 0.1457 0.1454 0.9786
vn -0.9104 -0.0876 0.4044
vn -0.6849 -0.2388 -0.6884
vn -0.5511 -0.4443 -0.7063
vn -0.5936 -0.7196 0.3602
vn -0.0194 -0.1144 0.9932
vn -0.1453 0.1096 0.9833
vn -0.3750 -0.2521 -0.8921
vn -0.3771 -0.2987 -0.8767
vn -0.2811 -0.2691 -0.9212
vn 0.9120 0.2819 -0.2980
vn 0.7236 0.3356 0.6032
vn 0.4009 0.2695 0.8756
vn -0.8329 0.0426 0.5518
vn -0.7214 -0.2506 -0.6456
vn -0.1838 0.1867 0.9651
vn 0.1420 -0.1004 -0.9848
vn 0.1123 0.2241 0.9681
vn 0.4293 0.4715 -0.7703
vn -0.0155 0.6849 -0.7285
vn 0.0069 0.9161 0.4008
vn 0.7224 0.6591 0.2090
vn -0.0358 0.1634 -0.9859
vn -0.5625 0.1054 -0.8201
vn -0.5305 0.4756 -0.7017
vn -0.9953 -0.0604 0.0755
vn -0.4073 -0.1204 0.9053
vn -0.3203 0.1218 0.9395
vn -0.7383 0.6052 0.2976
vn 0.4651 0.1545 0.8717
vn 0.0822 0.2891 0.9538
vn 0.1183 -0.0738 0.9902
vn 0.5079 -0.0886 0.8569
vn 0.9999 -0.0048 0.0138
vn 0.5197 0.1151 -0.8466
vn 0.4439 0.1858 -0.8766
vn -0.0401 0.2707 -0.9618
vn -0.9928 -0.1103 0.0459
vn -0.3709 -0.2256 0.9008
vn 0.1309 -0.2059 0.9698
vn 0.9871 -0.1090 0.1176
vn 0.4568 -0.2061 0.8654
vn -0.4969 0.1723 -0.8505
vn -0.2711 0.8393 -0.4712
vn -0.5033 0.7842 -0.3631
vn 0.0745 0.9792 0.1885
vn 0.3481 0.8815 -0.3190
vn -0.9409 0.0246 -0.3377
vn -0.9961 0.0886 -0.0031
vn -0.6727 0.6893 0.2687
vn -0.6249 0.7698 -0.1299
vn 0.2882 0.3618 0.8866
vn -0.2277 0.5542 0.8006
vn -0.2664 -0.0478 0.9627
vn 0.2658 -0.0414 0.9631
vn 0.7412 0.6710 0.0202
vn 0.7085 0.6124 0.3506
vn 0.9639 -0.0888 0.2512
vn 0.9831 0.0458 -0.1771
vn 0.6121 0.2207 -0.7594
vn -0.1948 0.2322 -0.9530
vn 0.3834 0.5534 0.7394
vn 0.5920 0.5942 0.5445
vn 0.0615 0.9490 0.3091
vn 0.0175 0.8730 0.4874
vn -0.7090 0.5185 0.4781
vn -0.8584 -0.0187 0.5127
vn -0.1715 0.0100 -0.9851
vn -0.7076 -0.0265 -0.7061
vn -0.7157 0.1387 -0.6845
vn 0.3025 -0.3495 0.8868
vn -0.3640 -0.3818 0.8495
vn -0.3812 -0.4885 0.7849
vn 0.3726 -0.4817 0.7932
vn 0.7774 -0.1874 0.6004
vn 0.7928 -0.3587 0.4927
vn 0.6712 -0.0880 -0.7360
vn 0.9685 -0.1893 -0.1619
vn -0.9223 -0.2366 0.3055
vn -0.9085 -0.3258 0.2618
vn 0.6216 0.0398 0.7824
vn -0.9325 -0.1344 -0.3351
vn 0.9474 -0.2648 0.1797
vn -0.1410 0.7905 -0.5961
vn -0.4023 0.7248 -0.5594
vn 0.0147 0.9881 0.1530
vn 0.4281 0.8605 -0.2761
vn -0.8120 -0.0268 -0.5830
vn -0.9570 0.0538 -0.2851
vn -0.7478 0.6629 0.0370
vn -0.5748 0.7391 -0.3512
vn 0.0290 0.3810 0.9241
vn -0.4490 0.5757 0.6834
vn -0.5284 0.0153 0.8489
vn -0.0133 0.0330 0.9994
vn 0.7195 0.6687 0.1873
vn 0.5843 0.6392 0.5000
vn 0.8561 -0.0366 0.5155
vn 0.9935 0.0518 0.1018
vn 0.7998 0.1647 -0.5772
vn 0.0744 0.1354 -0.9880
vn 0.1677 0.5755 0.8004
vn 0.4149 0.6192 0.6667
vn -0.0377 0.9599 0.2779
vn -0.1434 0.8770 0.4585
vn -0.8372 0.4944 0.2337
vn -0.9691 -0.0028 0.2468
vn 0.1075 -0.0592 -0.9924
vn -0.4881 -0.0864 -0.8685
vn -0.4973 0.0588 -0.8656
vn 0.0477 -0.2405 0.9695
vn -0.5931 -0.2886 0.7516
vn -0.5921 -0.3885 0.7061
vn 0.1332 -0.3628 0.9223
vn 0.5788 -0.1082 0.8082
vn 0.6290 -0.2606 0.7324
vn 0.8572 -0.1073 -0.5036
vn 0.9794 -0.1499 0.1352
vn -0.9761 -0.2093 0.0586
vn -0.9558 -0.2913 0.0404
vn 0.3799 0.1029 0.9193
vn -0.8090 -0.1618 -0.5651
vn 0.8647 -0.1945 0.4631
vn -0.2811 -0.6103 -0.7406
vn 0.3548 -0.7083 -0.6102
vn 0.0764 -0.9865 -0.1450
vn -0.5239 -0.5825 -0.6215
vn -0.9403 0.1041 -0.3241
vn -0.6331 -0.6690 -0.3894
vn -0.6954 -0.7178 0.0351
vn -0.9971 -0.0674 -0.0349
vn 0.2873 -0.6116 0.7371
vn 0.2594 -0.3029 0.9171
vn -0.2773 -0.2951 0.9143
vn -0.2339 -0.7795 0.5812
vn 0.7573 -0.6212 -0.2017
vn 0.9846 0.0193 -0.1738
vn 0.9630 -0.0209 0.2688
vn 0.7114 -0.6906 0.1302
vn 0.6161 0.0756 -0.7840
vn -0.1942 0.1440 -0.9703
vn 0.3909 -0.7513 0.5318
vn 0.0051 -0.9778 0.2093
vn 0.0595 -0.9982 -0.0082
vn 0.5935 -0.7327 0.3331
vn -0.8653 -0.1579 0.4757
vn -0.7318 -0.6177 0.2879
vn -0.7125 0.1289 -0.6897
vn -0.7075 0.2697 -0.6533
vn -0.1674 0.3349 -0.9272
vn 0.3043 -0.0265 0.9522
vn 0.3712 0.1117 0.9218
vn -0.3859 0.1242 0.9141
vn -0.3724 0.0162 0.9279
vn 0.7744 -0.0582 0.6301
vn 0.7988 0.1132 0.5909
vn 0.6857 0.3220 -0.6528
vn 0.9759 0.2023 -0.0816
vn -0.9146 0.1754 0.3642
vn -0.9276 0.0899 0.3627
vn 0.6176 -0.3098 0.7229
vn -0.9353 0.2289 -0.2697
vn 0.9537 0.1452 0.2633
vn -0.1587 -0.4340 -0.8868
vn 0.8161 -0.4559 -0.3552
vn 0.5960 -0.7948 0.1142
vn -0.2255 -0.7220 -0.6541
vn -0.6488 -0.2765 -0.7089
vn -0.6074 -0.6918 -0.3905
vn -0.9019 -0.3716 -0.2203
vn -0.9330 -0.2253 -0.2807
vn -0.7320 0.0238 0.6809
vn -0.4539 -0.3914 0.8005
vn 0.2810 0.0360 0.9590
vn 0.1635 0.1993 0.9662
vn 0.9559 0.0274 0.2923
vn 0.9512 0.1881 0.2446
vn 0.7787 0.1841 0.5998
vn 0.8000 -0.1206 0.5877
vn 0.8002 0.0275 -0.5991
vn -0.1266 -0.2191 -0.9675
vn 0.0488 -0.8733 0.4847
vn 0.5778 -0.1217 0.8070
vn -0.6362 -0.2797 -0.7191
vn -0.6029 -0.3452 -0.7192
vn -0.1032 -0.2234 -0.9692
vn 0.1465 0.2951 0.9442
vn -0.7377 0.1025 0.6673
vn 0.6458 0.1904 0.7394
vn 0.6177 0.2950 0.7290
vn 0.8377 0.1368 -0.5287
vn 0.9328 0.2879 0.2170
vn -0.9344 -0.2170 -0.2826
vn -0.6790 -0.3342 -0.6536
vn 0.7840 0.2964 0.5454
vn -0.0438 0.3189 -0.9468
vn -0.3847 0.5891 -0.7106
vn 0.2601 0.9497 0.1744
vn 0.7439 0.5849 -0.3233
vn -0.5625 0.0471 -0.8254
vn -0.9146 0.0751 -0.3973
vn -0.8090 0.4498 -0.3784
vn -0.7939 0.0727 0.6037
vn 0.1494 0.0405 0.9879
vn 0.2501 0.2724 0.9291
vn -0.4318 0.7232 0.5390
vn 0.8716 0.1992 0.4479
vn 0.6011 0.3891 0.6980
vn 0.6374 0.0316 0.7699
vn 0.8899 -0.0473 0.4538
vn 0.8436 -0.1267 -0.5219
vn -0.0237 -0.0525 -0.9983
vn -0.1009 0.0229 -0.9946
vn -0.5489 0.1561 -0.8212
vn -0.8098 0.0197 0.5863
vn 0.1735 -0.0683 0.9825
vn 0.6317 -0.1027 0.7684
vn 0.8857 -0.2153 -0.4113
vn 0.8472 -0.1557 0.5080
vn -0.8738 0.1291 -0.4688
vn 0.1744 -0.5017 -0.8473
vn 0.1226 -0.9828 0.1379
vn -0.2671 -0.9564 0.1180
vn 0.0066 -0.5263 -0.8503
vn 0.1233 -0.1386 -0.9826
vn -0.2740 -0.3448 -0.8978
vn -0.3431 -0.0715 -0.9366
vn -0.9940 0.0669 -0.0868
vn -0.8381 -0.5440 -0.0397
vn -0.5737 -0.1474 0.8057
vn -0.6232 0.1122 0.7740
vn 0.0343 -0.3299 0.9434
vn 0.0865 0.0629 0.9943
vn -0.2397 0.0781 0.9677
vn -0.2786 -0.3355 0.8999
vn 0.9849 0.0165 0.1722
vn 0.7517 -0.6432 0.1459
vn 0.4370 -0.3109 -0.8440
vn 0.5434 -0.0961 -0.8340
vn 0.3897 0.0671 0.9185
vn 0.2961 -0.1669 0.9404
vn 0.1881 -0.1412 -0.9719
vn 0.0853 -0.1696 -0.9818
vn 0.2002 -0.1877 -0.9616
vn -0.6157 0.1869 0.7655
vn -0.9866 0.1558 -0.0478
vn -0.2211 0.1555 0.9628
vn 0.5907 -0.1056 -0.7999
vn 0.9339 0.1191 0.3371
vn 0.4137 0.1491 0.8981
vn -0.3867 -0.0588 -0.9203
vn 0.1071 0.1462 0.9835
vn 0.0521 0.2993 -0.9527
vn -0.7997 0.5248 -0.2916
vn -0.4551 0.8862 0.0868
vn 0.2002 0.5999 -0.7746
vn 0.5428 0.0951 -0.8345
vn 0.5977 0.5503 -0.5831
vn 0.8831 0.2262 -0.4110
vn 0.8891 0.0617 -0.4535
vn 0.8321 -0.0322 0.5537
vn 0.6270 0.4416 0.6418
vn -0.1137 0.1428 0.9832
vn -0.0143 -0.0466 0.9988
vn -0.8855 0.1526 0.4388
vn -0.9087 -0.0254 0.4167
vn -0.6781 0.0045 0.7350
vn -0.6614 0.3218 0.6775
vn -0.8903 -0.0002 -0.4554
vn -0.0209 0.0722 -0.9972
vn 0.1332 0.9306 0.3411
vn -0.4081 0.3219 0.8543
vn 0.5285 0.0987 -0.8432
vn 0.5041 0.1715 -0.8465
vn -0.0343 0.0817 -0.9961
vn -0.0112 -0.1525 0.9882
vn 0.8317 -0.1160 0.5429
vn -0.5249 -0.0011 0.8512
vn -0.5110 -0.1159 0.8518
vn -0.9230 -0.0978 -0.3721
vn -0.9057 -0.1364 0.4013
vn 0.8870 0.0539 -0.4586
vn 0.5880 0.1585 -0.7932
vn -0.7044 -0.1198 0.6997
vn -0.5455 0.3303 -0.7703
vn -0.8799 0.4268 0.2089
vn -0.2668 0.8765 0.4008
vn -0.1796 0.6610 -0.7285
vn -0.0121 0.1669 -0.9859
vn 0.3736 0.6066 -0.7018
vn 0.5094 0.2608 -0.8201
vn 0.9715 0.2246 0.0753
vn 0.5362 0.7899 0.2975
vn 0.2727 0.2076 0.9394
vn 0.4248 0.0002 0.9053
vn -0.4899 0.0161 0.8716
vn -0.4618 -0.2291 0.8569
vn -0.0925 -0.1043 0.9902
vn -0.1609 0.2538 0.9538
vn -0.9574 -0.2884 0.0138
vn -0.5309 -0.0371 -0.8466
vn -0.0383 0.2709 -0.9618
vn -0.4782 0.0522 -0.8767
vn 0.4198 -0.1110 0.9008
vn 0.9833 0.1760 0.0457
vn -0.0671 -0.2346 0.9698
vn -0.9155 -0.3847 0.1176
vn -0.3794 -0.3272 0.8654
vn 0.4274 0.3063 -0.8506
vn 0.1410 0.7904 -0.5961
vn -0.4280 0.8606 -0.2761
vn -0.0147 0.9881 0.1530
vn 0.4022 0.7248 -0.5594
vn 0.8119 -0.0268 -0.5831
vn 0.5750 0.7390 -0.3512
vn 0.7478 0.6629 0.0370
vn 0.9569 0.0539 -0.2852
vn -0.0291 0.3810 0.9241
vn 0.0134 0.0330 0.9994
vn 0.5285 0.0155 0.8488
vn 0.4487 0.5759 0.6834
vn -0.7194 0.6688 0.1873
vn -0.9934 0.0519 0.1018
vn -0.8561 -0.0366 0.5156
vn -0.5843 0.6393 0.4999
vn -0.7997 0.1647 -0.5773
vn -0.0743 0.1354 -0.9880
vn -0.1676 0.5756 0.8004
vn 0.1436 0.8771 0.4584
vn 0.0377 0.9599 0.2779
vn -0.4150 0.6192 0.6666
vn 0.9691 -0.0025 0.2467
vn 0.8371 0.4947 0.2335
vn 0.4973 0.0588 -0.8656
vn 0.4881 -0.0864 -0.8685
vn -0.1074 -0.0592 -0.9925
vn -0.0477 -0.2405 0.9695
vn -0.1331 -0.3628 0.9223
vn 0.5921 -0.3885 0.7060
vn 0.5930 -0.2887 0.7516
vn -0.5789 -0.1082 0.8082
vn -0.6291 -0.2607 0.7323
vn -0.8571 -0.1073 -0.5039
vn -0.9794 -0.1500 0.1354
vn 0.9558 -0.2913 0.0404
vn 0.9761 -0.2092 0.0585
vn -0.3798 0.1030 0.9193
vn 0.8089 -0.1618 -0.5652
vn -0.8646 -0.1945 0.4633
vn 0.2811 -0.6103 -0.7406
vn 0.5239 -0.5824 -0.6215
vn -0.0764 -0.9865 -0.1450
vn -0.3550 -0.7083 -0.6102
vn 0.9403 0.1041 -0.3241
vn 0.9971 -0.0677 -0.0350
vn 0.6953 -0.7179 0.0350
vn 0.6330 -0.6690 -0.3894
vn -0.2872 -0.6117 0.7372
vn 0.2340 -0.7795 0.5811
vn 0.2774 -0.2951 0.9143
vn -0.2594 -0.3029 0.9170
vn -0.7573 -0.6212 -0.2017
vn -0.7114 -0.6907 0.1300
vn -0.9630 -0.0209 0.2686
vn -0.9846 0.0193 -0.1739
vn -0.6161 0.0756 -0.7840
vn 0.1941 0.1440 -0.9704
vn -0.3908 -0.7512 0.5320
vn -0.5935 -0.7327 0.3332
vn -0.0595 -0.9982 -0.0082
vn -0.0052 -0.9778 0.2094
vn 0.7317 -0.6179 0.2877
vn 0.8653 -0.1581 0.4756
vn 0.1675 0.3349 -0.9272
vn 0.7075 0.2697 -0.6533
vn 0.7125 0.1289 -0.6897
vn -0.3042 -0.0265 0.9522
vn 0.3724 0.0162 0.9279
vn 0.3858 0.1243 0.9142
vn -0.3710 0.1117 0.9219
vn -0.7744 -0.0582 0.6301
vn -0.7988 0.1132 0.5909
vn -0.6856 0.3219 -0.6529
vn -0.9759 0.2023 -0.0817
vn 0.9276 0.0899 0.3627
vn 0.9146 0.1755 0.3642
vn -0.6174 -0.3098 0.7231
vn 0.9353 0.2290 -0.2698
vn -0.9537 0.1453 0.2633
vn 0.5069 -0.4789 -0.7167
vn -0.0435 -0.9964 0.0733
vn -0.3541 -0.9276 -0.1187
vn 0.3693 -0.4837 -0.7935
vn 0.5585 -0.1125 -0.8218
vn 0.1700 -0.2784 -0.9453
vn 0.1517 0.0050 -0.9884
vn -0.8183 0.1877 -0.5433
vn -0.7533 -0.4448 -0.4844
vn -0.8917 -0.1293 0.4338
vn -0.8989 0.1515 0.4112
vn -0.4483 -0.3822 0.8080
vn -0.3960 0.0122 0.9182
vn -0.6569 0.0639 0.7512
vn -0.6940 -0.3524 0.6279
vn 0.7788 -0.1013 0.6190
vn 0.5321 -0.7378 0.4154
vn 0.7481 -0.3282 -0.5767
vn 0.8598 -0.1223 -0.4958
vn -0.1084 -0.0124 0.9940
vn -0.2172 -0.2475 0.9442
vn 0.6082 -0.1226 -0.7842
vn 0.5233 -0.1396 -0.8406
vn 0.6087 -0.1715 -0.7746
vn -0.8827 0.2302 0.4097
vn -0.8135 0.2772 -0.5113
vn -0.6317 0.1415 0.7622
vn 0.8816 -0.1396 -0.4508
vn 0.6700 0.0035 0.7424
vn -0.0704 0.0691 0.9951
vn 0.1163 0.0194 -0.9930
vn -0.3657 0.0949 0.9259
vn 0.3728 0.8393 -0.3957
vn -0.2646 0.8815 -0.3910
vn -0.1163 0.9793 0.1659
vn 0.5736 0.7842 -0.2366
vn 0.9936 0.0246 -0.1102
vn 0.6382 0.7696 0.0186
vn 0.5920 0.6893 0.4176
vn 0.9696 0.0886 0.2280
vn -0.4858 0.3626 0.7953
vn -0.4818 -0.0411 0.8753
vn 0.0360 -0.0476 0.9982
vn 0.0360 0.5544 0.8315
vn -0.7257 0.6710 -0.1521
vn -0.9153 0.0459 -0.4002
vn -0.9958 -0.0889 0.0210
vn -0.7706 0.6124 0.1767
vn -0.4194 0.2208 -0.8806
vn 0.4104 0.2323 -0.8818
vn -0.5444 0.5534 0.6303
vn -0.1302 0.8730 0.4700
vn -0.1316 0.9490 0.2865
vn -0.7022 0.5941 0.3923
vn 0.7161 -0.0188 0.6977
vn 0.5788 0.5184 0.6295
vn 0.8549 0.1388 -0.4999
vn 0.8520 -0.0266 -0.5228
vn 0.3951 0.0099 -0.9186
vn -0.4999 -0.3497 0.7924
vn -0.5464 -0.4816 0.6852
vn 0.1889 -0.4885 0.8519
vn 0.1572 -0.3819 0.9107
vn -0.8954 -0.1875 0.4038
vn -0.8854 -0.3587 0.2957
vn -0.4823 -0.0882 -0.8715
vn -0.9045 -0.1894 -0.3821
vn 0.8230 -0.3258 0.4653
vn 0.8264 -0.2365 0.5110
vn -0.7861 0.0397 0.6168
vn 0.9848 -0.1346 -0.1097
vn -0.9632 -0.2649 -0.0447
vn 0.8929 -0.0698 0.4449
vn 0.8677 0.0053 0.4970
vn 0.9630 0.0759 -0.2587
vn 0.9242 -0.0046 -0.3820
vn 0.8167 -0.5758 0.0384
vn 0.5215 -0.8532 0.0148
vn 0.5436 -0.6931 0.4735
vn 0.8689 -0.4120 0.2743
vn 0.9891 -0.1471 0.0069
vn 0.7445 -0.6494 -0.1546
vn 0.9870 -0.1582 0.0296
vn 0.1798 -0.9198 -0.3487
vn 0.6923 -0.5539 0.4626
vn 0.9888 0.0751 -0.1292
vn 0.8734 -0.2584 -0.4129
vn 0.3075 -0.8640 -0.3987
vn -0.0000 -0.8597 -0.5107
vn 0.2773 -0.6261 -0.7288
vn 0.5440 -0.6163 -0.5694
vn 0.8813 0.4525 -0.1362
vn 0.8658 0.4991 -0.0340
vn 0.9727 -0.2292 -0.0369
vn 0.9366 -0.3282 -0.1226
vn 0.5413 -0.2428 0.8050
vn 0.3055 -0.1739 0.9362
vn 0.3569 -0.3515 0.8655
vn 0.2489 -0.0016 0.9685
vn -0.2132 -0.3822 0.8991
vn -0.1237 -0.5524 0.8244
vn -0.6012 -0.4451 0.6636
vn -0.5677 -0.2798 0.7742
vn -0.1100 -0.7061 0.6995
vn 0.6309 -0.2474 0.7354
vn 0.4977 -0.1931 0.8456
vn -0.0688 -0.7909 0.6080
vn -0.0000 -0.1248 0.9922
vn -0.0000 0.1834 0.9830
vn 0.2461 0.2028 0.9478
vn 0.3906 0.0704 0.9179
vn -0.0000 0.8380 0.5457
vn 0.7399 0.6183 0.2651
vn 0.9043 0.2348 0.3566
vn -0.0000 0.4865 0.8737
vn 0.2777 0.1630 0.9467
vn -0.0000 0.1498 0.9887
vn -0.0000 -0.5808 0.8141
vn 0.2510 -0.5654 0.7857
vn 0.4153 0.4341 0.7995
vn -0.0000 0.4827 0.8758
vn -0.1712 -0.9730 0.1545
vn -0.0000 -0.9459 0.3246
vn -0.0077 -0.8082 0.5888
vn 0.9058 -0.2903 0.3086
vn -0.0000 -0.6621 0.7494
vn -0.0000 -0.3818 0.9243
vn 0.9497 -0.1081 0.2938
vn -0.0000 -0.0893 -0.9960
vn 0.3278 -0.1060 -0.9388
vn 0.3384 -0.3481 -0.8742
vn -0.0000 -0.3234 -0.9463
vn 0.7131 0.0057 0.7011
vn 0.5502 0.1657 0.8185
vn 0.6894 0.1455 0.7096
vn 0.8402 0.0336 0.5412
vn 0.0054 0.9993 0.0377
vn 0.4171 0.6525 0.6327
vn -0.0117 0.6819 0.7313
vn -0.6347 0.7610 0.1346
vn 0.3628 0.2097 0.9080
vn 0.2941 0.2218 0.9297
vn 0.4571 0.2062 0.8652
vn 0.3627 0.2691 0.8922
vn 0.4995 0.3054 0.8107
vn 0.6324 0.7301 0.2589
vn 0.4858 0.8740 -0.0119
vn 0.5494 0.7509 0.3665
vn 0.6086 -0.0413 0.7924
vn 0.4828 -0.2296 0.8451
vn 0.1194 -0.2353 0.9646
vn -0.0223 0.1890 0.9817
vn 0.6677 -0.5068 0.5452
vn 0.8495 -0.2425 0.4686
vn 0.9258 -0.3743 0.0535
vn 0.7883 -0.6018 -0.1284
vn -0.7365 -0.6758 -0.0292
vn -0.7444 -0.6602 -0.0998
vn -0.3176 -0.9482 -0.0120
vn -0.5664 -0.7855 -0.2492
vn -0.9006 0.0919 -0.4248
vn -0.4705 -0.5020 -0.7256
vn -0.5318 -0.7895 -0.3065
vn -0.1179 0.7040 -0.7003
vn 0.8615 -0.3133 -0.3997
vn 0.7988 -0.1860 -0.5721
vn 0.7123 -0.5026 -0.4898
vn 0.7639 -0.3002 -0.5712
vn 0.9071 0.1598 -0.3894
vn 0.9242 0.0172 -0.3815
vn -0.9139 0.2661 0.3066
vn -0.8829 -0.1277 0.4518
vn 0.3548 -0.3286 0.8753
vn -0.7070 -0.4712 0.5275
vn 0.4855 -0.2125 0.8480
vn 0.4768 0.0098 0.8790
vn 0.2059 -0.6660 0.7169
vn -0.4376 -0.6984 0.5664
vn 0.8642 0.3546 0.3570
vn 0.8821 0.0052 0.4711
vn 0.7349 0.0980 0.6710
vn 0.7597 0.3403 0.5541
vn 0.2588 -0.4410 0.8594
vn 0.0951 -0.3262 0.9405
vn 0.4504 -0.1597 0.8785
vn 0.6663 0.2051 0.7169
vn 0.3056 0.2339 0.9230
vn 0.5220 0.6696 0.5284
vn 0.7131 0.4952 0.4963
vn 0.4992 0.8083 0.3121
vn 0.7358 0.6121 0.2896
vn 0.5565 -0.7601 0.3354
vn 0.5820 -0.5666 0.5833
vn 0.2681 -0.7696 0.5795
vn 0.2375 -0.9355 0.2617
vn 0.1037 0.9147 0.3905
vn 0.2864 0.8973 0.3359
vn 0.3199 0.7654 0.5584
vn 0.2143 0.7787 0.5896
vn 0.2830 0.3322 0.8997
vn 0.3606 0.3078 0.8805
vn 0.0900 -0.5604 0.8233
vn 0.2915 -0.4222 0.8584
vn 0.3606 -0.2588 0.8961
vn 0.1565 -0.3616 0.9191
vn 0.4902 0.2853 0.8236
vn 0.1656 0.7629 0.6250
vn -0.0276 0.8902 0.4547
vn 0.2832 -0.5583 0.7798
vn 0.1816 -0.8861 0.4264
vn 0.1265 -0.8979 0.4217
vn 0.4124 -0.5357 0.7368
vn 0.1881 -0.4390 0.8786
vn 0.4367 -0.3255 0.8387
vn 0.6152 -0.1801 0.7675
vn 0.6204 -0.1084 0.7768
vn 0.7686 0.0301 0.6390
vn 0.6351 0.2546 0.7293
vn 0.9193 0.2719 0.2847
vn 0.8162 0.0735 0.5731
vn 0.5508 0.0794 0.8308
vn 0.6497 0.2101 0.7306
vn -0.1327 -0.9585 -0.2524
vn 0.3542 -0.8720 0.3378
vn 0.1214 -0.9021 0.4141
vn -0.2078 -0.9530 -0.2206
vn 0.4768 -0.1202 0.8707
vn 0.4860 0.7156 0.5017
vn 0.6482 0.5802 0.4932
vn 0.1015 0.3400 0.9349
vn -0.1744 -0.0264 0.9843
vn -0.4731 0.1490 0.8683
vn -0.3298 0.4837 0.8107
vn 0.9008 0.2004 0.3853
vn 0.6910 -0.2387 0.6823
vn 0.9547 0.0922 0.2828
vn 0.5848 -0.2405 0.7747
vn -0.2992 -0.4579 0.8372
vn -0.5602 -0.6675 0.4905
vn -0.3891 -0.8768 0.2825
vn -0.2187 -0.6589 0.7198
vn 0.3359 -0.7467 0.5742
vn 0.4725 -0.8470 -0.2436
vn 0.9208 -0.2153 -0.3252
vn 0.6905 -0.2909 -0.6623
vn -0.0696 -0.9746 -0.2127
vn 0.9992 0.0186 0.0346
vn 0.9731 0.2014 -0.1116
vn 0.9518 0.0691 -0.2990
vn 0.8243 -0.1459 -0.5470
vn 0.5754 -0.7781 0.2518
vn -0.0218 -0.9355 -0.3525
vn 0.1488 -0.8879 -0.4352
vn 0.7615 -0.6214 0.1846
vn 0.0852 0.9885 -0.1248
vn 0.0879 0.9959 0.0218
vn 0.8536 0.4689 0.2269
vn 0.1637 -0.9861 0.0269
vn 0.2691 -0.9550 -0.1249
vn 0.3183 -0.7916 -0.5216
vn -0.4687 -0.4607 -0.7537
vn -0.5706 -0.3822 -0.7269
vn 0.9301 -0.0156 0.3670
vn 0.4939 0.4142 -0.7645
vn 0.8281 0.4408 0.3463
vn 0.1391 0.9305 -0.3388
vn 0.3176 0.9277 0.1962
vn 0.1255 0.9871 -0.0993
vn 0.9783 0.2036 -0.0382
vn 0.7146 0.5227 0.4649
vn 0.8963 0.2011 0.3953
vn 0.5555 0.2813 0.7825
vn 0.0159 0.6325 0.7744
vn 0.7865 -0.2849 0.5479
vn 0.8828 -0.4663 -0.0563
vn 0.2889 -0.4802 0.8282
vn 0.3158 -0.8702 0.3783
vn 0.4330 -0.8187 0.3772
vn 0.4829 -0.7266 0.4886
vn 0.4538 -0.8734 0.1768
vn 0.8100 -0.0534 -0.5840
vn 0.7423 0.1018 -0.6623
vn 0.6020 -0.3418 -0.7217
vn 0.5576 -0.2064 -0.8041
vn 0.7251 -0.5350 -0.4336
vn 0.4395 -0.7630 -0.4740
vn 0.8586 -0.4373 -0.2676
vn 0.5144 -0.7650 -0.3874
vn -0.3546 -0.8952 -0.2701
vn -0.1038 -0.9817 -0.1595
vn 0.8044 -0.4239 0.4164
vn -0.0326 -0.5635 0.8255
vn -0.2652 -0.8643 0.4274
vn 0.4369 -0.8990 -0.0310
vn 0.3429 -0.1846 0.9210
vn 0.1806 -0.1931 0.9644
vn 0.4283 -0.1324 0.8939
vn -0.4732 -0.8732 0.1170
vn -0.3793 -0.6790 0.6285
vn 0.0587 -0.9740 0.2189
vn -0.1040 -0.9904 0.0910
vn -0.0894 -0.4857 0.8695
vn 0.0033 -0.5511 0.8344
vn 0.3174 -0.9154 -0.2476
vn 0.1578 -0.9498 -0.2702
vn 0.2942 -0.8536 -0.4299
vn 0.3900 -0.8224 0.4143
vn 0.6364 -0.7712 -0.0154
vn 0.8527 -0.5068 -0.1269
vn 0.4147 -0.3696 -0.8315
vn 0.3954 -0.5763 -0.7152
vn -0.1725 -0.9039 0.3914
vn -0.1442 -0.9740 0.1746
vn -0.3230 -0.9046 0.2782
vn -0.6581 -0.0897 0.7476
vn -0.9596 -0.2809 -0.0166
vn -0.9868 0.0365 -0.1579
vn -0.7271 0.1434 0.6714
vn -0.0445 -0.9887 0.1431
vn -0.5899 -0.5562 0.5854
vn 0.5714 -0.4957 -0.6541
vn -0.0746 -0.3125 -0.9470
vn -0.5417 -0.6908 -0.4789
vn 0.9474 -0.2371 -0.2149
vn 0.7617 -0.6361 -0.1232
vn 0.9267 -0.1522 -0.3437
vn -0.0000 -0.3405 -0.9402
vn -0.0000 -0.6568 -0.7541
vn 0.8526 -0.5053 -0.1331
vn 0.0418 -0.9991 0.0076
vn 0.3374 -0.9399 -0.0523
vn 0.8951 -0.0578 0.4421
vn 0.8689 -0.0499 0.4924
vn 0.8818 0.0215 0.4712
vn 0.9359 0.0710 0.3451
vn 0.9455 -0.2210 0.2394
vn 0.7759 -0.5438 0.3197
vn 0.8971 -0.3204 0.3041
vn 0.2919 -0.4331 0.8528
vn 0.3565 0.1078 0.9280
vn 0.2048 0.0726 0.9761
vn 0.2438 -0.4592 0.8542
vn -0.0000 0.0411 0.9992
vn -0.0000 -0.1986 0.9801
vn -0.0214 -0.2440 0.9695
vn -0.1452 0.0422 0.9885
vn 0.5691 0.8212 0.0422
vn 0.5488 0.8163 0.1802
vn 0.7097 0.6800 0.1841
vn 0.7185 0.6927 0.0630
vn -0.0000 0.6213 -0.7836
vn 0.2129 0.6341 -0.7434
vn 0.2280 0.5094 -0.8298
vn -0.0000 0.4835 -0.8753
vn 0.4684 0.6975 -0.5423
vn 0.5698 0.5665 -0.5954
vn 0.4296 0.5451 -0.7199
vn 0.3548 0.6611 -0.6611
vn 0.3206 0.9300 0.1797
vn 0.3475 0.9373 0.0275
vn -0.0001 -0.3271 0.9450
vn 0.2010 -0.3180 0.9265
vn -0.0000 0.8749 0.4843
vn 0.9478 0.0093 0.3188
vn -0.0000 0.0318 0.9995
vn 0.5001 -0.2973 0.8133
vn 0.6946 -0.3794 0.6112
vn -0.0000 -0.9053 -0.4248
vn -0.0000 -0.5760 -0.8174
vn 0.6581 -0.6717 0.3403
vn 0.0962 -0.9873 0.1262
vn 0.5918 0.1247 0.7964
vn 0.3562 0.1419 0.9236
vn 0.6687 0.3143 0.6738
vn 0.1909 -0.4419 0.8765
vn 0.0174 -0.0305 0.9994
vn 0.1464 -0.5032 0.8517
vn 0.7124 -0.3115 0.6289
vn 0.4969 -0.5477 0.6731
vn 0.1204 0.8146 0.5674
vn 0.2497 0.8040 0.5396
vn -0.2203 0.6373 0.7384
vn 0.2320 0.5215 0.8211
vn 0.0870 0.9957 0.0320
vn -0.7150 0.5294 -0.4565
vn -0.5263 0.2813 -0.8024
vn 0.8820 -0.4530 0.1302
vn 0.3483 -0.7775 -0.5237
vn 0.9399 -0.3272 0.0982
vn 0.8757 -0.0833 0.4756
vn 0.8052 -0.2049 0.5566
vn 0.9694 -0.1297 0.2086
vn 0.9485 -0.1498 0.2790
vn 0.8825 -0.2860 0.3734
vn 0.9486 -0.0692 0.3090
vn 0.9818 -0.1575 0.1063
vn 0.9900 -0.1190 0.0759
vn 0.6228 -0.3591 -0.6951
vn 0.6320 -0.1289 -0.7642
vn 0.8444 -0.1288 -0.5201
vn 0.8305 -0.2995 -0.4696
vn -0.7857 -0.2694 0.5569
vn 0.0670 -0.3456 0.9360
vn 0.1474 0.0283 0.9887
vn 0.0332 -0.9905 -0.1336
vn -0.0000 -0.9833 -0.1822
vn -0.0028 -0.8577 0.5142
vn -0.0030 -0.9583 0.2858
vn -0.1235 -0.9072 0.4022
vn -0.9008 -0.2387 -0.3629
vn 0.5893 0.0958 -0.8022
vn 0.2832 0.1333 -0.9498
vn 0.2638 0.2468 0.9325
vn 0.3329 0.4199 0.8443
vn 0.1322 0.4220 0.8969
vn 0.0675 0.2525 0.9652
vn 0.3062 0.8326 -0.4615
vn 0.3315 0.8792 -0.3423
vn 0.5349 0.7457 -0.3972
vn -0.0000 0.9997 0.0227
vn -0.0000 0.9842 0.1771
vn -0.0000 -0.5966 -0.8025
vn 0.7494 -0.6250 -0.2186
vn 0.9766 -0.1420 -0.1612
vn -0.0000 -0.8255 -0.5644
vn -0.1519 -0.7788 -0.6087
vn -0.0931 -0.9477 -0.3052
vn -0.0000 -0.9480 -0.3181
vn -0.0558 -0.7818 -0.6211
vn 0.2457 0.5595 -0.7916
vn 0.7790 -0.4302 0.4561
vn 0.7829 -0.2605 0.5650
vn 0.7942 0.3342 0.5075
vn 0.2026 -0.8447 0.4953
vn 0.1256 -0.5630 0.8168
vn 0.1784 -0.5069 0.8433
vn 0.3035 -0.8287 0.4703
vn 0.1526 -0.8774 0.4548
vn -0.1873 -0.5494 -0.8143
vn 0.3349 -0.5495 -0.7655
vn 0.2795 -0.2705 -0.9213
vn -0.0018 -0.1270 -0.9919
vn 0.5726 -0.0760 -0.8163
vn 0.9576 -0.2855 0.0388
vn 0.3145 -0.8698 -0.3801
vn -0.8024 -0.5950 -0.0455
vn -0.8018 -0.4798 -0.3562
vn -0.5103 0.7542 0.4133
vn 0.2511 -0.8025 0.5413
vn 0.3752 -0.6016 0.7052
vn 0.5803 -0.5010 0.6420
vn 0.2362 -0.8174 0.5254
vn 0.9309 -0.3128 -0.1886
vn 0.1794 0.6787 0.7122
vn -0.1527 0.8003 0.5798
vn 0.8084 0.0626 -0.5854
vn 0.7470 0.2306 -0.6236
vn 0.8581 0.2232 -0.4624
vn 0.9118 0.0332 -0.4093
vn -0.0000 0.4129 0.9108
vn -0.0000 0.2298 0.9732
vn 0.9888 0.0571 0.1383
vn 0.9717 0.0557 0.2295
vn -0.0000 0.3065 -0.9519
vn 0.2452 0.2911 -0.9247
vn -0.0000 0.1447 -0.9895
vn 0.5370 0.2614 -0.8020
vn 0.2856 -0.3923 0.8744
vn 0.1452 -0.3122 0.9388
vn 0.7856 -0.4936 0.3730
vn 0.7622 -0.6225 0.1774
vn 0.9211 -0.1404 0.3631
vn 0.3344 -0.2688 0.9033
vn 0.5071 -0.2791 0.8155
vn 0.9661 -0.2286 0.1204
vn -0.7665 -0.5823 -0.2708
vn -0.5975 -0.7843 -0.1669
vn -0.4575 -0.8573 -0.2360
vn -0.1963 -0.9415 -0.2739
vn -0.4065 -0.7098 -0.5752
vn -0.3286 -0.8797 -0.3439
vn 0.9709 0.2138 -0.1074
vn 0.1966 -0.6942 -0.6925
vn 0.7376 -0.1262 -0.6633
vn 0.0849 -0.7890 -0.6085
vn -0.9904 0.1023 -0.0925
vn 0.5472 -0.4103 0.7296
vn 0.3745 -0.6944 0.6144
vn 0.4383 -0.2632 0.8594
vn 0.3134 -0.9478 -0.0590
vn 0.7755 0.0104 0.6313
vn 0.7343 -0.1177 0.6685
vn 0.8115 -0.0068 0.5843
vn -0.3254 -0.7590 -0.5640
vn -0.7775 0.5432 -0.3168
vn 0.9316 -0.1204 -0.3430
vn 0.9277 -0.2588 -0.2690
vn -0.6598 -0.1204 -0.7417
vn -0.6908 -0.5877 -0.4212
vn -0.3502 -0.4892 0.7988
vn -0.8219 -0.3699 0.4332
vn 0.9449 0.2686 0.1871
vn 0.9482 0.2998 0.1055
vn 0.9324 0.2981 0.2046
vn 0.6630 0.6054 -0.4403
vn -0.0000 0.7655 0.6434
vn 0.2451 0.7456 0.6196
vn 0.2880 0.8695 0.4013
vn -0.0000 0.9107 0.4131
vn -0.0000 0.9150 -0.4035
vn -0.0000 0.9527 -0.3040
vn -0.5608 -0.7816 -0.2731
vn -0.0251 -0.8879 -0.4593
vn 0.8370 -0.0225 0.5468
vn 0.8333 0.4096 0.3713
vn 0.7570 -0.1980 0.6227
vn 0.4895 -0.8629 0.1257
vn 0.2034 -0.2715 0.9407
vn 0.1019 -0.2112 0.9721
vn 0.0940 -0.7825 0.6155
vn -0.2869 -0.2618 0.9215
vn 0.1476 -0.9560 0.2536
vn 0.0741 -0.9877 0.1380
vn -0.0308 -0.9854 -0.1675
vn 0.0393 -0.8112 0.5835
vn -0.1276 -0.9882 -0.0847
vn 0.3968 -0.8916 0.2180
vn 0.8934 -0.4269 0.1401
vn 0.2158 -0.9764 -0.0017
vn -0.5413 -0.8313 0.1262
vn 0.9991 0.0416 -0.0077
vn 0.9601 0.2756 -0.0472
vn 0.3670 -0.7783 0.5095
vn 0.1576 -0.9617 -0.2243
vn 0.8265 0.0862 0.5562
vn 0.7753 0.0828 0.6261
vn 0.7295 0.6790 -0.0829
vn 0.5736 0.8143 -0.0889
vn 0.3604 0.9289 -0.0853
vn -0.0000 0.9968 -0.0804
vn 0.4057 0.5800 0.7064
vn 0.1928 0.6046 0.7729
vn -0.0000 0.6117 0.7911
vn 0.2500 0.7957 -0.5517
vn 0.7513 0.2681 0.6030
vn -0.0000 -0.2423 0.9702
vn -0.0000 0.1831 0.9831
vn -0.2906 -0.3517 0.8899
vn -0.2719 -0.2190 0.9371
vn -0.2458 0.1015 0.9640
vn -0.2149 0.3934 0.8939
vn -0.1685 0.5459 0.8207
vn -0.0395 0.6944 0.7185
vn 0.0608 0.7794 0.6235
vn 0.8665 0.2586 0.4269
vn 0.4003 0.1980 0.8947
vn 0.1889 0.2341 0.9537
vn -0.0289 0.1591 0.9868
vn -0.0000 0.1221 0.9925
vn -0.0000 0.3768 0.9263
vn -0.0564 -0.9979 0.0325
vn 0.1187 -0.4816 0.8683
vn -0.0000 -0.9551 0.2962
vn 0.0867 -0.9475 0.3078
vn 0.1719 -0.9159 0.3627
vn 0.2349 -0.9047 0.3555
vn 0.2743 -0.9349 0.2252
vn 0.2479 -0.9671 0.0567
vn 0.7440 -0.6681 0.0139
vn 0.1142 -0.9892 -0.0921
vn 0.0028 -0.9859 -0.1673
vn -0.0463 -0.9678 -0.2475
vn 0.6244 -0.2511 0.7396
vn -0.6624 -0.4073 -0.6288
vn -0.8355 0.5250 -0.1623
vn -0.8496 -0.4213 0.3172
vn 0.9235 -0.1111 0.3673
vn 0.2467 -0.9657 -0.0813
vn 0.8082 -0.5839 -0.0770
vn 0.2543 -0.9442 -0.2095
vn 0.6518 -0.6281 -0.4250
vn 0.7417 -0.4725 0.4761
vn 0.5993 -0.3717 -0.7090
vn -0.0968 -0.3094 -0.9460
vn 0.4731 -0.7075 0.5251
vn 0.0654 -0.8338 0.5482
vn -0.7742 0.6173 0.1398
vn 0.9687 -0.2463 -0.0310
vn 0.9828 -0.1168 -0.1432
vn 0.9725 0.0291 -0.2310
vn -0.6182 -0.6756 0.4016
vn -0.5148 -0.7857 0.3430
vn 0.7816 -0.4085 0.4714
vn 0.6022 -0.6057 0.5201
vn 0.2930 -0.8879 0.3546
vn 0.9330 0.2481 -0.2606
vn 0.7154 0.6456 -0.2671
vn 0.5617 0.7890 -0.2489
vn 0.3531 0.9125 -0.2064
vn -0.0000 0.9842 -0.1768
vn -0.2100 -0.9766 0.0457
vn -0.2305 -0.5517 -0.8016
vn 0.9455 -0.3244 -0.0294
vn -0.5835 -0.7577 0.2924
vn -0.0000 -0.8247 0.5655
vn -0.1314 -0.9620 0.2392
vn 0.0399 -0.7482 0.6623
vn -0.0539 -0.8332 0.5503
vn 0.3558 -0.2043 0.9119
vn 0.5715 0.2408 0.7844
vn 0.7024 0.2339 0.6723
vn 0.4748 0.1936 0.8585
vn 0.5584 0.3534 0.7505
vn 0.4674 0.6877 0.5555
vn 0.5161 0.7761 0.3625
vn 0.9026 -0.0196 0.4300
vn 0.6243 0.4841 0.6131
vn 0.8609 0.1587 0.4835
vn 0.8903 -0.3364 0.3071
vn 0.7832 -0.5101 0.3555
vn 0.7865 -0.4654 0.4059
vn 0.8819 -0.3296 0.3371
vn 0.9342 -0.1511 0.3231
vn 0.9375 -0.1667 0.3054
vn 0.9368 0.0069 0.3498
vn 0.9542 0.0304 0.2975
vn 0.8915 0.2227 0.3944
vn 0.9172 0.2660 0.2968
vn 0.6703 0.5615 0.4853
vn 0.6983 0.6329 0.3344
vn -0.5966 -0.2601 -0.7592
vn -0.3688 -0.8971 -0.2431
vn 0.1472 -0.9135 0.3793
vn 0.1497 -0.9202 0.3617
vn 0.1092 -0.9709 0.2129
vn 0.5958 -0.6910 -0.4094
vn 0.7239 -0.6536 -0.2209
vn 0.5940 -0.6733 0.4403
vn 0.0332 -0.8723 0.4878
vn 0.2879 -0.3398 0.8953
vn 0.4518 0.1522 0.8791
vn 0.5432 0.1864 0.8186
vn 0.6333 0.1450 0.7602
vn 0.7179 0.2448 0.6516
vn 0.7692 0.3463 0.5371
vn 0.8229 0.4722 0.3160
vn 0.7987 0.4117 0.4389
vn 0.8388 0.5096 0.1917
vn 0.8490 0.5216 0.0844
vn 0.8606 0.5047 -0.0683
vn 0.8416 0.4694 -0.2672
vn 0.6688 0.3982 -0.6278
vn 0.7729 0.4281 -0.4683
vn 0.4925 0.3998 -0.7730
vn 0.2355 0.3821 -0.8936
vn -0.0000 0.3700 -0.9290
vn -0.0000 -0.9672 -0.2541
vn -0.0000 -0.8754 -0.4833
vn -0.0000 -0.9721 -0.2344
vn -0.6701 -0.0865 -0.7372
vn -0.0000 -0.9996 0.0266
vn -0.0439 -0.9380 -0.3439
vn -0.0000 -0.9435 -0.3314
vn 0.1860 0.7551 -0.6287
vn -0.0000 0.8832 -0.4690
vn -0.0000 0.7766 -0.6300
vn -0.9389 -0.3440 0.0049
vn 0.2919 0.0709 0.9538
vn -0.0000 -0.9903 0.1389
vn 0.6863 0.3526 0.6362
vn 0.7738 0.4608 0.4347
vn -0.8929 -0.0698 0.4449
vn -0.9242 -0.0046 -0.3820
vn -0.9630 0.0759 -0.2587
vn -0.8677 0.0053 0.4970
vn -0.8167 -0.5758 0.0384
vn -0.7899 -0.5790 0.2019
vn -0.5436 -0.6931 0.4735
vn -0.5214 -0.8532 0.0148
vn -0.9891 -0.1471 0.0069
vn -0.9870 -0.1582 0.0296
vn -0.7445 -0.6494 -0.1546
vn -0.3823 -0.8909 -0.2451
vn -0.8734 -0.2584 -0.4129
vn -0.9888 0.0752 -0.1292
vn -0.6923 -0.5538 0.4626
vn -0.3075 -0.8640 -0.3987
vn -0.5440 -0.6163 -0.5694
vn -0.2773 -0.6261 -0.7288
vn -0.8813 0.4525 -0.1362
vn -0.9366 -0.3282 -0.1226
vn -0.9727 -0.2292 -0.0369
vn -0.8659 0.4991 -0.0340
vn -0.5413 -0.2428 0.8050
vn -0.2489 -0.0016 0.9685
vn -0.3569 -0.3515 0.8655
vn -0.3055 -0.1739 0.9362
vn 0.2132 -0.3822 0.8991
vn 0.5677 -0.2798 0.7742
vn 0.6013 -0.4451 0.6636
vn 0.1237 -0.5524 0.8244
vn 0.1100 -0.7061 0.6995
vn 0.0688 -0.7909 0.6080
vn -0.4977 -0.1931 0.8456
vn -0.6309 -0.2474 0.7354
vn -0.3906 0.0704 0.9179
vn -0.2461 0.2028 0.9478
vn -0.9043 0.2348 0.3566
vn -0.7399 0.6183 0.2651
vn -0.2777 0.1630 0.9467
vn -0.2510 -0.5654 0.7857
vn -0.4153 0.4341 0.7995
vn 0.1712 -0.9730 0.1545
vn -0.9058 -0.2903 0.3086
vn -0.9497 -0.1081 0.2938
vn -0.3384 -0.3481 -0.8742
vn -0.3278 -0.1060 -0.9388
vn -0.7131 0.0057 0.7011
vn -0.8402 0.0336 0.5412
vn -0.6894 0.1455 0.7096
vn -0.5502 0.1657 0.8185
vn -0.0054 0.9993 0.0377
vn 0.6347 0.7610 0.1346
vn 0.0117 0.6819 0.7313
vn -0.4171 0.6525 0.6327
vn -0.3628 0.2097 0.9080
vn -0.3627 0.2691 0.8922
vn -0.4571 0.2062 0.8652
vn -0.2941 0.2218 0.9297
vn -0.4995 0.3054 0.8107
vn -0.6324 0.7301 0.2589
vn -0.5494 0.7509 0.3665
vn -0.4858 0.8740 -0.0119
vn -0.6086 -0.0412 0.7924
vn 0.0223 0.1890 0.9817
vn -0.1195 -0.2353 0.9646
vn -0.4828 -0.2295 0.8451
vn -0.6677 -0.5068 0.5452
vn -0.7883 -0.6018 -0.1284
vn -0.9258 -0.3743 0.0535
vn -0.8495 -0.2425 0.4686
vn 0.7365 -0.6758 -0.0292
vn 0.5664 -0.7855 -0.2492
vn 0.3176 -0.9482 -0.0120
vn 0.7444 -0.6602 -0.0998
vn 0.5318 -0.7895 -0.3065
vn 0.4705 -0.5020 -0.7256
vn 0.9006 0.0920 -0.4248
vn 0.1179 0.7040 -0.7003
vn -0.8615 -0.3133 -0.3997
vn -0.7988 -0.1860 -0.5721
vn -0.7123 -0.5027 -0.4899
vn -0.9242 0.0172 -0.3815
vn -0.9071 0.1598 -0.3894
vn -0.7639 -0.3002 -0.5712
vn 0.9139 0.2661 0.3066
vn 0.8829 -0.1277 0.4518
vn 0.7070 -0.4712 0.5275
vn -0.3549 -0.3286 0.8753
vn -0.4855 -0.2125 0.8480
vn 0.4376 -0.6984 0.5664
vn -0.2059 -0.6660 0.7169
vn -0.4768 0.0098 0.8790
vn -0.8642 0.3546 0.3570
vn -0.7597 0.3403 0.5541
vn -0.7349 0.0980 0.6710
vn -0.8821 0.0052 0.4711
vn -0.2588 -0.4410 0.8594
vn -0.4504 -0.1597 0.8785
vn -0.0951 -0.3262 0.9405
vn -0.6663 0.2051 0.7169
vn -0.7131 0.4952 0.4963
vn -0.5220 0.6696 0.5283
vn -0.3056 0.2339 0.9230
vn -0.7358 0.6121 0.2896
vn -0.4992 0.8083 0.3121
vn -0.5565 -0.7601 0.3354
vn -0.2375 -0.9355 0.2617
vn -0.2681 -0.7696 0.5795
vn -0.5820 -0.5666 0.5833
vn -0.1037 0.9147 0.3905
vn -0.2143 0.7787 0.5896
vn -0.3199 0.7654 0.5584
vn -0.2864 0.8973 0.3359
vn -0.2830 0.3322 0.8997
vn -0.3606 0.3078 0.8805
vn -0.0900 -0.5604 0.8233
vn -0.1565 -0.3616 0.9191
vn -0.3606 -0.2588 0.8961
vn -0.2915 -0.4222 0.8584
vn -0.4902 0.2853 0.8236
vn -0.1656 0.7629 0.6250
vn 0.0276 0.8902 0.4547
vn -0.2832 -0.5582 0.7798
vn -0.4124 -0.5357 0.7369
vn -0.1265 -0.8979 0.4217
vn -0.1816 -0.8861 0.4264
vn -0.6152 -0.1801 0.7675
vn -0.4366 -0.3255 0.8387
vn -0.1881 -0.4390 0.8786
vn -0.6204 -0.1084 0.7768
vn -0.6351 0.2546 0.7293
vn -0.7686 0.0301 0.6390
vn -0.9193 0.2719 0.2847
vn -0.8162 0.0735 0.5731
vn -0.6497 0.2101 0.7306
vn -0.5508 0.0794 0.8308
vn 0.1327 -0.9585 -0.2524
vn 0.2078 -0.9530 -0.2206
vn -0.1214 -0.9021 0.4141
vn -0.3542 -0.8720 0.3378
vn -0.4768 -0.1202 0.8707
vn -0.6482 0.5801 0.4932
vn -0.4860 0.7156 0.5017
vn -0.1015 0.3400 0.9349
vn 0.3298 0.4837 0.8107
vn 0.4731 0.1490 0.8683
vn 0.1744 -0.0264 0.9843
vn -0.9008 0.2004 0.3853
vn -0.9547 0.0922 0.2828
vn -0.6910 -0.2387 0.6823
vn -0.5848 -0.2405 0.7747
vn 0.2992 -0.4579 0.8372
vn 0.2187 -0.6589 0.7198
vn 0.3891 -0.8768 0.2825
vn 0.5602 -0.6675 0.4905
vn -0.3359 -0.7467 0.5742
vn -0.4725 -0.8470 -0.2436
vn -0.9208 -0.2153 -0.3252
vn -0.6905 -0.2909 -0.6623
vn 0.0696 -0.9746 -0.2127
vn -0.9992 0.0186 0.0346
vn -0.8243 -0.1459 -0.5470
vn -0.9518 0.0691 -0.2990
vn -0.9731 0.2014 -0.1116
vn -0.5754 -0.7781 0.2518
vn -0.7615 -0.6213 0.1846
vn -0.1488 -0.8879 -0.4352
vn 0.0218 -0.9355 -0.3525
vn -0.0852 0.9885 -0.1248
vn -0.8536 0.4689 0.2269
vn -0.0879 0.9959 0.0218
vn -0.1637 -0.9861 0.0269
vn -0.2691 -0.9550 -0.1249
vn -0.3183 -0.7916 -0.5216
vn 0.5706 -0.3822 -0.7269
vn 0.4687 -0.4607 -0.7537
vn -0.9301 -0.0156 0.3670
vn -0.4939 0.4142 -0.7645
vn -0.1391 0.9305 -0.3388
vn -0.8281 0.4408 0.3463
vn -0.3176 0.9277 0.1962
vn -0.9783 0.2036 -0.0382
vn -0.1255 0.9871 -0.0993
vn -0.7146 0.5227 0.4649
vn -0.0159 0.6326 0.7744
vn -0.5555 0.2813 0.7825
vn -0.8963 0.2011 0.3953
vn -0.7865 -0.2849 0.5479
vn -0.2889 -0.4802 0.8282
vn -0.8828 -0.4663 -0.0563
vn -0.3158 -0.8702 0.3783
vn -0.4538 -0.8734 0.1768
vn -0.4829 -0.7267 0.4886
vn -0.4330 -0.8187 0.3771
vn -0.8100 -0.0534 -0.5840
vn -0.5473 -0.2031 -0.8119
vn -0.6522 -0.2623 -0.7112
vn -0.7423 0.1018 -0.6623
vn -0.7251 -0.5350 -0.4336
vn -0.4395 -0.7630 -0.4740
vn -0.5144 -0.7650 -0.3874
vn -0.8586 -0.4373 -0.2676
vn -0.0251 -0.8701 -0.4922
vn 0.1038 -0.9817 -0.1595
vn -0.4824 -0.2088 0.8507
vn -0.6477 -0.0372 0.7610
vn -0.1360 -0.1872 0.9729
vn 0.4732 -0.8731 0.1170
vn 0.1040 -0.9904 0.0910
vn -0.0586 -0.9740 0.2189
vn 0.3794 -0.6790 0.6285
vn 0.0894 -0.4857 0.8695
vn -0.0033 -0.5511 0.8344
vn -0.3174 -0.9154 -0.2476
vn -0.3900 -0.8224 0.4143
vn -0.2942 -0.8536 -0.4299
vn -0.1578 -0.9498 -0.2702
vn -0.6364 -0.7712 -0.0154
vn -0.3954 -0.5763 -0.7152
vn -0.4147 -0.3696 -0.8315
vn -0.8527 -0.5068 -0.1269
vn 0.3230 -0.9046 0.2782
vn 0.1442 -0.9740 0.1746
vn 0.1743 -0.9011 0.3970
vn 0.6581 -0.0897 0.7476
vn 0.7271 0.1434 0.6714
vn 0.9868 0.0365 -0.1579
vn 0.9596 -0.2809 -0.0166
vn 0.6637 -0.5352 0.5225
vn 0.0445 -0.9887 0.1431
vn 0.5437 -0.6886 -0.4798
vn 0.0745 -0.3125 -0.9470
vn -0.5713 -0.4957 -0.6542
vn -0.9474 -0.2371 -0.2149
vn -0.7617 -0.6361 -0.1232
vn -0.9267 -0.1522 -0.3437
vn -0.3373 -0.9399 -0.0523
vn -0.0418 -0.9991 0.0076
vn -0.8526 -0.5053 -0.1331
vn -0.8951 -0.0578 0.4421
vn -0.9359 0.0710 0.3451
vn -0.8818 0.0215 0.4712
vn -0.8689 -0.0500 0.4924
vn -0.9455 -0.2209 0.2394
vn -0.8971 -0.3205 0.3041
vn -0.7759 -0.5438 0.3197
vn -0.2919 -0.4331 0.8528
vn -0.2438 -0.4592 0.8542
vn -0.2048 0.0726 0.9761
vn -0.3566 0.1078 0.9280
vn 0.1452 0.0422 0.9885
vn 0.0214 -0.2440 0.9695
vn -0.5691 0.8212 0.0422
vn -0.7185 0.6927 0.0630
vn -0.7097 0.6800 0.1841
vn -0.5488 0.8163 0.1802
vn -0.2280 0.5094 -0.8298
vn -0.2129 0.6341 -0.7434
vn -0.4684 0.6975 -0.5423
vn -0.3548 0.6611 -0.6611
vn -0.4296 0.5451 -0.7199
vn -0.5698 0.5665 -0.5954
vn -0.3206 0.9300 0.1797
vn -0.3475 0.9373 0.0275
vn -0.2010 -0.3180 0.9265
vn -0.9478 0.0093 0.3188
vn -0.6946 -0.3794 0.6112
vn -0.5001 -0.2973 0.8133
vn -0.0962 -0.9873 0.1262
vn -0.6581 -0.6717 0.3403
vn -0.5918 0.1247 0.7964
vn -0.6687 0.3143 0.6738
vn -0.3562 0.1419 0.9236
vn -0.1909 -0.4419 0.8765
vn -0.1464 -0.5032 0.8517
vn -0.0174 -0.0305 0.9994
vn -0.4969 -0.5477 0.6731
vn -0.7124 -0.3115 0.6289
vn -0.2497 0.8040 0.5396
vn -0.1204 0.8146 0.5674
vn -0.2320 0.5215 0.8211
vn 0.2203 0.6373 0.7384
vn -0.0870 0.9957 0.0320
vn 0.5263 0.2813 -0.8024
vn 0.7150 0.5294 -0.4565
vn -0.8820 -0.4530 0.1302
vn -0.3483 -0.7775 -0.5237
vn -0.9399 -0.3272 0.0982
vn -0.8052 -0.2049 0.5566
vn -0.8757 -0.0833 0.4756
vn -0.9694 -0.1297 0.2086
vn -0.9486 -0.0692 0.3090
vn -0.8825 -0.2860 0.3734
vn -0.9485 -0.1498 0.2790
vn -0.9818 -0.1575 0.1063
vn -0.9900 -0.1190 0.0759
vn -0.6228 -0.3591 -0.6951
vn -0.8305 -0.2995 -0.4696
vn -0.8444 -0.1288 -0.5201
vn -0.6320 -0.1289 -0.7642
vn 0.7857 -0.2694 0.5569
vn -0.1474 0.0283 0.9887
vn -0.0670 -0.3456 0.9360
vn 0.6252 -0.6724 0.3962
vn 0.1285 -0.9087 0.3973
vn 0.9007 -0.2387 -0.3629
vn -0.5893 0.0958 -0.8022
vn -0.2832 0.1333 -0.9498
vn -0.2638 0.2468 0.9325
vn -0.0675 0.2525 0.9652
vn -0.1322 0.4220 0.8969
vn -0.3329 0.4199 0.8443
vn -0.5349 0.7457 -0.3972
vn -0.3315 0.8792 -0.3423
vn -0.3062 0.8326 -0.4615
vn -0.7494 -0.6250 -0.2186
vn -0.9766 -0.1420 -0.1613
vn 0.0931 -0.9477 -0.3052
vn 0.1519 -0.7788 -0.6087
vn -0.2457 0.5595 -0.7916
vn 0.0558 -0.7818 -0.6211
vn -0.7829 -0.2605 0.5650
vn -0.7790 -0.4302 0.4561
vn -0.7942 0.3342 0.5075
vn -0.1784 -0.5069 0.8433
vn -0.1256 -0.5630 0.8168
vn -0.2026 -0.8447 0.4953
vn -0.3035 -0.8287 0.4703
vn -0.1526 -0.8774 0.4548
vn 0.1873 -0.5494 -0.8143
vn 0.0018 -0.1270 -0.9919
vn -0.2795 -0.2705 -0.9213
vn -0.3349 -0.5495 -0.7655
vn -0.5726 -0.0760 -0.8163
vn -0.9576 -0.2855 0.0388
vn -0.3145 -0.8698 -0.3801
vn 0.8024 -0.5951 -0.0455
vn 0.8018 -0.4798 -0.3562
vn 0.5103 0.7542 0.4133
vn -0.2004 -0.8478 0.4909
vn -0.2362 -0.8174 0.5254
vn -0.5803 -0.5010 0.6420
vn -0.3752 -0.6016 0.7052
vn -0.9309 -0.3128 -0.1886
vn 0.1527 0.8003 0.5798
vn -0.1794 0.6787 0.7122
vn -0.8084 0.0626 -0.5854
vn -0.9118 0.0332 -0.4093
vn -0.8581 0.2232 -0.4624
vn -0.7470 0.2306 -0.6236
vn -0.9717 0.0557 0.2295
vn -0.9888 0.0571 0.1383
vn -0.2452 0.2911 -0.9247
vn -0.5370 0.2614 -0.8020
vn -0.1452 -0.3122 0.9388
vn -0.2856 -0.3923 0.8744
vn -0.9211 -0.1404 0.3631
vn -0.7622 -0.6225 0.1774
vn -0.7856 -0.4936 0.3730
vn -0.3344 -0.2688 0.9033
vn -0.5071 -0.2791 0.8155
vn -0.9661 -0.2286 0.1204
vn 0.7665 -0.5823 -0.2708
vn 0.4575 -0.8573 -0.2360
vn 0.5975 -0.7843 -0.1669
vn 0.1963 -0.9415 -0.2739
vn 0.4065 -0.7098 -0.5752
vn 0.3286 -0.8797 -0.3439
vn -0.9709 0.2138 -0.1074
vn -0.1966 -0.6941 -0.6925
vn -0.0848 -0.7890 -0.6085
vn -0.7376 -0.1262 -0.6633
vn 0.9904 0.1023 -0.0925
vn -0.3745 -0.6944 0.6144
vn -0.5472 -0.4103 0.7296
vn -0.4383 -0.2632 0.8594
vn -0.3134 -0.9478 -0.0590
vn -0.7755 0.0104 0.6313
vn -0.7343 -0.1177 0.6685
vn -0.8115 -0.0068 0.5843
vn 0.3254 -0.7590 -0.5640
vn 0.7775 0.5432 -0.3168
vn -0.9277 -0.2588 -0.2690
vn -0.9316 -0.1204 -0.3430
vn -0.9417 -0.3364 0.0104
vn -0.3310 -0.8743 -0.3550
vn -0.0332 -0.9905 -0.1336
vn 0.6598 -0.1204 -0.7417
vn 0.6876 -0.5805 -0.4360
vn 0.8219 -0.3699 0.4332
vn 0.3502 -0.4892 0.7988
vn -0.9449 0.2686 0.1871
vn -0.9324 0.2981 0.2046
vn -0.9482 0.2998 0.1055
vn -0.6630 0.6054 -0.4403
vn -0.2880 0.8695 0.4013
vn -0.2451 0.7456 0.6196
vn 0.5608 -0.7816 -0.2731
vn 0.0250 -0.8879 -0.4593
vn -0.8370 -0.0225 0.5468
vn -0.8333 0.4096 0.3713
vn -0.7570 -0.1980 0.6227
vn 0.1946 -0.9276 -0.3190
vn -0.4895 -0.8629 0.1257
vn -0.2034 -0.2715 0.9407
vn 0.2885 -0.2612 0.9212
vn -0.0207 -0.6705 0.7416
vn -0.1019 -0.2112 0.9721
vn -0.1476 -0.9560 0.2536
vn 0.0308 -0.9854 -0.1675
vn -0.0679 -0.9877 0.1410
vn -0.0393 -0.8112 0.5835
vn 0.1276 -0.9882 -0.0847
vn -0.3968 -0.8916 0.2180
vn -0.8934 -0.4269 0.1401
vn 0.5413 -0.8313 0.1262
vn -0.2158 -0.9764 -0.0017
vn -0.9601 0.2756 -0.0472
vn -0.9991 0.0416 -0.0077
vn -0.3670 -0.7783 0.5095
vn -0.1576 -0.9617 -0.2243
vn -0.8265 0.0862 0.5562
vn -0.7753 0.0828 0.6261
vn -0.5736 0.8143 -0.0889
vn -0.7295 0.6790 -0.0829
vn -0.3604 0.9289 -0.0853
vn -0.1928 0.6046 0.7729
vn -0.4057 0.5800 0.7064
vn -0.2500 0.7957 -0.5517
vn -0.7513 0.2681 0.6030
vn 0.2906 -0.3517 0.8899
vn 0.2719 -0.2190 0.9371
vn 0.2458 0.1015 0.9640
vn 0.2150 0.3934 0.8939
vn 0.1685 0.5459 0.8207
vn -0.0608 0.7794 0.6235
vn 0.0395 0.6944 0.7185
vn -0.8665 0.2586 0.4269
vn -0.1889 0.2341 0.9537
vn -0.4003 0.1980 0.8947
vn 0.0289 0.1591 0.9868
vn 0.0564 -0.9979 0.0325
vn -0.1187 -0.4816 0.8683
vn -0.0867 -0.9475 0.3078
vn -0.1719 -0.9159 0.3627
vn -0.2349 -0.9047 0.3555
vn -0.2479 -0.9671 0.0567
vn -0.2743 -0.9349 0.2252
vn -0.7440 -0.6681 0.0139
vn -0.1142 -0.9892 -0.0921
vn -0.0028 -0.9859 -0.1673
vn 0.0463 -0.9678 -0.2475
vn -0.6244 -0.2511 0.7397
vn 0.8355 0.5250 -0.1623
vn 0.6624 -0.4073 -0.6288
vn 0.8496 -0.4213 0.3172
vn -0.9234 -0.1111 0.3673
vn -0.0737 -0.9970 0.0221
vn -0.1239 -0.9337 0.3359
vn -0.2694 -0.9461 -0.1799
vn -0.6518 -0.6281 -0.4250
vn -0.7417 -0.4725 0.4761
vn 0.0967 -0.3094 -0.9460
vn -0.5992 -0.3717 -0.7091
vn -0.4731 -0.7075 0.5251
vn -0.0654 -0.8338 0.5482
vn 0.7742 0.6173 0.1398
vn -0.9828 -0.1168 -0.1432
vn -0.9687 -0.2463 -0.0310
vn -0.9725 0.0291 -0.2310
vn 0.5148 -0.7856 0.3433
vn -0.7816 -0.4084 0.4714
vn -0.2930 -0.8879 0.3546
vn -0.6022 -0.6057 0.5201
vn -0.9330 0.2481 -0.2606
vn -0.5617 0.7890 -0.2489
vn -0.7155 0.6456 -0.2671
vn -0.3532 0.9125 -0.2064
vn 0.2100 -0.9766 0.0457
vn 0.2305 -0.5517 -0.8016
vn -0.9193 -0.3872 0.0708
vn 0.5218 -0.8013 0.2925
vn 0.1314 -0.9621 0.2392
vn -0.0399 -0.7482 0.6623
vn 0.0539 -0.8332 0.5503
vn -0.3558 -0.2043 0.9119
vn -0.5715 0.2408 0.7844
vn -0.7024 0.2339 0.6723
vn -0.4748 0.1936 0.8585
vn -0.5584 0.3534 0.7505
vn -0.5161 0.7761 0.3625
vn -0.4674 0.6877 0.5555
vn -0.9026 -0.0196 0.4300
vn -0.6243 0.4841 0.6131
vn -0.8609 0.1587 0.4835
vn -0.8902 -0.3364 0.3071
vn -0.8819 -0.3296 0.3371
vn -0.7865 -0.4654 0.4059
vn -0.7832 -0.5101 0.3555
vn -0.9342 -0.1511 0.3231
vn -0.9375 -0.1667 0.3054
vn -0.9368 0.0069 0.3498
vn -0.9542 0.0304 0.2975
vn -0.8915 0.2227 0.3944
vn -0.9172 0.2660 0.2968
vn -0.6703 0.5615 0.4853
vn -0.6983 0.6329 0.3344
vn 0.5966 -0.2601 -0.7592
vn 0.4449 -0.8651 -0.2319
vn -0.0940 -0.9375 0.3351
vn -0.1497 -0.9202 0.3617
vn -0.1092 -0.9709 0.2129
vn -0.6292 -0.7457 -0.2193
vn -0.5958 -0.6910 -0.4094
vn -0.5940 -0.6733 0.4403
vn -0.0332 -0.8723 0.4878
vn -0.2879 -0.3398 0.8953
vn -0.4517 0.1522 0.8791
vn -0.5432 0.1864 0.8186
vn -0.6333 0.1450 0.7602
vn -0.7179 0.2448 0.6516
vn -0.7692 0.3463 0.5371
vn -0.8229 0.4722 0.3160
vn -0.7987 0.4117 0.4389
vn -0.8388 0.5096 0.1917
vn -0.8490 0.5216 0.0844
vn -0.8606 0.5047 -0.0683
vn -0.8416 0.4694 -0.2672
vn -0.6688 0.3982 -0.6278
vn -0.7729 0.4281 -0.4683
vn -0.4925 0.3998 -0.7730
vn -0.2355 0.3821 -0.8936
vn 0.6701 -0.0865 -0.7372
vn 0.0438 -0.9380 -0.3439
vn -0.1860 0.7551 -0.6287
vn 0.9389 -0.3440 0.0049
vn -0.2919 0.0709 0.9538
vn -0.7036 -0.4462 0.5530
vn -0.8067 0.3519 0.4747
vn -0.0000 1.0000 -0.0000
vn -0.1012 -0.9892 -0.1062
vn -0.0359 -0.9138 0.4045
vn -0.1682 0.9527 0.2530
vn -0.2318 0.9419 0.2430
vn -0.3394 0.9138 0.2232
vn -0.0269 0.9622 0.2711
vn -0.3394 -0.9138 -0.2232
vn -0.0441 0.9568 -0.2873
vn -0.0253 0.9600 -0.2788
vn -0.0088 0.9625 -0.2712
vn 0.1543 0.2924 -0.9438
vn 0.0080 0.9647 -0.2633
vt 0.274679 0.618283
vt 0.283383 0.618020
vt 0.284223 0.622498
vt 0.274674 0.623025
vt 0.367834 0.513292
vt 0.365205 0.550004
vt 0.332690 0.547200
vt 0.339412 0.512296
vt 0.390067 0.620813
vt 0.379434 0.620456
vt 0.379209 0.607768
vt 0.392843 0.609300
vt 0.274669 0.629489
vt 0.285249 0.629352
vt 0.466701 0.588907
vt 0.464515 0.582959
vt 0.471111 0.579659
vt 0.473705 0.588395
vt 0.455966 0.590116
vt 0.458446 0.592222
vt 0.480459 0.571656
vt 0.475593 0.571940
vt 0.479758 0.564052
vt 0.484340 0.567467
vt 0.479281 0.546426
vt 0.484714 0.546620
vt 0.488699 0.553781
vt 0.480112 0.551996
vt 0.284143 0.560171
vt 0.292342 0.560270
vt 0.293051 0.567361
vt 0.283615 0.567634
vt 0.430364 0.564492
vt 0.425346 0.578221
vt 0.406362 0.573001
vt 0.407629 0.557727
vt 0.432224 0.558064
vt 0.458348 0.561863
vt 0.461160 0.577613
vt 0.283643 0.546362
vt 0.293505 0.546449
vt 0.274742 0.545989
vt 0.274778 0.506490
vt 0.283639 0.506887
vt 0.285311 0.595341
vt 0.274697 0.596599
vt 0.274713 0.579722
vt 0.283119 0.578420
vt 0.457120 0.635655
vt 0.457844 0.631232
vt 0.462298 0.629757
vt 0.465089 0.631587
vt 0.466774 0.624552
vt 0.468282 0.625029
vt 0.462966 0.614750
vt 0.457793 0.609242
vt 0.461000 0.606718
vt 0.466551 0.614470
vt 0.309431 0.620081
vt 0.307000 0.615006
vt 0.323314 0.611465
vt 0.324683 0.617582
vt 0.297774 0.604300
vt 0.296890 0.616365
vt 0.284291 0.606042
vt 0.475330 0.578723
vt 0.482475 0.585272
vt 0.484583 0.538845
vt 0.490351 0.540446
vt 0.489130 0.546269
vt 0.492903 0.548408
vt 0.490258 0.582213
vt 0.479146 0.575997
vt 0.484058 0.572879
vt 0.494235 0.573949
vt 0.465031 0.623730
vt 0.461753 0.628462
vt 0.454272 0.611994
vt 0.460267 0.618282
vt 0.478544 0.537643
vt 0.363536 0.585642
vt 0.365597 0.596230
vt 0.341927 0.596890
vt 0.337282 0.585866
vt 0.363463 0.607219
vt 0.384941 0.594868
vt 0.449323 0.603903
vt 0.444119 0.622394
vt 0.436840 0.617929
vt 0.332674 0.563359
vt 0.366963 0.564500
vt 0.366385 0.572577
vt 0.334955 0.570610
vt 0.329965 0.557749
vt 0.365824 0.558178
vt 0.392972 0.560687
vt 0.391234 0.571806
vt 0.468243 0.573646
vt 0.467804 0.561919
vt 0.474239 0.562745
vt 0.471756 0.573006
vt 0.397878 0.599362
vt 0.412881 0.606213
vt 0.408837 0.613684
vt 0.312800 0.626063
vt 0.327898 0.623691
vt 0.457923 0.542309
vt 0.454477 0.524142
vt 0.460732 0.527197
vt 0.465074 0.536339
vt 0.297574 0.592972
vt 0.295208 0.576586
vt 0.418776 0.593214
vt 0.453158 0.588361
vt 0.392530 0.558600
vt 0.304397 0.547146
vt 0.302316 0.559988
vt 0.299755 0.627934
vt 0.297930 0.620751
vt 0.391137 0.553897
vt 0.405791 0.552883
vt 0.406771 0.554915
vt 0.309502 0.602488
vt 0.322057 0.598839
vt 0.408972 0.623161
vt 0.457724 0.629402
vt 0.451615 0.629831
vt 0.453213 0.626616
vt 0.442028 0.625184
vt 0.433462 0.621880
vt 0.469097 0.552895
vt 0.469439 0.546305
vt 0.274724 0.568339
vt 0.302448 0.565995
vt 0.315739 0.558922
vt 0.316135 0.564752
vt 0.318204 0.547579
vt 0.296390 0.507263
vt 0.307932 0.507907
vt 0.343597 0.615056
vt 0.341118 0.607600
vt 0.316464 0.571728
vt 0.304567 0.574141
vt 0.274729 0.560140
vt 0.322118 0.510380
vt 0.388706 0.583353
vt 0.402786 0.587570
vt 0.390510 0.517297
vt 0.409880 0.520222
vt 0.433955 0.550569
vt 0.434538 0.523776
vt 0.407899 0.641460
vt 0.392572 0.634316
vt 0.383272 0.630670
vt 0.368019 0.620566
vt 0.458866 0.552780
vt 0.453527 0.602446
vt 0.457003 0.602897
vt 0.470723 0.539030
vt 0.495614 0.562018
vt 0.439349 0.645975
vt 0.433412 0.645994
vt 0.433613 0.629269
vt 0.440481 0.630844
vt 0.451147 0.634815
vt 0.448662 0.646568
vt 0.320064 0.587409
vt 0.308247 0.590539
vt 0.274689 0.606715
vt 0.344251 0.622523
vt 0.425165 0.655963
vt 0.422595 0.649578
vt 0.368362 0.627292
vt 0.265126 0.622482
vt 0.265974 0.618005
vt 0.181710 0.513125
vt 0.210134 0.512182
vt 0.216792 0.547098
vt 0.184272 0.549842
vt 0.159282 0.620608
vt 0.156527 0.609090
vt 0.170164 0.607582
vt 0.169916 0.620270
vt 0.264089 0.629333
vt 0.082710 0.588562
vt 0.075709 0.588039
vt 0.078317 0.579307
vt 0.084907 0.582618
vt 0.093442 0.589790
vt 0.090959 0.591892
vt 0.068983 0.571287
vt 0.065108 0.567092
vt 0.069695 0.563686
vt 0.073849 0.571579
vt 0.070198 0.546064
vt 0.069358 0.551633
vt 0.060766 0.553404
vt 0.064764 0.546250
vt 0.265316 0.560157
vt 0.265832 0.567621
vt 0.256396 0.567330
vt 0.257117 0.560240
vt 0.119090 0.564215
vt 0.141834 0.557483
vt 0.143074 0.572763
vt 0.124082 0.577951
vt 0.117240 0.557786
vt 0.088270 0.577277
vt 0.091110 0.561530
vt 0.255978 0.546417
vt 0.265840 0.546347
vt 0.265916 0.506872
vt 0.264086 0.595323
vt 0.266308 0.578406
vt 0.092200 0.635327
vt 0.084238 0.631247
vt 0.087030 0.629424
vt 0.091484 0.630902
vt 0.081057 0.624682
vt 0.082566 0.624207
vt 0.086393 0.614411
vt 0.082809 0.614125
vt 0.088374 0.606383
vt 0.091577 0.608913
vt 0.239922 0.620020
vt 0.224674 0.617495
vt 0.226053 0.611380
vt 0.242362 0.614950
vt 0.251607 0.604259
vt 0.265087 0.606026
vt 0.252469 0.616327
vt 0.066946 0.584902
vt 0.074101 0.578363
vt 0.064908 0.538474
vt 0.060348 0.545891
vt 0.059138 0.540065
vt 0.056572 0.548023
vt 0.059171 0.581834
vt 0.055207 0.573570
vt 0.065384 0.572504
vt 0.070290 0.575631
vt 0.084310 0.623388
vt 0.087576 0.628129
vt 0.095093 0.611672
vt 0.089086 0.617949
vt 0.070949 0.537282
vt 0.185877 0.585485
vt 0.212130 0.585757
vt 0.207465 0.596772
vt 0.183797 0.596069
vt 0.164456 0.594672
vt 0.185911 0.607062
vt 0.100057 0.603590
vt 0.112513 0.617639
vt 0.105225 0.622091
vt 0.216779 0.563257
vt 0.214485 0.570504
vt 0.183051 0.572414
vt 0.182488 0.564336
vt 0.183638 0.558015
vt 0.219498 0.557652
vt 0.156485 0.560475
vt 0.158204 0.571597
vt 0.081194 0.573299
vt 0.077684 0.572653
vt 0.075216 0.562389
vt 0.081654 0.561576
vt 0.151510 0.599143
vt 0.140525 0.613445
vt 0.136495 0.605967
vt 0.236543 0.625997
vt 0.221448 0.623598
vt 0.091564 0.541981
vt 0.084423 0.535999
vt 0.088782 0.526864
vt 0.095044 0.523821
vt 0.251827 0.592932
vt 0.254222 0.576551
vt 0.130624 0.592956
vt 0.096252 0.588040
vt 0.156931 0.558389
vt 0.247143 0.559941
vt 0.245085 0.547095
vt 0.249584 0.627890
vt 0.251422 0.620710
vt 0.158333 0.553687
vt 0.142698 0.554668
vt 0.143682 0.552641
vt 0.227333 0.598756
vt 0.239881 0.602428
vt 0.140372 0.622922
vt 0.091605 0.629073
vt 0.096124 0.626296
vt 0.097715 0.629513
vt 0.107311 0.624884
vt 0.115884 0.621596
vt 0.080041 0.545958
vt 0.080371 0.552551
vt 0.247001 0.565947
vt 0.233316 0.564680
vt 0.233722 0.558851
vt 0.231277 0.547503
vt 0.241621 0.507849
vt 0.253164 0.507226
vt 0.205763 0.614935
vt 0.208256 0.607484
vt 0.244867 0.574090
vt 0.232974 0.571655
vt 0.227431 0.510297
vt 0.160711 0.583150
vt 0.146623 0.587341
vt 0.159026 0.517087
vt 0.139647 0.519976
vt 0.114983 0.523491
vt 0.115519 0.550287
vt 0.156752 0.634107
vt 0.141411 0.641224
vt 0.166060 0.630478
vt 0.181332 0.620401
vt 0.090602 0.552447
vt 0.095856 0.602125
vt 0.092379 0.602569
vt 0.078769 0.538681
vt 0.053837 0.561638
vt 0.109952 0.645680
vt 0.108848 0.630547
vt 0.115719 0.628985
vt 0.115889 0.645710
vt 0.098174 0.634498
vt 0.100638 0.646256
vt 0.241158 0.590481
vt 0.229346 0.587330
vt 0.205096 0.622402
vt 0.126700 0.649314
vt 0.124118 0.655694
vt 0.180976 0.627126
vt 0.091829 0.644224
vt 0.089893 0.640356
vt 0.459417 0.640688
vt 0.457474 0.644552
vt 0.438195 0.733117
vt 0.453463 0.734344
vt 0.448751 0.740400
vt 0.439547 0.739433
vt 0.471196 0.756895
vt 0.463665 0.758914
vt 0.459494 0.741367
vt 0.465259 0.737094
vt 0.457670 0.757753
vt 0.451900 0.758686
vt 0.451303 0.746909
vt 0.454693 0.744388
vt 0.440247 0.744840
vt 0.446781 0.745127
vt 0.445763 0.758472
vt 0.438649 0.757653
vt 0.427621 0.756387
vt 0.422283 0.756646
vt 0.428400 0.738810
vt 0.432794 0.742928
vt 0.435409 0.745716
vt 0.432813 0.756853
vt 0.480050 0.756632
vt 0.475668 0.790116
vt 0.467448 0.789131
vt 0.457757 0.789441
vt 0.450518 0.790008
vt 0.444408 0.790359
vt 0.427469 0.788789
vt 0.420539 0.788410
vt 0.431999 0.790148
vt 0.463300 0.788746
vt 0.476962 0.734332
vt 0.436906 0.790734
vt 0.414203 0.755199
vt 0.421366 0.733214
vt 0.414203 0.788921
vt 0.429004 0.673299
vt 0.439732 0.668290
vt 0.441106 0.675169
vt 0.433145 0.677963
vt 0.468859 0.684750
vt 0.458489 0.687886
vt 0.452622 0.672651
vt 0.462873 0.666151
vt 0.453187 0.687191
vt 0.447647 0.687715
vt 0.446274 0.681785
vt 0.448363 0.678249
vt 0.434840 0.680997
vt 0.440968 0.679348
vt 0.440419 0.687299
vt 0.434070 0.686536
vt 0.429149 0.685439
vt 0.424847 0.687649
vt 0.419466 0.709729
vt 0.412262 0.708960
vt 0.415196 0.685411
vt 0.454567 0.709951
vt 0.447520 0.710373
vt 0.439911 0.711167
vt 0.427749 0.709634
vt 0.434509 0.711092
vt 0.463591 0.709878
vt 0.420439 0.666891
vt 0.471896 0.708576
vt 0.024318 0.590494
vt 0.030831 0.587608
vt 0.033027 0.598224
vt 0.023793 0.600587
vt 0.067552 0.614219
vt 0.063532 0.607699
vt 0.062603 0.600580
vt 0.069199 0.600294
vt 0.045345 0.605769
vt 0.049886 0.601130
vt 0.049719 0.605294
vt 0.045415 0.607261
vt 0.029796 0.604801
vt 0.034855 0.605132
vt 0.034475 0.612595
vt 0.029165 0.612264
vt 0.023009 0.611763
vt 0.016065 0.612278
vt 0.014610 0.600302
vt 0.042986 0.605073
vt 0.039727 0.605273
vt 0.040889 0.598538
vt 0.046798 0.600044
vt 0.058472 0.602275
vt 0.057570 0.605758
vt 0.021245 0.634641
vt 0.015996 0.636331
vt 0.008335 0.612924
vt 0.045297 0.613124
vt 0.050555 0.613323
vt 0.048378 0.634845
vt 0.042619 0.634589
vt 0.040156 0.612942
vt 0.039523 0.634670
vt 0.026349 0.634080
vt 0.031746 0.634967
vt 0.058905 0.613178
vt 0.053360 0.635604
vt 0.040202 0.585485
vt 0.045949 0.589204
vt 0.008311 0.601359
vt 0.041966 0.608961
vt 0.058113 0.637017
vt 0.034898 0.634874
vt 0.075578 0.616233
vt 0.077084 0.604510
vt 0.063935 0.639085
vt 0.049631 0.592096
vt 0.013937 0.516098
vt 0.017832 0.518361
vt 0.022430 0.515449
vt 0.020556 0.511268
vt 0.043867 0.524422
vt 0.040300 0.509334
vt 0.036233 0.516367
vt 0.039047 0.525944
vt 0.034814 0.526811
vt 0.031325 0.518687
vt 0.029324 0.521941
vt 0.030519 0.526971
vt 0.019305 0.521743
vt 0.018874 0.525954
vt 0.021616 0.526314
vt 0.022244 0.519072
vt 0.014804 0.525259
vt 0.011231 0.525456
vt 0.027294 0.515372
vt 0.027040 0.519361
vt 0.006691 0.524388
vt 0.005590 0.548061
vt 0.010004 0.547452
vt 0.029990 0.547844
vt 0.035247 0.547844
vt 0.026769 0.526788
vt 0.026904 0.547878
vt 0.014607 0.547465
vt 0.019566 0.548320
vt 0.039939 0.547500
vt 0.029237 0.509408
vt 0.010558 0.509831
vt 0.043516 0.547957
vt 0.022652 0.547919
vt 0.050489 0.523526
vt 0.047130 0.508234
vt 0.048753 0.547953
vt 0.318091 0.787377
vt 0.320845 0.779073
vt 0.325666 0.780473
vt 0.322450 0.788868
vt 0.396847 0.814290
vt 0.399256 0.807792
vt 0.403370 0.810208
vt 0.404660 0.817308
vt 0.383565 0.739261
vt 0.382638 0.734135
vt 0.393024 0.731299
vt 0.392424 0.738582
vt 0.075135 0.700700
vt 0.081057 0.702908
vt 0.083388 0.710588
vt 0.078747 0.709235
vt 0.456839 0.836144
vt 0.493538 0.865249
vt 0.473436 0.876908
vt 0.450597 0.855354
vt 0.361542 0.747976
vt 0.354247 0.750904
vt 0.354223 0.746089
vt 0.359879 0.744390
vt 0.056571 0.670148
vt 0.059841 0.667978
vt 0.060872 0.671362
vt 0.055456 0.673096
vt 0.306975 0.788693
vt 0.304439 0.794722
vt 0.300447 0.790656
vt 0.302040 0.786201
vt 0.298701 0.800750
vt 0.300764 0.803351
vt 0.293092 0.806894
vt 0.291812 0.804479
vt 0.250217 0.720766
vt 0.250345 0.715045
vt 0.253666 0.715336
vt 0.253078 0.720324
vt 0.287347 0.646513
vt 0.288843 0.646478
vt 0.290179 0.650359
vt 0.287536 0.650900
vt 0.252550 0.768753
vt 0.250682 0.768785
vt 0.250786 0.767380
vt 0.252491 0.767367
vt 0.253864 0.774108
vt 0.250454 0.774313
vt 0.063348 0.707488
vt 0.061591 0.713150
vt 0.050724 0.709466
vt 0.290827 0.667473
vt 0.288362 0.668517
vt 0.288153 0.663801
vt 0.291422 0.663243
vt 0.472800 0.916974
vt 0.456225 0.904264
vt 0.466016 0.889752
vt 0.483138 0.901210
vt 0.277653 0.727917
vt 0.266872 0.726418
vt 0.269439 0.715788
vt 0.278635 0.715333
vt 0.253989 0.730677
vt 0.255159 0.724168
vt 0.258735 0.726536
vt 0.256708 0.731669
vt 0.255324 0.720499
vt 0.256929 0.715412
vt 0.262177 0.715353
vt 0.259711 0.721895
vt 0.251166 0.722706
vt 0.253181 0.725422
vt 0.252334 0.730318
vt 0.250906 0.728300
vt 0.251444 0.725016
vt 0.273208 0.736959
vt 0.270610 0.749107
vt 0.264991 0.746641
vt 0.263725 0.734356
vt 0.295501 0.720473
vt 0.291965 0.716449
vt 0.298882 0.712557
vt 0.302226 0.717461
vt 0.269591 0.928284
vt 0.267074 0.936448
vt 0.259835 0.933580
vt 0.262090 0.925071
vt 0.258765 0.920608
vt 0.272094 0.912219
vt 0.272566 0.921696
vt 0.360430 0.653269
vt 0.385107 0.656588
vt 0.384571 0.654733
vt 0.361851 0.650993
vt 0.323776 0.637515
vt 0.321884 0.636313
vt 0.305851 0.697861
vt 0.311965 0.695559
vt 0.314445 0.699217
vt 0.309032 0.702535
vt 0.261149 0.735329
vt 0.263420 0.745913
vt 0.263902 0.754275
vt 0.262497 0.753442
vt 0.260034 0.761338
vt 0.255035 0.767381
vt 0.254438 0.766430
vt 0.258833 0.760545
vt 0.268105 0.775367
vt 0.268109 0.782936
vt 0.262016 0.783861
vt 0.262913 0.774528
vt 0.276500 0.747601
vt 0.275099 0.754735
vt 0.268498 0.758965
vt 0.266894 0.765066
vt 0.274803 0.759446
vt 0.275713 0.762828
vt 0.269813 0.766915
vt 0.278781 0.766260
vt 0.273412 0.769437
vt 0.271425 0.795208
vt 0.279615 0.789018
vt 0.282730 0.791495
vt 0.276219 0.798912
vt 0.292973 0.763348
vt 0.284561 0.763919
vt 0.282925 0.760608
vt 0.293178 0.759884
vt 0.283076 0.757010
vt 0.294161 0.757063
vt 0.284707 0.748042
vt 0.296421 0.749606
vt 0.294532 0.754289
vt 0.283306 0.753454
vt 0.302401 0.759579
vt 0.299378 0.762052
vt 0.297256 0.765211
vt 0.307704 0.738705
vt 0.309683 0.732824
vt 0.314459 0.734864
vt 0.314369 0.739039
vt 0.297772 0.743752
vt 0.307826 0.744714
vt 0.309315 0.751867
vt 0.305115 0.757155
vt 0.314121 0.762046
vt 0.309812 0.763902
vt 0.329460 0.765649
vt 0.321001 0.767819
vt 0.316219 0.777834
vt 0.315005 0.769943
vt 0.321730 0.734493
vt 0.321383 0.736119
vt 0.318262 0.735766
vt 0.318457 0.733178
vt 0.314040 0.785211
vt 0.283872 0.772542
vt 0.280707 0.774557
vt 0.310065 0.777268
vt 0.308498 0.782925
vt 0.302532 0.781839
vt 0.303999 0.777134
vt 0.304481 0.807977
vt 0.307735 0.798380
vt 0.311868 0.801986
vt 0.311368 0.791923
vt 0.293362 0.789546
vt 0.295862 0.796062
vt 0.290841 0.800250
vt 0.290382 0.791655
vt 0.298624 0.724605
vt 0.304629 0.722856
vt 0.306656 0.710852
vt 0.311505 0.716255
vt 0.314880 0.731766
vt 0.319042 0.807687
vt 0.315066 0.805059
vt 0.320182 0.795065
vt 0.328374 0.791934
vt 0.325090 0.736627
vt 0.325363 0.734923
vt 0.331076 0.736094
vt 0.330458 0.738196
vt 0.354188 0.753473
vt 0.348489 0.756107
vt 0.347836 0.753829
vt 0.358097 0.740582
vt 0.354195 0.742284
vt 0.127964 0.703259
vt 0.124958 0.710262
vt 0.123186 0.708922
vt 0.125973 0.702200
vt 0.315707 0.794242
vt 0.332843 0.769239
vt 0.334917 0.761608
vt 0.337366 0.764837
vt 0.370504 0.748251
vt 0.362181 0.750212
vt 0.370252 0.744926
vt 0.378449 0.747549
vt 0.383312 0.746861
vt 0.375684 0.754254
vt 0.372552 0.753823
vt 0.352490 0.717434
vt 0.355272 0.716953
vt 0.358445 0.730162
vt 0.354023 0.731205
vt 0.092895 0.696560
vt 0.092792 0.692244
vt 0.095646 0.693614
vt 0.098001 0.696359
vt 0.097164 0.717444
vt 0.089995 0.714379
vt 0.091789 0.706069
vt 0.098585 0.704860
vt 0.431950 0.836583
vt 0.441344 0.818873
vt 0.423875 0.830011
vt 0.435923 0.808370
vt 0.439435 0.808033
vt 0.447537 0.816623
vt 0.429771 0.804515
vt 0.430411 0.799931
vt 0.434754 0.802417
vt 0.434395 0.804538
vt 0.062257 0.664246
vt 0.056281 0.665744
vt 0.058079 0.662158
vt 0.072363 0.672048
vt 0.069385 0.670298
vt 0.070690 0.667281
vt 0.077661 0.671074
vt 0.065389 0.672564
vt 0.065196 0.670730
vt 0.069959 0.678270
vt 0.073125 0.679873
vt 0.064647 0.681032
vt 0.065531 0.678692
vt 0.101932 0.692205
vt 0.107918 0.685915
vt 0.108274 0.693410
vt 0.102811 0.696927
vt 0.039542 0.678951
vt 0.027023 0.677418
vt 0.034294 0.671363
vt 0.340775 0.726273
vt 0.335122 0.724655
vt 0.338450 0.715343
vt 0.342379 0.714176
vt 0.055096 0.668944
vt 0.051263 0.669791
vt 0.050300 0.667704
vt 0.361696 0.724122
vt 0.358095 0.715884
vt 0.360513 0.713847
vt 0.365732 0.721139
vt 0.330170 0.652555
vt 0.337292 0.655602
vt 0.324938 0.643230
vt 0.328356 0.641236
vt 0.333297 0.648917
vt 0.367278 0.741289
vt 0.364663 0.737128
vt 0.379268 0.729822
vt 0.318670 0.818763
vt 0.310145 0.827024
vt 0.304850 0.821446
vt 0.313196 0.815447
vt 0.326009 0.808510
vt 0.335745 0.792217
vt 0.342360 0.795056
vt 0.333101 0.809755
vt 0.273788 0.806816
vt 0.273943 0.812308
vt 0.268665 0.811213
vt 0.269795 0.805688
vt 0.249850 0.806616
vt 0.249941 0.801214
vt 0.257371 0.802424
vt 0.255566 0.806375
vt 0.316113 0.902833
vt 0.296846 0.888411
vt 0.309963 0.878929
vt 0.326684 0.892090
vt 0.411553 0.966166
vt 0.404815 0.955712
vt 0.412474 0.948757
vt 0.420471 0.961480
vt 0.375676 0.935104
vt 0.382603 0.923409
vt 0.398866 0.935678
vt 0.391864 0.945358
vt 0.288356 0.967934
vt 0.287233 0.946313
vt 0.310004 0.938843
vt 0.311551 0.961112
vt 0.250409 0.708383
vt 0.253871 0.708410
vt 0.250066 0.724439
vt 0.249866 0.727317
vt 0.291651 0.655920
vt 0.287852 0.656706
vt 0.263067 0.709004
vt 0.269609 0.708866
vt 0.324155 0.634697
vt 0.326158 0.636043
vt 0.290115 0.685014
vt 0.289062 0.672127
vt 0.293567 0.673209
vt 0.290716 0.684916
vt 0.258387 0.785264
vt 0.254516 0.786802
vt 0.259032 0.771925
vt 0.265103 0.803670
vt 0.261573 0.807727
vt 0.261212 0.800458
vt 0.321698 0.740795
vt 0.318540 0.738169
vt 0.291478 0.771346
vt 0.287655 0.771376
vt 0.304249 0.773798
vt 0.308950 0.771896
vt 0.343167 0.759105
vt 0.345527 0.762704
vt 0.344569 0.770427
vt 0.340021 0.739407
vt 0.338370 0.741281
vt 0.346451 0.741872
vt 0.344738 0.744137
vt 0.333494 0.748693
vt 0.325793 0.743276
vt 0.364485 0.837870
vt 0.351066 0.832740
vt 0.358744 0.815405
vt 0.377230 0.815595
vt 0.388420 0.821532
vt 0.378655 0.844225
vt 0.445663 0.871369
vt 0.436672 0.888095
vt 0.418034 0.871512
vt 0.427097 0.853399
vt 0.345145 0.696894
vt 0.347115 0.697736
vt 0.347047 0.715472
vt 0.461554 0.828384
vt 0.495174 0.843932
vt 0.041590 0.706525
vt 0.028449 0.702324
vt 0.047839 0.684130
vt 0.342660 0.695883
vt 0.424622 0.906925
vt 0.440292 0.924983
vt 0.270857 0.825420
vt 0.273044 0.837855
vt 0.261652 0.837573
vt 0.260265 0.824039
vt 0.369864 0.954810
vt 0.358931 0.954560
vt 0.361762 0.931830
vt 0.314101 0.992321
vt 0.291194 0.995055
vt 0.489158 0.886836
vt 0.300375 0.700790
vt 0.303185 0.705855
vt 0.247262 0.973033
vt 0.252187 0.972330
vt 0.255233 0.982142
vt 0.247639 0.983792
vt 0.324485 0.709180
vt 0.315791 0.713248
vt 0.255981 0.922604
vt 0.252147 0.924961
vt 0.251724 0.922396
vt 0.386177 0.651112
vt 0.361181 0.646705
vt 0.362530 0.649654
vt 0.385489 0.652678
vt 0.269538 0.789979
vt 0.278342 0.786042
vt 0.278610 0.777409
vt 0.304236 0.729210
vt 0.299966 0.736965
vt 0.290886 0.734127
vt 0.271769 0.801984
vt 0.275356 0.803702
vt 0.113646 0.715248
vt 0.107901 0.717821
vt 0.104083 0.702289
vt 0.109805 0.700150
vt 0.346047 0.778039
vt 0.340122 0.783498
vt 0.331262 0.782339
vt 0.349506 0.745428
vt 0.349960 0.742683
vt 0.127614 0.691494
vt 0.129558 0.692161
vt 0.129056 0.695230
vt 0.127101 0.695059
vt 0.368690 0.752825
vt 0.082601 0.684024
vt 0.084758 0.677249
vt 0.088423 0.681010
vt 0.085932 0.687825
vt 0.085939 0.706913
vt 0.304757 0.766526
vt 0.300908 0.768859
vt 0.407153 0.890446
vt 0.395977 0.905243
vt 0.382689 0.896249
vt 0.393744 0.880191
vt 0.249329 0.837506
vt 0.249579 0.822784
vt 0.353320 0.856740
vt 0.338822 0.849001
vt 0.437004 0.951079
vt 0.427594 0.937401
vt 0.453181 0.938391
vt 0.413482 0.920419
vt 0.389648 0.815193
vt 0.258996 0.793654
vt 0.255529 0.794786
vt 0.279179 0.707738
vt 0.289475 0.704933
vt 0.289745 0.711897
vt 0.258360 0.708878
vt 0.284974 0.732717
vt 0.296135 0.708797
vt 0.267606 0.953740
vt 0.277710 0.937458
vt 0.276858 0.957604
vt 0.267122 0.975215
vt 0.261279 0.965981
vt 0.259217 0.952116
vt 0.331199 0.704759
vt 0.321457 0.698479
vt 0.314488 0.691335
vt 0.318522 0.693933
vt 0.311373 0.692311
vt 0.358821 0.656249
vt 0.380442 0.661669
vt 0.263399 0.791255
vt 0.266228 0.797194
vt 0.280140 0.739120
vt 0.305904 0.727839
vt 0.319286 0.759045
vt 0.319448 0.748176
vt 0.326509 0.754394
vt 0.316877 0.728398
vt 0.322300 0.731169
vt 0.349669 0.759094
vt 0.405257 0.861840
vt 0.415208 0.843032
vt 0.417161 0.804634
vt 0.418338 0.799431
vt 0.023345 0.674006
vt 0.034676 0.666743
vt 0.364214 0.711693
vt 0.366735 0.709921
vt 0.373152 0.716571
vt 0.370374 0.719535
vt 0.124750 0.683345
vt 0.123123 0.681246
vt 0.127773 0.679664
vt 0.128517 0.683493
vt 0.308391 0.812207
vt 0.342403 0.872530
vt 0.327412 0.862722
vt 0.370211 0.915243
vt 0.362738 0.928364
vt 0.248927 0.860634
vt 0.264398 0.859989
vt 0.267391 0.872595
vt 0.248686 0.874190
vt 0.364846 0.982795
vt 0.358596 0.984421
vt 0.276103 0.927252
vt 0.304767 0.694485
vt 0.277852 0.782132
vt 0.341294 0.756603
vt 0.120745 0.681084
vt 0.126217 0.676767
vt 0.368139 0.800463
vt 0.364023 0.787960
vt 0.371538 0.789227
vt 0.374271 0.799515
vt 0.086623 0.704161
vt 0.061102 0.673938
vt 0.062842 0.676263
vt 0.059325 0.683233
vt 0.055969 0.676461
vt 0.080181 0.678714
vt 0.078095 0.681399
vt 0.075707 0.677099
vt 0.066443 0.676704
vt 0.070855 0.676428
vt 0.317407 0.669090
vt 0.316907 0.667107
vt 0.372657 0.677907
vt 0.393081 0.679899
vt 0.395626 0.677249
vt 0.372505 0.676387
vt 0.347823 0.728362
vt 0.368191 0.863951
vt 0.357385 0.880723
vt 0.268920 0.799562
vt 0.310505 0.729553
vt 0.300092 0.832826
vt 0.294297 0.824549
vt 0.343411 0.901148
vt 0.334492 0.913912
vt 0.330699 0.933628
vt 0.331998 0.955960
vt 0.334697 0.989239
vt 0.275233 0.848237
vt 0.262809 0.849609
vt 0.249102 0.850666
vt 0.381653 0.959584
vt 0.296117 0.811549
vt 0.250056 0.794585
vt 0.250189 0.787171
vt 0.295460 0.786604
vt 0.296417 0.784057
vt 0.296832 0.781751
vt 0.297016 0.779664
vt 0.296806 0.777595
vt 0.295859 0.774867
vt 0.294194 0.772636
vt 0.300102 0.816070
vt 0.274959 0.816484
vt 0.267956 0.814968
vt 0.259693 0.811039
vt 0.249752 0.812410
vt 0.250144 0.722730
vt 0.251280 0.932012
vt 0.287564 0.741351
vt 0.250428 0.705115
vt 0.254927 0.705152
vt 0.259095 0.705788
vt 0.262781 0.706193
vt 0.268936 0.705913
vt 0.278525 0.704405
vt 0.294083 0.703402
vt 0.289040 0.702246
vt 0.293240 0.700068
vt 0.299872 0.696890
vt 0.316291 0.743269
vt 0.310651 0.723220
vt 0.114656 0.699426
vt 0.117659 0.695930
vt 0.122161 0.713986
vt 0.118345 0.713873
vt 0.126836 0.698029
vt 0.119798 0.693989
vt 0.121923 0.691748
vt 0.354571 0.756347
vt 0.138736 0.675429
vt 0.131912 0.684346
vt 0.388970 0.725578
vt 0.128276 0.687557
vt 0.130347 0.689266
vt 0.128872 0.697964
vt 0.324935 0.820929
vt 0.070803 0.684677
vt 0.062742 0.684152
vt 0.089130 0.703160
vt 0.350573 0.697483
vt 0.348755 0.698161
vt 0.353255 0.701050
vt 0.354724 0.699956
vt 0.406414 0.803205
vt 0.410918 0.803432
vt 0.065832 0.668638
vt 0.065515 0.665410
vt 0.124820 0.686823
vt 0.379729 0.807580
vt 0.403389 0.832743
vt 0.392848 0.853070
vt 0.381771 0.872609
vt 0.051369 0.679772
vt 0.052377 0.677390
vt 0.054463 0.676224
vt 0.044872 0.672445
vt 0.134530 0.673968
vt 0.360184 0.800232
vt 0.091106 0.683601
vt 0.089906 0.691394
vt 0.370114 0.888538
vt 0.356914 0.907720
vt 0.347833 0.921308
vt 0.344508 0.954695
vt 0.345648 0.931855
vt 0.345667 0.987221
vt 0.348122 0.693950
vt 0.352227 0.695935
vt 0.309641 0.687297
vt 0.317293 0.685288
vt 0.296821 0.692305
vt 0.256779 0.701638
vt 0.267470 0.701761
vt 0.304400 0.689397
vt 0.282421 0.698548
vt 0.140345 0.669524
vt 0.144345 0.670733
vt 0.398985 0.801463
vt 0.410775 0.822926
vt 0.050700 0.672751
vt 0.039536 0.666292
vt 0.040813 0.660446
vt 0.288559 0.672904
vt 0.289186 0.684902
vt 0.284701 0.800505
vt 0.286715 0.791932
vt 0.285269 0.805358
vt 0.285478 0.808395
vt 0.287480 0.812772
vt 0.290302 0.817226
vt 0.279073 0.825679
vt 0.282405 0.837390
vt 0.278476 0.858408
vt 0.283996 0.869413
vt 0.315196 0.832178
vt 0.286095 0.846623
vt 0.304527 0.838855
vt 0.340775 0.812375
vt 0.346474 0.796598
vt 0.351019 0.798192
vt 0.347478 0.813724
vt 0.333068 0.824703
vt 0.339890 0.827685
vt 0.321899 0.836895
vt 0.328323 0.841579
vt 0.310334 0.846438
vt 0.316318 0.852835
vt 0.291216 0.856046
vt 0.297699 0.864747
vt 0.071035 0.712370
vt 0.069596 0.704539
vt 0.078868 0.694395
vt 0.085514 0.715728
vt 0.075140 0.714882
vt 0.276100 0.895769
vt 0.248229 0.899145
vt 0.084982 0.695726
vt 0.089493 0.697504
vt 0.097167 0.700366
vt 0.094041 0.701816
vt 0.358962 0.786368
vt 0.353388 0.784447
vt 0.094323 0.686491
vt 0.354376 0.677262
vt 0.281340 0.804956
vt 0.281120 0.808109
vt 0.281384 0.812965
vt 0.282940 0.817352
vt 0.286735 0.825501
vt 0.290552 0.835583
vt 0.294848 0.843484
vt 0.305870 0.860213
vt 0.300342 0.852371
vt 0.317549 0.872558
vt 0.333204 0.884642
vt 0.348886 0.893234
vt 0.362246 0.899816
vt 0.387866 0.915321
vt 0.375090 0.907448
vt 0.404955 0.928856
vt 0.419206 0.943376
vt 0.428176 0.956919
vt 0.321038 0.633449
vt 0.342848 0.657346
vt 0.339986 0.650699
vt 0.344529 0.651612
vt 0.067909 0.715027
vt 0.067217 0.710026
vt 0.102395 0.718450
vt 0.100510 0.723823
vt 0.089937 0.717870
vt 0.357417 0.701107
vt 0.354166 0.693950
vt 0.245805 0.931323
vt 0.251466 0.950990
vt 0.246485 0.950779
vt 0.391538 0.966696
vt 0.378969 0.978865
vt 0.393859 0.973808
vt 0.356338 0.662242
vt 0.375457 0.671248
vt 0.353351 0.665998
vt 0.349234 0.669801
vt 0.344812 0.673931
vt 0.395579 0.672897
vt 0.393532 0.664580
vt 0.393736 0.655204
vt 0.288519 0.782084
vt 0.013540 0.697508
vt 0.245617 0.925930
vt 0.248107 0.922662
vt 0.250433 0.701910
vt 0.097429 0.688861
vt 0.363131 0.753253
vt 0.348019 0.783492
vt 0.182351 0.785259
vt 0.177974 0.786601
vt 0.175053 0.778169
vt 0.179877 0.776931
vt 0.103112 0.809500
vt 0.095243 0.812244
vt 0.096761 0.805226
vt 0.100930 0.802959
vt 0.119383 0.735572
vt 0.110693 0.734596
vt 0.110357 0.727412
vt 0.120473 0.730562
vt 0.064922 0.730612
vt 0.071612 0.725448
vt 0.077322 0.726301
vt 0.071161 0.731706
vt 0.042730 0.829251
vt 0.048301 0.848561
vt 0.024878 0.869241
vt 0.005272 0.856983
vt 0.140739 0.744910
vt 0.142497 0.741441
vt 0.148001 0.743305
vt 0.147813 0.748041
vt 0.032801 0.744932
vt 0.033614 0.741902
vt 0.037017 0.746446
vt 0.034121 0.748607
vt 0.193365 0.786910
vt 0.198351 0.784576
vt 0.199805 0.789060
vt 0.195707 0.792991
vt 0.201239 0.799175
vt 0.207993 0.803111
vt 0.206640 0.805480
vt 0.199100 0.801704
vt 0.247421 0.720169
vt 0.247031 0.715237
vt 0.284873 0.650613
vt 0.285862 0.646624
vt 0.248774 0.768510
vt 0.249006 0.767054
vt 0.247047 0.773899
vt 0.059246 0.718761
vt 0.285813 0.667705
vt 0.284845 0.663544
vt 0.024188 0.909104
vt 0.014428 0.893088
vt 0.031832 0.882258
vt 0.041090 0.897012
vt 0.223583 0.727199
vt 0.222688 0.714906
vt 0.231640 0.715423
vt 0.234103 0.725761
vt 0.245960 0.729732
vt 0.243739 0.730543
vt 0.241849 0.725872
vt 0.245232 0.723748
vt 0.245235 0.720241
vt 0.240988 0.721459
vt 0.238697 0.715076
vt 0.243820 0.715230
vt 0.249136 0.722623
vt 0.246974 0.725070
vt 0.248652 0.724843
vt 0.248715 0.727889
vt 0.247339 0.729371
vt 0.227957 0.736089
vt 0.237323 0.733441
vt 0.236223 0.745698
vt 0.230537 0.748176
vt 0.206182 0.719751
vt 0.199664 0.716721
vt 0.202985 0.711990
vt 0.209680 0.715864
vt 0.221865 0.929952
vt 0.229124 0.926223
vt 0.231967 0.934554
vt 0.224946 0.937920
vt 0.218437 0.923588
vt 0.218247 0.914101
vt 0.232128 0.921539
vt 0.202321 0.644174
vt 0.200984 0.642512
vt 0.178498 0.648495
vt 0.178190 0.651034
vt 0.250295 0.640788
vt 0.252064 0.639418
vt 0.196384 0.697623
vt 0.193241 0.702125
vt 0.188024 0.698842
vt 0.190474 0.695319
vt 0.239883 0.734237
vt 0.237814 0.744948
vt 0.238652 0.752631
vt 0.237217 0.753454
vt 0.241004 0.760663
vt 0.242220 0.759852
vt 0.246976 0.765841
vt 0.246298 0.766829
vt 0.232600 0.774672
vt 0.237881 0.773968
vt 0.238455 0.783414
vt 0.232366 0.782285
vt 0.224650 0.746640
vt 0.232529 0.758128
vt 0.225969 0.753788
vt 0.234049 0.764306
vt 0.231070 0.766114
vt 0.225219 0.761891
vt 0.226194 0.758515
vt 0.227395 0.768575
vt 0.222076 0.765271
vt 0.228653 0.794486
vt 0.223741 0.798039
vt 0.217460 0.790423
vt 0.220648 0.788039
vt 0.207976 0.762065
vt 0.207847 0.758615
vt 0.218046 0.759536
vt 0.216346 0.762810
vt 0.217961 0.755944
vt 0.206929 0.755792
vt 0.216473 0.746995
vt 0.217790 0.752396
vt 0.206617 0.753031
vt 0.204835 0.748358
vt 0.198699 0.758109
vt 0.201640 0.760632
vt 0.203672 0.763819
vt 0.193924 0.737393
vt 0.187372 0.737573
vt 0.187381 0.733476
vt 0.192106 0.731587
vt 0.192043 0.750323
vt 0.193677 0.743303
vt 0.203606 0.742551
vt 0.196069 0.755646
vt 0.191250 0.762209
vt 0.187034 0.760260
vt 0.171768 0.763381
vt 0.180066 0.765777
vt 0.185941 0.768053
vt 0.184503 0.775841
vt 0.180269 0.732931
vt 0.183507 0.731729
vt 0.183634 0.734268
vt 0.180566 0.734533
vt 0.186444 0.783233
vt 0.219955 0.773535
vt 0.216838 0.771441
vt 0.190630 0.775460
vt 0.196661 0.775499
vt 0.197987 0.780219
vt 0.192021 0.781128
vt 0.195248 0.806198
vt 0.188078 0.799994
vt 0.192309 0.796532
vt 0.188894 0.789990
vt 0.206902 0.788163
vt 0.209813 0.790355
vt 0.209094 0.798920
vt 0.204213 0.794587
vt 0.203076 0.723746
vt 0.197239 0.721940
vt 0.195448 0.710228
vt 0.190652 0.715400
vt 0.187043 0.730434
vt 0.180746 0.805444
vt 0.171987 0.789450
vt 0.180026 0.792834
vt 0.184793 0.802953
vt 0.176920 0.734931
vt 0.171607 0.736312
vt 0.171065 0.734230
vt 0.176701 0.733253
vt 0.147784 0.750570
vt 0.154024 0.751135
vt 0.153305 0.753356
vt 0.144381 0.737759
vt 0.148158 0.739566
vt 0.110455 0.756653
vt 0.108227 0.756356
vt 0.109853 0.749230
vt 0.112068 0.749176
vt 0.184505 0.792161
vt 0.168310 0.766822
vt 0.163984 0.762329
vt 0.166504 0.759220
vt 0.131915 0.744869
vt 0.132278 0.741608
vt 0.140033 0.747088
vt 0.124125 0.743902
vt 0.129706 0.750278
vt 0.126611 0.750592
vt 0.119367 0.743056
vt 0.156111 0.714796
vt 0.157765 0.728442
vt 0.153259 0.728442
vt 0.153315 0.714965
vt 0.077944 0.743212
vt 0.082197 0.746013
vt 0.078721 0.747141
vt 0.075537 0.746829
vt 0.092577 0.727514
vt 0.087247 0.738939
vt 0.081878 0.734543
vt 0.084828 0.726443
vt 0.067466 0.830510
vt 0.058710 0.812588
vt 0.064448 0.802323
vt 0.075714 0.824242
vt 0.060967 0.801872
vt 0.052626 0.810146
vt 0.034038 0.753027
vt 0.029409 0.752326
vt 0.029725 0.748416
vt 0.046907 0.752496
vt 0.050778 0.756313
vt 0.042756 0.755461
vt 0.043440 0.752229
vt 0.041450 0.748083
vt 0.040233 0.749470
vt 0.048472 0.746024
vt 0.045058 0.743142
vt 0.045648 0.740721
vt 0.051986 0.746532
vt 0.083413 0.751586
vt 0.086605 0.747972
vt 0.089424 0.753811
vt 0.085273 0.760048
vt 0.015220 0.730879
vt 0.012894 0.721699
vt 0.023929 0.727808
vt 0.169434 0.720665
vt 0.165132 0.709350
vt 0.169191 0.709583
vt 0.174523 0.717815
vt 0.030864 0.745048
vt 0.026085 0.743274
vt 0.028184 0.742151
vt 0.148744 0.723349
vt 0.144169 0.721387
vt 0.147548 0.713159
vt 0.150347 0.714576
vt 0.245299 0.656343
vt 0.238475 0.660004
vt 0.241859 0.652999
vt 0.246084 0.644913
vt 0.249669 0.646588
vt 0.123938 0.726438
vt 0.138046 0.734134
vt 0.135330 0.738134
vt 0.180760 0.816491
vt 0.186323 0.813363
vt 0.194445 0.819614
vt 0.188984 0.825000
vt 0.173779 0.806040
vt 0.166668 0.807052
vt 0.157901 0.791998
vt 0.164654 0.789472
vt 0.225917 0.806017
vt 0.229944 0.805021
vt 0.230892 0.810580
vt 0.225583 0.811500
vt 0.244145 0.806181
vt 0.242474 0.802170
vt 0.180453 0.900280
vt 0.170312 0.889230
vt 0.187404 0.876714
vt 0.200124 0.886616
vt 0.083465 0.960037
vt 0.074752 0.955084
vt 0.083123 0.942698
vt 0.090508 0.949865
vt 0.120155 0.930340
vt 0.103725 0.939999
vt 0.097084 0.930143
vt 0.113658 0.918484
vt 0.205879 0.965841
vt 0.183045 0.958299
vt 0.185314 0.936212
vt 0.207705 0.944385
vt 0.246968 0.708367
vt 0.283973 0.656284
vt 0.231525 0.708671
vt 0.237908 0.708856
vt 0.249654 0.638018
vt 0.247786 0.639544
vt 0.288269 0.685111
vt 0.287656 0.685075
vt 0.283579 0.673717
vt 0.287983 0.672194
vt 0.242050 0.784949
vt 0.241919 0.771436
vt 0.245873 0.786636
vt 0.234701 0.803157
vt 0.238698 0.800074
vt 0.238095 0.807331
vt 0.183301 0.736617
vt 0.180133 0.739112
vt 0.213087 0.770186
vt 0.209275 0.770063
vt 0.191889 0.770159
vt 0.196504 0.772175
vt 0.158449 0.756484
vt 0.156684 0.767608
vt 0.156002 0.759954
vt 0.163742 0.739098
vt 0.162178 0.737205
vt 0.155781 0.739420
vt 0.157390 0.741703
vt 0.176041 0.741436
vt 0.168307 0.746538
vt 0.134524 0.834013
vt 0.122577 0.811444
vt 0.140968 0.811849
vt 0.148047 0.829349
vt 0.111253 0.816979
vt 0.120218 0.839870
vt 0.052679 0.864650
vt 0.071737 0.847393
vt 0.080149 0.865705
vt 0.061067 0.881580
vt 0.158529 0.693295
vt 0.160919 0.711664
vt 0.156818 0.694555
vt 0.034008 0.734108
vt 0.034302 0.728489
vt 0.160698 0.691753
vt 0.072427 0.900703
vt 0.056249 0.918141
vt 0.228232 0.824698
vt 0.238858 0.823676
vt 0.237014 0.837149
vt 0.225630 0.837042
vt 0.134094 0.927543
vt 0.136161 0.950230
vt 0.125284 0.950120
vt 0.202169 0.992708
vt 0.179487 0.989239
vt 0.008916 0.878595
vt 0.201670 0.700530
vt 0.198882 0.705419
vt 0.239947 0.982676
vt 0.242301 0.972676
vt 0.186553 0.712446
vt 0.178163 0.708395
vt 0.235046 0.923336
vt 0.239278 0.922830
vt 0.239035 0.925419
vt 0.176829 0.644874
vt 0.177527 0.646371
vt 0.200344 0.641311
vt 0.201532 0.638574
vt 0.222009 0.785099
vt 0.230709 0.789308
vt 0.221983 0.776445
vt 0.210540 0.733178
vt 0.201562 0.735834
vt 0.197510 0.728158
vt 0.228091 0.801253
vt 0.224450 0.802855
vt 0.105679 0.738498
vt 0.094112 0.748854
vt 0.090500 0.744041
vt 0.102135 0.733046
vt 0.154964 0.775085
vt 0.169446 0.779837
vt 0.160630 0.780680
vt 0.152661 0.742814
vt 0.152306 0.740101
vt 0.103260 0.766036
vt 0.104932 0.762839
vt 0.106616 0.763840
vt 0.105226 0.766624
vt 0.133540 0.749431
vt 0.062269 0.748378
vt 0.067220 0.746981
vt 0.065666 0.754040
vt 0.060318 0.755189
vt 0.077425 0.730789
vt 0.199954 0.767355
vt 0.196192 0.764941
vt 0.090342 0.884894
vt 0.104018 0.875141
vt 0.114477 0.891477
vt 0.100965 0.899978
vt 0.159695 0.845938
vt 0.145009 0.853158
vt 0.058656 0.944198
vt 0.042988 0.931047
vt 0.068463 0.930907
vt 0.083057 0.914489
vt 0.110242 0.810636
vt 0.244575 0.794593
vt 0.241146 0.793340
vt 0.211891 0.711450
vt 0.212222 0.704673
vt 0.222216 0.707499
vt 0.242525 0.708778
vt 0.216367 0.731859
vt 0.205703 0.708363
vt 0.225622 0.955207
vt 0.216662 0.959707
vt 0.214407 0.939670
vt 0.227603 0.976596
vt 0.232787 0.966976
vt 0.233877 0.953002
vt 0.171696 0.704026
vt 0.181227 0.698043
vt 0.188072 0.691190
vt 0.191085 0.692172
vt 0.184127 0.693666
vt 0.183345 0.655030
vt 0.204225 0.646978
vt 0.233790 0.796641
vt 0.236819 0.790787
vt 0.221088 0.738204
vt 0.195904 0.726783
vt 0.182011 0.757154
vt 0.182147 0.746430
vt 0.175016 0.752360
vt 0.185171 0.727095
vt 0.179799 0.729664
vt 0.152042 0.756258
vt 0.083903 0.837476
vt 0.093176 0.856509
vt 0.070693 0.798692
vt 0.066094 0.798563
vt 0.012834 0.734902
vt 0.007966 0.722218
vt 0.143485 0.711921
vt 0.139323 0.720895
vt 0.135965 0.718665
vt 0.140647 0.710784
vt 0.096203 0.771073
vt 0.099385 0.773103
vt 0.096600 0.775839
vt 0.093666 0.771897
vt 0.191215 0.810290
vt 0.170591 0.859980
vt 0.155340 0.869235
vt 0.126250 0.910778
vt 0.133240 0.924071
vt 0.230060 0.871920
vt 0.233497 0.859442
vt 0.129354 0.978105
vt 0.135514 0.979926
vt 0.003367 0.843934
vt 0.038297 0.821378
vt 0.215297 0.929377
vt 0.197473 0.694357
vt 0.222612 0.781199
vt 0.160376 0.754081
vt 0.093674 0.777348
vt 0.091615 0.770688
vt 0.132096 0.796697
vt 0.126037 0.795557
vt 0.129084 0.785435
vt 0.136582 0.784421
vt 0.065807 0.796442
vt 0.076541 0.733529
vt 0.038694 0.744485
vt 0.035946 0.739455
vt 0.042516 0.735828
vt 0.041453 0.743582
vt 0.057243 0.751432
vt 0.052585 0.750256
vt 0.057007 0.748054
vt 0.044685 0.745295
vt 0.048170 0.748045
vt 0.259479 0.671667
vt 0.259802 0.669650
vt 0.192868 0.669941
vt 0.192795 0.668082
vt 0.170307 0.672877
vt 0.172951 0.674427
vt 0.163104 0.724285
vt 0.140160 0.876882
vt 0.129973 0.859837
vt 0.231018 0.798922
vt 0.191371 0.728368
vt 0.198814 0.831115
vt 0.204866 0.823053
vt 0.161801 0.910660
vt 0.153368 0.897667
vt 0.162888 0.952506
vt 0.164912 0.930350
vt 0.159113 0.985501
vt 0.235446 0.849131
vt 0.223090 0.847330
vt 0.113408 0.954478
vt 0.203474 0.810027
vt 0.204895 0.785168
vt 0.204014 0.782601
vt 0.203665 0.780292
vt 0.203540 0.778208
vt 0.203804 0.776153
vt 0.206537 0.771281
vt 0.204821 0.773460
vt 0.199354 0.814407
vt 0.231477 0.814355
vt 0.224432 0.815638
vt 0.239865 0.810704
vt 0.240392 0.932393
vt 0.213725 0.740337
vt 0.245951 0.705126
vt 0.241829 0.705729
vt 0.238208 0.706106
vt 0.222879 0.704259
vt 0.232200 0.705796
vt 0.207757 0.703137
vt 0.212671 0.702064
vt 0.208611 0.699905
vt 0.202201 0.696746
vt 0.185381 0.741683
vt 0.191361 0.722184
vt 0.097489 0.752086
vt 0.097825 0.756630
vt 0.111941 0.744510
vt 0.108757 0.742383
vt 0.098797 0.762509
vt 0.098401 0.759441
vt 0.106473 0.760263
vt 0.147310 0.753385
vt 0.102658 0.774341
vt 0.103231 0.785546
vt 0.114543 0.721927
vt 0.104189 0.769428
vt 0.101516 0.769629
vt 0.108080 0.761504
vt 0.174449 0.818444
vt 0.052715 0.741299
vt 0.045830 0.737062
vt 0.078094 0.735747
vt 0.153423 0.695098
vt 0.155332 0.695339
vt 0.149977 0.698430
vt 0.151644 0.699151
vt 0.089477 0.798239
vt 0.093964 0.798161
vt 0.039543 0.751542
vt 0.037390 0.753963
vt 0.098267 0.768226
vt 0.120352 0.803393
vt 0.105808 0.848197
vt 0.095997 0.827635
vt 0.116176 0.867998
vt 0.034597 0.738789
vt 0.033492 0.736666
vt 0.024469 0.736239
vt 0.098935 0.784379
vt 0.140004 0.796713
vt 0.072568 0.746050
vt 0.069470 0.753288
vt 0.127240 0.884228
vt 0.148290 0.917559
vt 0.139721 0.903746
vt 0.150494 0.950839
vt 0.150111 0.928097
vt 0.148275 0.983134
vt 0.154984 0.691129
vt 0.151473 0.693980
vt 0.185418 0.685288
vt 0.192822 0.687324
vt 0.205213 0.692327
vt 0.244130 0.701644
vt 0.233651 0.701755
vt 0.197886 0.689420
vt 0.219137 0.698533
vt 0.105249 0.792569
vt 0.101258 0.791328
vt 0.101409 0.796674
vt 0.088976 0.817629
vt 0.029419 0.739425
vt 0.016488 0.738038
vt 0.014088 0.743557
vt 0.215215 0.799365
vt 0.213465 0.790740
vt 0.214496 0.804194
vt 0.214191 0.807219
vt 0.212051 0.811524
vt 0.209091 0.815877
vt 0.220021 0.824683
vt 0.216302 0.836260
vt 0.213609 0.868151
vt 0.219502 0.857368
vt 0.183781 0.829970
vt 0.212308 0.845346
vt 0.194191 0.836977
vt 0.158971 0.809404
vt 0.152241 0.810535
vt 0.149158 0.794951
vt 0.153750 0.793483
vt 0.166229 0.821934
vt 0.159339 0.824680
vt 0.176949 0.834446
vt 0.170395 0.838897
vt 0.188150 0.844340
vt 0.181973 0.850511
vt 0.206877 0.854569
vt 0.200113 0.863017
vt 0.067893 0.718277
vt 0.062796 0.724280
vt 0.064800 0.737744
vt 0.074264 0.718414
vt 0.078384 0.723196
vt 0.220526 0.894722
vt 0.070676 0.739829
vt 0.075483 0.740678
vt 0.081796 0.739294
vt 0.083627 0.742118
vt 0.141651 0.783005
vt 0.147232 0.781280
vt 0.073827 0.752532
vt 0.210879 0.667347
vt 0.218432 0.803916
vt 0.218551 0.807073
vt 0.218130 0.811914
vt 0.216435 0.816244
vt 0.212379 0.824252
vt 0.208236 0.834183
vt 0.203686 0.841918
vt 0.192129 0.858217
vt 0.197907 0.850592
vt 0.180074 0.870109
vt 0.164081 0.881598
vt 0.148193 0.889612
vt 0.134686 0.895707
vt 0.108695 0.910269
vt 0.121660 0.902865
vt 0.091256 0.923159
vt 0.076607 0.937126
vt 0.067241 0.950296
vt 0.252643 0.636488
vt 0.233096 0.662235
vt 0.235357 0.655361
vt 0.230913 0.656673
vt 0.063960 0.718935
vt 0.098807 0.723822
vt 0.097674 0.729444
vt 0.086565 0.724727
vt 0.149149 0.692504
vt 0.147638 0.700154
vt 0.241530 0.951338
vt 0.103347 0.961223
vt 0.115443 0.973734
vt 0.100805 0.968217
vt 0.207389 0.652649
vt 0.215295 0.659544
vt 0.210815 0.656106
vt 0.189358 0.663653
vt 0.220054 0.663336
vt 0.169783 0.668688
vt 0.170733 0.659830
vt 0.169452 0.650584
vt 0.211947 0.780854
vt 0.242904 0.922844
vt 0.077780 0.752130
vt 0.138993 0.750046
vt 0.152460 0.781011
vt 0.152326 0.780280
vt 0.159207 0.779027
vt 0.348334 0.782787
vt 0.341834 0.782045
vt 0.047251 0.657017
vt 0.051159 0.659217
vt 0.004434 0.694591
vt 0.065412 0.695797
vt 0.054478 0.729139
vt 0.083228 0.799228
vt 0.031770 0.737409
vt 0.051433 0.675777
s 1
usemtl 
f 145/1/1 87/2/2 86/3/3 144/4/4
f 40/5/5 141/6/6 92/7/7 102/8/8
f 106/9/9 107/10/10 48/11/11 44/12/12
f 156/13/13 144/4/4 86/3/3 84/14/14
f 18/15/15 24/16/16 117/17/17 21/18/18
f 110/19/19 24/16/16 18/15/15 27/20/20
f 10/21/21 13/22/22 114/23/23 116/24/24
f 8/25/25 5/26/26 2/27/27 113/28/28
f 73/29/29 72/30/30 76/31/31 79/32/32
f 99/33/33 26/34/34 93/35/35 96/36/36
f 9/37/37 109/38/38 130/39/39 99/33/33
f 73/29/29 90/40/40 68/41/41 72/30/30
f 90/40/40 184/42/42 156/43/13 84/44/14
f 82/45/43 185/46/44 186/47/45 81/48/46
f 122/49/47 53/50/48 52/51/49 47/52/50
f 52/51/49 39/53/51 38/54/52 47/52/50
f 36/55/53 33/56/54 119/57/55 37/58/56
f 74/59/57 136/60/58 80/61/59 135/62/60
f 139/63/61 85/64/62 87/2/2 133/65/63
f 21/18/18 117/17/17 17/66/64 15/67/65
f 115/68/66 7/69/67 6/70/68 5/26/26
f 5/26/26 6/70/68 3/71/69 2/27/27
f 115/72/66 16/73/70 12/74/71 7/75/67
f 10/21/21 12/74/71 16/73/70 13/22/22
f 126/76/72 39/53/51 52/51/49 125/77/73
f 128/78/74 33/56/54 36/55/53 127/79/75
f 5/26/26 8/25/25 15/80/65 115/68/66
f 94/81/76 56/82/77 65/83/78 70/84/79
f 48/11/11 55/85/80 56/82/77 51/86/81
f 129/87/82 128/78/74 45/88/83 42/89/84
f 58/90/85 28/91/86 29/92/87 60/93/88
f 58/90/85 91/94/89 30/95/90 28/91/86
f 22/96/91 23/97/92 29/92/87 28/91/86
f 19/98/93 111/99/94 112/100/95 20/101/96
f 141/6/6 30/95/90 91/94/89 92/7/7
f 43/102/97 103/103/98 41/104/99 44/12/12
f 71/105/100 74/59/57 135/62/60 63/106/101
f 131/107/102 132/108/103 27/109/20 18/110/15
f 36/55/53 37/58/56 38/54/52 39/53/51
f 140/111/104 82/45/43 81/48/46 77/112/105
f 129/87/82 42/89/84 103/103/98 98/113/106
f 130/39/39 108/114/107 26/34/34 99/33/33
f 25/115/108 22/96/91 28/91/86 30/95/90
f 68/41/41 66/116/109 67/117/110 72/30/30
f 78/118/111 84/14/14 86/3/3 83/119/112
f 100/120/113 101/121/114 11/122/115 25/115/108
f 80/61/59 136/60/58 137/123/116 134/124/117
f 105/125/118 106/9/9 44/12/12 41/104/99
f 20/101/96 13/22/22 16/73/70 17/66/64
f 50/126/119 53/50/48 54/127/120 123/128/121
f 120/129/122 45/88/83 123/128/121 54/127/120
f 42/89/84 45/88/83 120/129/122 49/130/123
f 1/131/124 14/132/125 8/25/25 113/28/28
f 186/47/45 269/133/126 79/32/32 81/48/46
f 69/134/127 67/117/110 61/135/128 64/136/129
f 57/137/130 61/135/128 67/117/110 66/116/109
f 66/116/109 68/41/41 78/138/111 71/139/100
f 59/140/131 135/62/60 80/61/59 62/141/132
f 110/19/19 108/114/107 130/39/39 24/16/16
f 22/96/91 25/115/108 11/122/115 96/36/36
f 76/31/31 77/112/105 81/48/46 79/32/32
f 64/136/129 89/142/133 88/143/134 69/134/127
f 77/112/105 76/31/31 69/134/127 88/143/134
f 76/31/31 72/30/30 67/117/110 69/134/127
f 269/133/126 278/144/135 73/29/29 79/32/32
f 184/42/42 90/40/40 73/29/29 278/144/135
f 58/90/85 64/136/129 61/135/128 91/94/89
f 92/7/7 91/94/89 61/135/128 57/137/130
f 78/118/111 83/119/112 74/59/57 71/105/100
f 71/139/100 63/145/101 57/137/130 66/116/109
f 89/142/133 64/136/129 58/90/85 60/93/88
f 60/93/88 29/92/87 94/81/76 70/84/79
f 94/81/76 29/92/87 23/97/92 95/146/136
f 95/146/136 23/97/92 93/35/35 97/147/137
f 23/97/92 22/96/91 96/36/36 93/35/35
f 100/120/113 25/115/108 30/95/90 141/6/6
f 98/113/106 97/147/137 93/35/35 26/34/34
f 96/36/36 11/122/115 9/37/37 99/33/33
f 102/8/8 92/7/7 57/137/130 63/145/101
f 43/102/97 51/86/81 95/146/136 97/147/137
f 43/102/97 97/147/137 98/113/106 103/103/98
f 48/11/11 51/86/81 43/102/97 44/12/12
f 35/148/138 34/149/139 101/121/114 100/120/113
f 51/86/81 56/82/77 94/81/76 95/146/136
f 56/82/77 55/85/80 62/141/132 65/83/78
f 132/108/103 131/107/102 104/150/140 32/151/141
f 106/9/9 105/125/118 32/152/141 34/153/139
f 107/10/10 106/9/9 34/153/139 35/154/138
f 107/10/10 46/155/142 55/85/80 48/11/11
f 32/151/141 104/150/140 101/121/114 34/149/139
f 129/87/82 98/113/106 26/34/34 108/114/107
f 101/121/114 104/150/140 9/37/37 11/122/115
f 49/130/123 41/104/99 103/103/98 42/89/84
f 4/156/143 1/131/124 111/99/94 109/38/38
f 31/157/144 110/19/19 27/20/20 118/158/145
f 21/159/18 14/132/125 131/107/102 18/110/15
f 1/131/124 4/156/143 131/107/102 14/132/125
f 15/80/65 8/25/25 14/132/125 21/159/18
f 114/23/23 13/22/22 20/101/96 112/100/95
f 1/131/124 113/28/28 112/100/95 111/99/94
f 115/72/66 15/67/65 17/66/64 16/73/70
f 2/27/27 3/160/69 116/24/24 114/23/23
f 20/101/96 17/66/64 117/17/17 19/98/93
f 118/158/145 119/57/55 33/56/54 31/157/144
f 119/161/55 118/162/145 142/163/146 124/164/147
f 121/165/148 37/166/56 119/161/55 124/164/147
f 54/127/120 121/165/148 124/164/147 120/129/122
f 53/50/48 122/49/47 121/165/148 54/127/120
f 50/126/119 125/77/73 52/51/49 53/50/48
f 126/76/72 127/79/75 36/55/53 39/53/51
f 128/78/74 127/79/75 123/128/121 45/88/83
f 129/87/82 108/114/107 110/19/19 31/157/144
f 128/78/74 129/87/82 31/157/144 33/56/54
f 117/17/17 24/16/16 130/39/39 19/98/93
f 111/99/94 19/98/93 130/39/39 109/38/38
f 88/143/134 89/142/133 75/167/149 138/168/150
f 82/45/43 133/65/63 293/169/151 185/46/44
f 137/123/116 138/168/150 75/167/149 134/124/117
f 59/140/131 102/170/8 63/106/101 135/62/60
f 134/124/117 75/167/149 70/84/79 65/83/78
f 80/61/59 134/124/117 65/83/78 62/141/132
f 136/60/58 74/59/57 83/119/112 85/64/62
f 137/123/116 136/60/58 85/64/62 139/63/61
f 140/111/104 138/168/150 137/123/116 139/63/61
f 77/112/105 88/143/134 138/168/150 140/111/104
f 82/45/43 140/111/104 139/63/61 133/65/63
f 90/40/40 84/44/14 78/138/111 68/41/41
f 85/64/62 83/119/112 86/3/3 87/2/2
f 133/65/63 87/2/2 145/1/1 293/169/151
f 118/162/145 27/171/20 132/172/103 142/163/146
f 60/93/88 70/84/79 75/167/149 89/142/133
f 105/125/118 142/163/146 132/172/103 32/152/141
f 9/37/37 104/150/140 4/156/143 109/38/38
f 141/6/6 40/5/5 35/148/138 100/120/113
f 55/85/80 46/155/142 59/140/131 62/141/132
f 46/155/142 40/173/5 102/170/8 59/140/131
f 35/154/138 40/173/5 46/155/142 107/10/10
f 112/100/95 113/28/28 2/27/27 114/23/23
f 4/156/143 104/150/140 131/107/102
f 49/130/123 142/163/146 105/125/118 41/104/99
f 124/164/147 142/163/146 49/130/123 120/129/122
f 3/71/69 6/70/68 7/69/67
f 3/160/69 7/75/67 12/74/71 116/24/24
f 12/74/71 10/21/21 116/24/24
f 145/1/1 144/4/4 143/174/152 146/175/153
f 149/176/154 148/177/155 147/178/156 150/179/157
f 154/180/158 153/181/159 152/182/160 151/183/161
f 156/13/13 155/184/162 143/174/152 144/4/4
f 159/185/163 158/186/164 157/187/165 160/188/166
f 162/189/167 161/190/168 159/185/163 160/188/166
f 165/191/169 164/192/170 163/193/171 166/194/172
f 170/195/173 169/196/174 168/197/175 167/198/176
f 173/199/177 172/200/178 171/201/179 174/202/180
f 178/203/181 177/204/182 176/205/183 175/206/184
f 181/207/185 178/203/181 180/208/186 179/209/187
f 173/199/177 174/202/180 183/210/188 182/211/189
f 182/211/189 155/212/162 156/43/13 184/42/42
f 188/213/190 187/214/191 186/47/45 185/46/44
f 191/215/192 190/216/193 189/217/194 192/218/195
f 189/217/194 190/216/193 193/219/196 194/220/197
f 198/221/198 197/222/199 196/223/200 195/224/201
f 202/225/202 201/226/203 200/227/204 199/228/205
f 205/229/206 204/230/207 146/175/153 203/231/208
f 158/186/164 207/232/209 206/233/210 157/187/165
f 210/234/211 167/198/176 209/235/212 208/236/213
f 167/198/176 168/197/175 211/237/214 209/235/212
f 210/238/211 208/239/213 212/240/215 213/241/216
f 165/191/169 166/194/172 213/241/216 212/240/215
f 215/242/217 214/243/218 189/217/194 194/220/197
f 217/244/219 216/245/220 198/221/198 195/224/201
f 167/198/176 210/234/211 207/246/209 170/195/173
f 221/247/221 220/248/222 219/249/223 218/250/224
f 152/182/160 222/251/225 218/250/224 223/252/226
f 226/253/227 225/254/228 224/255/229 217/244/219
f 229/256/230 228/257/231 227/258/232 230/259/233
f 229/256/230 230/259/233 231/260/234 232/261/235
f 234/262/236 230/259/233 227/258/232 233/263/237
f 237/264/238 236/265/239 235/266/240 238/267/241
f 150/179/157 147/178/156 232/261/235 231/260/234
f 240/268/242 153/181/159 239/269/243 241/270/244
f 244/271/245 243/272/246 201/226/203 202/225/202
f 245/273/247 159/274/163 161/275/168 246/276/248
f 198/221/198 194/220/197 193/219/196 197/222/199
f 248/277/249 247/278/250 187/214/191 188/213/190
f 226/253/227 249/279/251 241/270/244 225/254/228
f 180/208/186 178/203/181 175/206/184 250/280/252
f 251/281/253 231/260/234 230/259/233 234/262/236
f 183/210/188 174/202/180 253/282/254 252/283/255
f 255/284/256 254/285/257 143/174/152 155/184/162
f 257/286/258 251/281/253 256/287/259 258/288/260
f 200/227/204 260/289/261 259/290/262 199/228/205
f 261/291/263 239/269/243 153/181/159 154/180/158
f 236/265/239 206/233/210 213/241/216 166/194/172
f 262/292/264 264/293/265 263/294/266 192/218/195
f 265/295/267 263/294/266 264/293/265 224/255/229
f 225/254/228 266/296/268 265/295/267 224/255/229
f 170/195/173 268/297/269 267/298/270 169/196/174
f 186/47/45 187/214/191 172/200/178 269/133/126
f 272/299/271 271/300/272 270/301/273 253/282/254
f 273/302/274 252/283/255 253/282/254 270/301/273
f 252/283/255 244/303/245 255/304/256 183/210/188
f 275/305/275 274/306/276 200/227/204 201/226/203
f 162/189/167 160/188/166 180/208/186 250/280/252
f 234/262/236 177/204/182 256/287/259 251/281/253
f 171/201/179 172/200/178 187/214/191 247/278/250
f 271/300/272 272/299/271 276/307/277 277/308/278
f 247/278/250 276/307/277 272/299/271 171/201/179
f 171/201/179 272/299/271 253/282/254 174/202/180
f 269/133/126 172/200/178 173/199/177 278/144/135
f 184/42/42 278/144/135 173/199/177 182/211/189
f 229/256/230 232/261/235 270/301/273 271/300/272
f 147/178/156 273/302/274 270/301/273 232/261/235
f 255/284/256 244/271/245 202/225/202 254/285/257
f 244/303/245 252/283/255 273/302/274 243/309/246
f 277/308/278 228/257/231 229/256/230 271/300/272
f 228/257/231 220/248/222 221/247/221 227/258/232
f 221/247/221 279/310/279 233/263/237 227/258/232
f 279/310/279 280/311/280 176/205/183 233/263/237
f 233/263/237 176/205/183 177/204/182 234/262/236
f 257/286/258 150/179/157 231/260/234 251/281/253
f 249/279/251 175/206/184 176/205/183 280/311/280
f 177/204/182 178/203/181 181/207/185 256/287/259
f 148/177/155 243/309/246 273/302/274 147/178/156
f 240/268/242 280/311/280 279/310/279 222/251/225
f 240/268/242 241/270/244 249/279/251 280/311/280
f 152/182/160 153/181/159 240/268/242 222/251/225
f 281/312/281 257/286/258 258/288/260 282/313/282
f 222/251/225 279/310/279 221/247/221 218/250/224
f 218/250/224 219/249/223 274/306/276 223/252/226
f 246/276/248 284/314/283 283/315/284 245/273/247
f 154/180/158 282/316/282 284/317/283 261/291/263
f 151/183/161 281/318/281 282/316/282 154/180/158
f 151/183/161 152/182/160 223/252/226 285/319/285
f 284/314/283 282/313/282 258/288/260 283/315/284
f 226/253/227 250/280/252 175/206/184 249/279/251
f 258/288/260 256/287/259 181/207/185 283/315/284
f 266/296/268 225/254/228 241/270/244 239/269/243
f 238/267/241 267/298/270 286/320/286 179/209/187
f 288/321/287 287/322/288 161/190/168 162/189/167
f 158/323/164 159/274/163 245/273/247 268/297/269
f 245/273/247 286/320/286 267/298/270 268/297/269
f 207/246/209 158/323/164 268/297/269 170/195/173
f 163/193/171 235/266/240 236/265/239 166/194/172
f 267/298/270 238/267/241 235/266/240 169/196/174
f 210/238/211 213/241/216 206/233/210 207/232/209
f 168/197/175 163/193/171 164/192/170 211/324/214
f 236/265/239 237/264/238 157/187/165 206/233/210
f 287/322/288 288/321/287 195/224/201 196/223/200
f 196/325/200 290/326/289 289/327/290 287/328/288
f 242/329/291 290/326/289 196/325/200 197/330/199
f 263/294/266 265/295/267 290/326/289 242/329/291
f 192/218/195 263/294/266 242/329/291 191/215/192
f 262/292/264 192/218/195 189/217/194 214/243/218
f 215/242/217 194/220/197 198/221/198 216/245/220
f 217/244/219 224/255/229 264/293/265 216/245/220
f 226/253/227 288/321/287 162/189/167 250/280/252
f 217/244/219 195/224/201 288/321/287 226/253/227
f 157/187/165 237/264/238 180/208/186 160/188/166
f 238/267/241 179/209/187 180/208/186 237/264/238
f 276/307/277 292/331/292 291/332/293 277/308/278
f 188/213/190 185/46/44 293/169/151 204/230/207
f 259/290/262 260/289/261 291/332/293 292/331/292
f 275/305/275 201/226/203 243/272/246 148/333/155
f 260/289/261 219/249/223 220/248/222 291/332/293
f 200/227/204 274/306/276 219/249/223 260/289/261
f 199/228/205 203/231/208 254/285/257 202/225/202
f 259/290/262 205/229/206 203/231/208 199/228/205
f 248/277/249 205/229/206 259/290/262 292/331/292
f 247/278/250 248/277/249 292/331/292 276/307/277
f 188/213/190 204/230/207 205/229/206 248/277/249
f 182/211/189 183/210/188 255/304/256 155/212/162
f 203/231/208 146/175/153 143/174/152 254/285/257
f 204/230/207 293/169/151 145/1/1 146/175/153
f 287/328/288 289/327/290 246/334/248 161/335/168
f 228/257/231 277/308/278 291/332/293 220/248/222
f 261/291/263 284/317/283 246/334/248 289/327/290
f 181/207/185 179/209/187 286/320/286 283/315/284
f 150/179/157 257/286/258 281/312/281 149/176/154
f 223/252/226 274/306/276 275/305/275 285/319/285
f 285/319/285 275/305/275 148/333/155 149/336/154
f 281/318/281 151/183/161 285/319/285 149/336/154
f 235/266/240 163/193/171 168/197/175 169/196/174
f 286/320/286 245/273/247 283/315/284
f 266/296/268 239/269/243 261/291/263 289/327/290
f 290/326/289 265/295/267 266/296/268 289/327/290
f 211/237/214 208/236/213 209/235/212
f 211/324/214 164/192/170 212/240/215 208/239/213
f 212/240/215 164/192/170 165/191/169
f 262/292/264 214/243/218 215/242/217
f 216/245/220 264/293/265 262/292/264 215/242/217
f 193/337/196 190/338/193 191/215/192
f 197/330/199 193/337/196 191/215/192
f 197/330/199 191/215/192 242/329/291
f 126/76/72 125/77/73 50/126/119
f 50/126/119 123/128/121 127/79/75 126/76/72
f 122/49/47 47/339/50 38/340/52
f 122/49/47 38/340/52 37/166/56
f 121/165/148 122/49/47 37/166/56
f 323/341/294 312/342/295 316/343/296 322/344/297
f 317/345/298 307/346/299 295/347/300 312/348/295
f 311/349/301 308/350/302 296/351/303 302/352/304
f 321/353/305 313/354/306 318/355/307 320/356/308
f 310/357/309 306/358/310 294/359/311 303/360/312
f 302/352/304 296/351/303 313/354/306 316/343/296
f 303/360/312 297/361/313 309/362/314 310/357/309
f 311/349/301 302/352/304 295/347/300 307/346/299
f 324/363/315 325/364/316 314/365/317 317/345/298
f 308/350/302 311/349/301 305/366/318 300/367/319
f 318/355/307 308/350/302 300/367/319 315/368/320
f 306/358/310 310/357/309 304/369/321 298/370/322
f 309/362/314 301/371/323 304/369/321 310/357/309
f 305/366/318 311/349/301 307/346/299 299/372/324
f 312/342/295 295/347/300 302/352/304 316/343/296
f 317/345/298 312/348/295 323/373/294 324/363/315
f 313/354/306 296/351/303 308/350/302 318/355/307
f 313/354/306 321/353/305 322/344/297 316/343/296
f 317/345/298 314/365/317 299/372/324 307/346/299
f 315/368/320 319/374/325 320/356/308 318/355/307
f 319/374/325 301/371/323 309/362/314 320/356/308
f 320/356/308 309/362/314 297/361/313 321/353/305
f 321/353/305 297/361/313 303/360/312 322/344/297
f 322/344/297 303/360/312 294/359/311 323/341/294
f 306/358/310 324/375/315 323/376/294 294/359/311
f 298/370/322 325/377/316 324/375/315 306/358/310
f 326/378/326 344/379/327 348/380/328 335/381/329
f 349/382/330 339/383/331 327/384/332 344/385/327
f 343/386/333 340/387/334 328/388/335 334/389/336
f 329/390/337 345/391/338 350/392/339 341/393/340
f 342/394/341 338/395/342 326/378/326 335/381/329
f 334/389/336 328/388/335 345/391/338 348/380/328
f 335/381/329 329/390/337 341/393/340 342/394/341
f 343/386/333 334/389/336 327/384/332 339/383/331
f 338/395/342 330/396/343 346/397/344 349/398/330
f 340/387/334 343/386/333 337/399/345 332/400/346
f 350/392/339 340/387/334 332/400/346 347/401/347
f 338/395/342 342/394/341 336/402/348 330/396/343
f 341/393/340 333/403/349 336/402/348 342/394/341
f 337/399/345 343/386/333 339/383/331 331/404/350
f 344/379/327 327/384/332 334/389/336 348/380/328
f 344/405/327 326/378/326 338/395/342 349/398/330
f 345/391/338 328/388/335 340/387/334 350/392/339
f 345/391/338 329/390/337 335/381/329 348/380/328
f 349/382/330 346/406/344 331/404/350 339/383/331
f 350/392/339 347/401/347 333/403/349 341/393/340
f 353/407/351 354/408/352 351/409/353 352/410/354
f 357/411/355 358/412/356 355/413/357 356/414/358
f 361/415/359 362/416/360 359/417/361 360/418/362
f 365/419/363 366/420/364 363/421/365 364/422/366
f 367/423/367 368/424/368 353/425/351 352/410/354
f 371/426/369 372/427/370 369/428/371 370/429/372
f 352/410/354 365/419/363 364/422/366 367/423/367
f 362/416/360 374/430/373 373/431/374 359/417/361
f 368/424/368 377/432/375 375/433/376 376/434/377
f 380/435/378 381/436/379 378/437/380 379/438/381
f 383/439/382 380/435/378 379/438/381 382/440/383
f 368/424/368 367/423/367 384/441/384 377/432/375
f 364/422/366 385/442/385 384/441/384 367/423/367
f 378/437/380 381/436/379 386/443/386 387/444/387
f 356/445/358 355/446/357 370/429/372 369/428/371
f 354/447/352 353/425/351 368/424/368 376/434/377
f 371/426/369 361/415/359 360/418/362 388/448/388
f 366/420/364 365/419/363 352/410/354 351/409/353
f 357/411/355 389/449/389 387/444/387 386/443/386
f 363/421/365 390/450/390 385/442/385 364/422/366
f 369/428/371 351/409/353 354/408/352 356/445/358
f 376/451/377 357/411/355 356/414/358 354/452/352
f 383/439/382 363/421/365 366/420/364 372/427/370
f 351/409/353 369/428/371 372/427/370 366/420/364
f 357/411/355 376/451/377 375/453/376 389/449/389
f 363/421/365 383/439/382 382/440/383 390/450/390
f 355/446/357 374/454/373 362/416/360 370/429/372
f 370/429/372 362/416/360 361/415/359 371/426/369
f 373/431/374 386/443/386 381/436/379 359/417/361
f 359/417/361 381/436/379 380/435/378 360/418/362
f 380/435/378 383/439/382 388/448/388 360/418/362
f 388/448/388 383/439/382 372/427/370 371/426/369
f 358/412/356 373/431/374 374/430/373 355/413/357
f 386/443/386 373/431/374 358/412/356 357/411/355
f 393/407/391 394/408/392 391/409/393 392/410/394
f 397/411/395 398/412/396 395/413/397 396/414/398
f 401/415/399 402/416/400 399/417/401 400/418/402
f 405/419/403 406/420/404 403/421/405 404/422/406
f 407/423/407 408/424/408 393/425/391 392/410/394
f 411/426/409 412/427/410 409/428/411 410/429/412
f 392/410/394 405/419/403 404/422/406 407/423/407
f 402/416/400 414/430/413 413/431/414 399/417/401
f 408/424/408 417/432/415 415/433/416 416/434/417
f 420/435/418 421/436/419 418/437/420 419/438/421
f 423/439/422 420/435/418 419/438/421 422/440/423
f 408/424/408 407/423/407 424/441/424 417/432/415
f 404/422/406 425/442/425 424/441/424 407/423/407
f 418/437/420 421/436/419 426/443/426 427/444/427
f 396/445/398 395/446/397 410/429/412 409/428/411
f 394/447/392 393/425/391 408/424/408 416/434/417
f 411/426/409 401/415/399 400/418/402 428/448/428
f 406/420/404 405/419/403 392/410/394 391/409/393
f 397/411/395 429/449/429 427/444/427 426/443/426
f 403/421/405 430/450/430 425/442/425 404/422/406
f 409/428/411 391/409/393 394/408/392 396/445/398
f 416/451/417 397/411/395 396/414/398 394/452/392
f 423/439/422 403/421/405 406/420/404 412/427/410
f 391/409/393 409/428/411 412/427/410 406/420/404
f 397/411/395 416/451/417 415/453/416 429/449/429
f 403/421/405 423/439/422 422/440/423 430/450/430
f 395/446/397 414/454/413 402/416/400 410/429/412
f 410/429/412 402/416/400 401/415/399 411/426/409
f 413/431/414 426/443/426 421/436/419 399/417/401
f 399/417/401 421/436/419 420/435/418 400/418/402
f 420/435/418 423/439/422 428/448/428 400/418/402
f 428/448/428 423/439/422 412/427/410 411/426/409
f 398/412/396 413/431/414 414/430/413 395/413/397
f 426/443/426 413/431/414 398/412/396 397/411/395
f 433/407/431 432/410/432 431/409/433 434/408/434
f 437/411/435 436/414/436 435/413/437 438/412/438
f 441/415/439 440/418/440 439/417/441 442/416/442
f 445/419/443 444/422/444 443/421/445 446/420/446
f 447/423/447 432/410/432 433/425/431 448/424/448
f 451/426/449 450/429/450 449/428/451 452/427/452
f 432/410/432 447/423/447 444/422/444 445/419/443
f 442/416/442 439/417/441 453/431/453 454/430/454
f 448/424/448 456/434/455 455/433/456 457/432/457
f 460/435/458 459/438/459 458/437/460 461/436/461
f 463/439/462 462/440/463 459/438/459 460/435/458
f 448/424/448 457/432/457 464/441/464 447/423/447
f 444/422/444 447/423/447 464/441/464 465/442/465
f 458/437/460 467/444/466 466/443/467 461/436/461
f 436/445/436 449/428/451 450/429/450 435/446/437
f 434/447/434 456/434/455 448/424/448 433/425/431
f 451/426/449 468/448/468 440/418/440 441/415/439
f 446/420/446 431/409/433 432/410/432 445/419/443
f 437/411/435 466/443/467 467/444/466 469/449/469
f 443/421/445 444/422/444 465/442/465 470/450/470
f 449/428/451 436/445/436 434/408/434 431/409/433
f 456/451/455 434/452/434 436/414/436 437/411/435
f 463/439/462 452/427/452 446/420/446 443/421/445
f 431/409/433 446/420/446 452/427/452 449/428/451
f 437/411/435 469/449/469 455/453/456 456/451/455
f 443/421/445 470/450/470 462/440/463 463/439/462
f 435/446/437 450/429/450 442/416/442 454/454/454
f 450/429/450 451/426/449 441/415/439 442/416/442
f 453/431/453 439/417/441 461/436/461 466/443/467
f 439/417/441 440/418/440 460/435/458 461/436/461
f 460/435/458 440/418/440 468/448/468 463/439/462
f 468/448/468 451/426/449 452/427/452 463/439/462
f 438/412/438 435/413/437 454/430/454 453/431/453
f 466/443/467 437/411/435 438/412/438 453/431/453
f 473/455/471 472/456/472 471/457/473 474/458/474
f 477/459/475 476/460/476 475/461/477 478/462/478
f 481/463/479 480/464/480 479/465/481 482/466/482
f 485/467/483 484/468/484 483/469/485 486/470/486
f 487/471/487 472/456/472 473/455/471 488/472/488
f 480/464/480 490/473/489 489/474/490 479/465/481
f 472/456/472 487/471/487 484/468/484 485/467/483
f 481/463/479 478/462/478 475/461/477 480/464/480
f 488/472/488 492/475/491 491/476/492 493/477/493
f 482/466/482 495/478/494 494/479/495 481/463/479
f 497/480/496 496/481/497 495/478/494 482/466/482
f 488/472/488 493/477/493 498/482/498 487/471/487
f 484/468/484 487/471/487 498/482/498 499/483/499
f 494/479/495 500/484/500 478/462/478 481/463/479
f 490/473/489 480/464/480 475/461/477 476/485/476
f 474/486/474 492/475/491 488/472/488 473/455/471
f 489/474/490 497/480/496 482/466/482 479/465/481
f 486/470/486 471/457/473 472/456/472 485/467/483
f 477/459/475 478/462/478 500/484/500 501/487/501
f 483/469/485 484/468/484 499/483/499 502/488/502
f 490/473/489 476/485/476 474/458/474 471/457/473
f 492/489/491 474/490/474 476/460/476 477/459/475
f 497/480/496 489/474/490 486/470/486 483/469/485
f 471/457/473 486/470/486 489/474/490 490/473/489
f 477/459/475 501/487/501 491/491/492 492/489/491
f 483/469/485 502/488/502 496/481/497 497/480/496
f 505/378/503 506/379/504 503/380/505 504/381/506
f 508/382/507 509/383/508 507/384/509 506/385/504
f 512/386/510 513/387/511 510/388/512 511/389/513
f 516/390/514 517/391/515 514/392/516 515/393/517
f 518/394/518 519/395/519 505/378/503 504/381/506
f 511/389/513 510/388/512 517/391/515 503/380/505
f 504/381/506 516/390/514 515/393/517 518/394/518
f 512/386/510 511/389/513 507/384/509 509/383/508
f 519/395/519 521/396/520 520/397/521 508/398/507
f 513/387/511 512/386/510 522/399/522 523/400/523
f 514/392/516 513/387/511 523/400/523 524/401/524
f 519/395/519 518/394/518 525/402/525 521/396/520
f 515/393/517 526/403/526 525/402/525 518/394/518
f 522/399/522 512/386/510 509/383/508 527/404/527
f 506/379/504 507/384/509 511/389/513 503/380/505
f 506/405/504 505/378/503 519/395/519 508/398/507
f 517/391/515 510/388/512 513/387/511 514/392/516
f 517/391/515 516/390/514 504/381/506 503/380/505
f 508/382/507 520/406/521 527/404/527 509/383/508
f 514/392/516 524/401/524 526/403/526 515/393/517
f 530/341/528 529/344/529 528/343/530 531/342/531
f 533/345/532 531/348/531 532/347/533 534/346/534
f 537/349/535 536/352/536 535/351/537 538/350/538
f 541/353/539 540/356/540 539/355/541 542/354/542
f 545/357/543 544/360/544 543/359/545 546/358/546
f 536/352/536 528/343/530 542/354/542 535/351/537
f 544/360/544 545/357/543 547/362/547 548/361/548
f 537/349/535 534/346/534 532/347/533 536/352/536
f 550/363/549 533/345/532 549/365/550 551/364/551
f 538/350/538 553/367/552 552/366/553 537/349/535
f 539/355/541 554/368/554 553/367/552 538/350/538
f 546/358/546 556/370/555 555/369/556 545/357/543
f 547/362/547 545/357/543 555/369/556 557/371/557
f 552/366/553 558/372/558 534/346/534 537/349/535
f 531/342/531 528/343/530 536/352/536 532/347/533
f 533/345/532 550/363/549 530/373/528 531/348/531
f 542/354/542 539/355/541 538/350/538 535/351/537
f 542/354/542 528/343/530 529/344/529 541/353/539
f 533/345/532 534/346/534 558/372/558 549/365/550
f 554/368/554 539/355/541 540/356/540 559/374/559
f 559/374/559 540/356/540 547/362/547 557/371/557
f 540/356/540 541/353/539 548/361/548 547/362/547
f 541/353/539 529/344/529 544/360/544 548/361/548
f 529/344/529 530/341/528 543/359/545 544/360/544
f 546/358/546 543/359/545 530/376/528 550/375/549
f 556/370/555 546/358/546 550/375/549 551/377/551
f 562/455/560 561/456/561 560/457/562 563/458/563
f 566/459/564 565/460/565 564/461/566 567/462/567
f 570/463/568 569/464/569 568/465/570 571/466/571
f 574/467/572 573/468/573 572/469/574 575/470/575
f 576/471/576 561/456/561 562/455/560 577/472/577
f 569/464/569 579/473/578 578/474/579 568/465/570
f 561/456/561 576/471/576 573/468/573 574/467/572
f 570/463/568 567/462/567 564/461/566 569/464/569
f 577/472/577 581/475/580 580/476/581 582/477/582
f 571/466/571 584/478/583 583/479/584 570/463/568
f 586/480/585 585/481/586 584/478/583 571/466/571
f 577/472/577 582/477/582 587/482/587 576/471/576
f 573/468/573 576/471/576 587/482/587 588/483/588
f 583/479/584 589/484/589 567/462/567 570/463/568
f 579/473/578 569/464/569 564/461/566 565/485/565
f 563/486/563 581/475/580 577/472/577 562/455/560
f 578/474/579 586/480/585 571/466/571 568/465/570
f 575/470/575 560/457/562 561/456/561 574/467/572
f 566/459/564 567/462/567 589/484/589 590/487/590
f 572/469/574 573/468/573 588/483/588 591/488/591
f 579/473/578 565/485/565 563/458/563 560/457/562
f 581/489/580 563/490/563 565/460/565 566/459/564
f 586/480/585 578/474/579 575/470/575 572/469/574
f 560/457/562 575/470/575 578/474/579 579/473/578
f 566/459/564 590/487/590 580/491/581 581/489/580
f 572/469/574 591/488/591 585/481/586 586/480/585
f 594/378/592 593/381/593 592/380/594 595/379/595
f 597/382/596 595/385/595 596/384/597 598/383/598
f 601/386/599 600/389/600 599/388/601 602/387/602
f 605/390/603 604/393/604 603/392/605 606/391/606
f 607/394/607 593/381/593 594/378/592 608/395/608
f 600/389/600 592/380/594 606/391/606 599/388/601
f 593/381/593 607/394/607 604/393/604 605/390/603
f 601/386/599 598/383/598 596/384/597 600/389/600
f 608/395/608 597/398/596 609/397/609 610/396/610
f 602/387/602 612/400/611 611/399/612 601/386/599
f 603/392/605 613/401/613 612/400/611 602/387/602
f 608/395/608 610/396/610 614/402/614 607/394/607
f 604/393/604 607/394/607 614/402/614 615/403/615
f 611/399/612 616/404/616 598/383/598 601/386/599
f 595/379/595 592/380/594 600/389/600 596/384/597
f 595/405/595 597/398/596 608/395/608 594/378/592
f 606/391/606 603/392/605 602/387/602 599/388/601
f 606/391/606 592/380/594 593/381/593 605/390/603
f 597/382/596 598/383/598 616/404/616 609/406/609
f 603/392/605 604/393/604 615/403/615 613/401/613
f 619/407/617 618/410/618 617/409/619 620/408/620
f 623/411/621 622/414/622 621/413/623 624/412/624
f 627/415/625 626/418/626 625/417/627 628/416/628
f 631/419/629 630/422/630 629/421/631 632/420/632
f 633/423/633 618/410/618 619/425/617 634/424/634
f 637/426/635 636/429/636 635/428/637 638/427/638
f 618/410/618 633/423/633 630/422/630 631/419/629
f 628/416/628 625/417/627 639/431/639 640/430/640
f 634/424/634 642/434/641 641/433/642 643/432/643
f 646/435/644 645/438/645 644/437/646 647/436/647
f 649/439/648 648/440/649 645/438/645 646/435/644
f 634/424/634 643/432/643 650/441/650 633/423/633
f 630/422/630 633/423/633 650/441/650 651/442/651
f 644/437/646 653/444/652 652/443/653 647/436/647
f 622/445/622 635/428/637 636/429/636 621/446/623
f 620/447/620 642/434/641 634/424/634 619/425/617
f 637/426/635 654/448/654 626/418/626 627/415/625
f 632/420/632 617/409/619 618/410/618 631/419/629
f 623/411/621 652/443/653 653/444/652 655/449/655
f 629/421/631 630/422/630 651/442/651 656/450/656
f 635/428/637 622/445/622 620/408/620 617/409/619
f 642/451/641 620/452/620 622/414/622 623/411/621
f 649/439/648 638/427/638 632/420/632 629/421/631
f 617/409/619 632/420/632 638/427/638 635/428/637
f 623/411/621 655/449/655 641/453/642 642/451/641
f 629/421/631 656/450/656 648/440/649 649/439/648
f 621/446/623 636/429/636 628/416/628 640/454/640
f 636/429/636 637/426/635 627/415/625 628/416/628
f 639/431/639 625/417/627 647/436/647 652/443/653
f 625/417/627 626/418/626 646/435/644 647/436/647
f 646/435/644 626/418/626 654/448/654 649/439/648
f 654/448/654 637/426/635 638/427/638 649/439/648
f 624/412/624 621/413/623 640/430/640 639/431/639
f 652/443/653 623/411/621 624/412/624 639/431/639
f 659/407/657 658/408/658 657/409/659 660/410/660
f 663/411/661 662/412/662 661/413/663 664/414/664
f 667/415/665 666/416/666 665/417/667 668/418/668
f 671/419/669 670/420/670 669/421/671 672/422/672
f 674/423/673 673/424/674 659/425/657 660/410/660
f 677/426/675 676/427/676 675/428/677 678/429/678
f 660/410/660 671/419/669 672/422/672 674/423/673
f 666/416/666 680/430/679 679/431/680 665/417/667
f 673/424/674 682/432/681 681/433/682 683/434/683
f 686/435/684 685/436/685 684/437/686 687/438/687
f 688/439/688 686/435/684 687/438/687 689/440/689
f 673/424/674 674/423/673 690/441/690 682/432/681
f 672/422/672 691/442/691 690/441/690 674/423/673
f 684/437/686 685/436/685 692/443/692 693/444/693
f 664/445/664 661/446/663 678/429/678 675/428/677
f 658/447/658 659/425/657 673/424/674 683/434/683
f 677/426/675 667/415/665 668/418/668 694/448/694
f 670/420/670 671/419/669 660/410/660 657/409/659
f 663/411/661 695/449/695 693/444/693 692/443/692
f 669/421/671 696/450/696 691/442/691 672/422/672
f 675/428/677 657/409/659 658/408/658 664/445/664
f 683/451/683 663/411/661 664/414/664 658/452/658
f 688/439/688 669/421/671 670/420/670 676/427/676
f 657/409/659 675/428/677 676/427/676 670/420/670
f 663/411/661 683/451/683 681/453/682 695/449/695
f 669/421/671 688/439/688 689/440/689 696/450/696
f 661/446/663 680/454/679 666/416/666 678/429/678
f 678/429/678 666/416/666 667/415/665 677/426/675
f 679/431/680 692/443/692 685/436/685 665/417/667
f 665/417/667 685/436/685 686/435/684 668/418/668
f 686/435/684 688/439/688 694/448/694 668/418/668
f 694/448/694 688/439/688 676/427/676 677/426/675
f 662/412/662 679/431/680 680/430/679 661/413/663
f 692/443/692 679/431/680 662/412/662 663/411/661
f 699/341/697 698/344/698 697/343/699 700/342/700
f 702/345/701 700/348/700 701/347/702 703/346/703
f 706/349/704 705/352/705 704/351/706 707/350/707
f 710/353/708 709/356/709 708/355/710 711/354/711
f 714/357/712 713/360/713 712/359/714 715/358/715
f 705/352/705 697/343/699 711/354/711 704/351/706
f 713/360/713 714/357/712 716/362/716 717/361/717
f 706/349/704 703/346/703 701/347/702 705/352/705
f 719/363/718 702/345/701 718/365/719 720/364/720
f 707/350/707 722/367/721 721/366/722 706/349/704
f 708/355/710 723/368/723 722/367/721 707/350/707
f 715/358/715 725/370/724 724/369/725 714/357/712
f 716/362/716 714/357/712 724/369/725 726/371/726
f 721/366/722 727/372/727 703/346/703 706/349/704
f 700/342/700 697/343/699 705/352/705 701/347/702
f 702/345/701 719/363/718 699/373/697 700/348/700
f 711/354/711 708/355/710 707/350/707 704/351/706
f 711/354/711 697/343/699 698/344/698 710/353/708
f 702/345/701 703/346/703 727/372/727 718/365/719
f 723/368/723 708/355/710 709/356/709 728/374/728
f 728/374/728 709/356/709 716/362/716 726/371/726
f 709/356/709 710/353/708 717/361/717 716/362/716
f 710/353/708 698/344/698 713/360/713 717/361/717
f 698/344/698 699/341/697 712/359/714 713/360/713
f 715/358/715 712/359/714 699/376/697 719/375/718
f 725/370/724 715/358/715 719/375/718 720/377/720
f 731/407/729 732/410/730 729/409/731 730/408/732
f 735/411/733 736/414/734 733/413/735 734/412/736
f 739/415/737 740/418/738 737/417/739 738/416/740
f 743/419/741 744/422/742 741/421/743 742/420/744
f 746/423/745 732/410/730 731/425/729 745/424/746
f 749/426/747 750/429/748 747/428/749 748/427/750
f 732/410/730 746/423/745 744/422/742 743/419/741
f 738/416/740 737/417/739 751/431/751 752/430/752
f 745/424/746 755/434/753 753/433/754 754/432/755
f 758/435/756 759/438/757 756/437/758 757/436/759
f 760/439/760 761/440/761 759/438/757 758/435/756
f 745/424/746 754/432/755 762/441/762 746/423/745
f 744/422/742 746/423/745 762/441/762 763/442/763
f 756/437/758 765/444/764 764/443/765 757/436/759
f 736/445/734 747/428/749 750/429/748 733/446/735
f 730/447/732 755/434/753 745/424/746 731/425/729
f 749/426/747 766/448/766 740/418/738 739/415/737
f 742/420/744 729/409/731 732/410/730 743/419/741
f 735/411/733 764/443/765 765/444/764 767/449/767
f 741/421/743 744/422/742 763/442/763 768/450/768
f 747/428/749 736/445/734 730/408/732 729/409/731
f 755/451/753 730/452/732 736/414/734 735/411/733
f 760/439/760 748/427/750 742/420/744 741/421/743
f 729/409/731 742/420/744 748/427/750 747/428/749
f 735/411/733 767/449/767 753/453/754 755/451/753
f 741/421/743 768/450/768 761/440/761 760/439/760
f 733/446/735 750/429/748 738/416/740 752/454/752
f 750/429/748 749/426/747 739/415/737 738/416/740
f 751/431/751 737/417/739 757/436/759 764/443/765
f 737/417/739 740/418/738 758/435/756 757/436/759
f 758/435/756 740/418/738 766/448/766 760/439/760
f 766/448/766 749/426/747 748/427/750 760/439/760
f 734/412/736 733/413/735 752/430/752 751/431/751
f 764/443/765 735/411/733 734/412/736 751/431/751
f 1020/492/769 1017/493/770 1013/494/771 1015/495/772
f 932/496/773 931/497/774 909/498/775 906/499/776
f 945/500/777 948/501/778 932/502/773 941/503/779
f 960/504/780 977/505/781 1184/506/782 1215/507/783
f 889/508/784 1567/509/785 879/510/786 885/511/787
f 971/512/788 976/513/789 980/514/790 1158/515/791
f 1166/516/792 917/517/793 921/518/794 924/519/795
f 1027/520/796 811/521/797 1087/522/798 1088/523/799
f 825/524/800 820/525/801 1075/526/802 838/527/803
f 1359/528/804 1360/529/805 869/530/806 873/531/807
f 1363/532/808 824/533/809 813/534/810 1366/535/811
f 877/536/812 1368/537/813 1369/538/814 876/539/815
f 1058/540/816 1372/541/817 1368/537/813 877/536/812
f 965/542/818 1374/543/819 1748/544/820
f 1291/545/821 1378/546/822 1375/547/823 1035/548/824
f 1379/549/825 878/550/826 1105/551/827 1382/552/828
f 826/553/829 846/554/830 849/555/831 812/556/832
f 830/557/833 858/558/834 856/559/835 827/560/836
f 864/561/837 867/562/838 859/563/839 851/564/840
f 873/531/807 864/561/837 858/558/834 872/565/841
f 862/566/842 832/567/843 824/568/809 866/569/844
f 1109/570/845 1108/571/846 845/572/847 847/573/848
f 802/574/849 807/575/850 796/576/851 797/577/852
f 1122/578/853 1114/579/854 783/580/855 774/581/856
f 774/581/856 776/582/857 769/583/858 1188/584/859
f 827/585/836 776/586/857 992/587/860 830/588/833
f 1111/589/861 813/534/810 824/533/809 1112/590/862
f 780/591/863 771/592/864 986/593/865 779/594/866
f 1110/595/867 847/573/848 845/572/847 1107/596/868
f 845/572/847 857/597/869 1106/598/870 1107/596/868
f 870/599/871 875/600/872 1059/601/873 1086/602/874
f 877/536/812 876/539/815 1059/601/873 875/600/872
f 850/603/875 836/604/876 1076/605/877 1078/606/878
f 840/607/879 844/608/880 1052/609/881 1108/571/846
f 855/610/882 848/611/883 1116/612/884 1079/613/885
f 1116/612/884 1117/614/886 1049/615/887 1079/613/885
f 1051/616/888 1044/617/889 1039/618/890 1232/619/891
f 821/620/892 1092/621/893 841/622/894 833/623/895
f 842/624/896 837/625/897 833/623/895 841/622/894
f 839/626/898 1124/627/899 835/628/900 843/629/901
f 837/625/897 842/624/896 843/629/901 835/628/900
f 1082/630/902 1083/631/903 833/623/895 837/625/897
f 821/620/892 833/623/895 1083/631/903 817/632/904
f 1038/633/905 1133/634/906 1026/635/907 1034/636/908
f 1124/627/899 1127/637/909 1128/638/910 816/639/911
f 1040/640/912 1144/641/913 1145/642/914 1082/630/902
f 1012/643/915 1013/494/771 1017/493/770 799/644/916
f 799/644/916 1017/493/770 1080/645/917 1081/646/918
f 1009/647/919 1011/648/920 798/649/921 1014/650/922
f 800/651/923 1080/645/917 1017/493/770 1020/492/769
f 1117/614/886 1118/652/924 1045/653/925 1049/615/887
f 803/654/926 1023/655/927 1089/656/928 1090/657/929
f 1041/658/930 820/525/801 810/659/931 1028/660/932
f 804/661/933 810/659/931 811/521/797 1027/520/796
f 1025/662/934 815/663/935 818/664/936 1036/665/937
f 1030/666/938 802/574/849 797/577/852 806/667/939
f 785/668/940 788/669/941 797/577/852 796/576/851
f 1026/635/907 795/670/942 1014/650/922 798/649/921
f 1010/671/943 1150/672/944 1021/673/945 1149/674/946
f 789/675/947 1005/676/948 784/677/949 786/678/950
f 1156/679/951 1155/680/952 1154/681/953 976/513/789
f 974/682/954 1158/515/791 980/514/790 981/683/955
f 775/684/956 784/685/949 1139/686/957 990/687/958
f 1024/688/959 1020/492/769 1015/495/772 1021/673/945
f 1137/689/960 1012/643/915 1006/690/961 1136/691/962
f 1159/692/963 1260/693/964 971/512/788 961/694/965
f 1160/695/966 1171/696/967 957/697/968 956/698/969
f 919/699/970 1167/700/971 916/701/972 1166/702/792
f 1230/703/973 1231/704/974 1259/705/975 995/706/976
f 1183/707/977 987/708/978 989/709/979 787/710/980
f 891/711/981 894/712/982 889/508/784 885/511/787
f 900/713/983 903/714/984 894/712/982 891/711/981
f 902/715/985 897/716/986 894/712/982 903/714/984
f 907/717/987 910/718/988 1164/719/989 905/720/990
f 911/721/991 917/517/793 913/722/992 1198/723/993
f 947/724/994 936/725/995 938/726/996 952/727/997
f 935/728/998 933/729/999 936/725/995 947/724/994
f 1176/730/1000 951/731/1001 942/732/1002 1177/733/1003
f 1253/734/1004 1000/735/1005 1001/736/1006 1252/737/1007
f 901/738/1008 896/739/1009 899/740/1010
f 920/741/1011 1165/742/1012 918/743/1013 927/744/1014
f 916/745/972 1199/746/1015 908/747/1016 913/722/992
f 1199/748/1015 1294/749/1017 1168/750/1018 914/751/1019
f 1248/752/1020 1249/753/1021 1291/545/821 1035/548/824
f 1248/752/1020 985/754/1022 1579/755/1023 1580/756/1024
f 948/501/778 964/757/1025 966/758/1026 949/759/1027
f 1003/760/1028 1163/761/1029 1016/762/1030 1018/763/1031
f 1007/764/1032 1000/765/1005 1298/766/1033 1301/767/1034
f 1234/768/1035 1235/769/1036 1099/770/1037 1074/771/1038
f 1598/772/1039 1595/773/1040 1207/774/1041 1208/775/1042
f 1068/776/1043 1222/777/1044 1283/778/1045 1284/779/1046
f 1606/780/1047 883/781/1048 1247/782/1049 1605/783/1050
f 887/784/1051 1245/785/1052 1288/786/1053 884/787/1054
f 1223/788/1055 1222/789/1044 1068/790/1043 1069/791/1056
f 1613/792/1057 874/793/1058 869/530/806 1360/529/805
f 1615/794/1059 866/569/844 824/568/809 1363/795/808
f 1042/796/1060 1035/548/824 1375/547/823 1617/797/1061
f 856/559/835 847/573/848 1110/595/867 827/560/836
f 859/563/839 868/798/1062 854/799/1063 849/555/831
f 1620/800/1064 1621/801/1065 1111/589/861 1112/590/862
f 876/802/815 1053/803/1066 1054/804/1067 1059/805/873
f 863/806/1068 1085/807/1069 1058/540/816 871/808/1070
f 1263/809/1071 1264/810/1072 1207/774/1041 1056/811/1073
f 1011/648/920 789/675/947 1132/812/1074 801/813/1075
f 789/675/947 1011/648/920 1009/647/919 1005/676/948
f 804/661/933 800/651/923 1020/492/769 1024/688/959
f 1023/655/927 800/651/923 804/661/933 1027/520/796
f 821/620/892 1097/814/1076 829/815/1077 1092/621/893
f 803/654/926 1090/657/929 1091/816/1078 1033/817/1079
f 811/521/797 825/524/800 815/663/935 1087/522/798
f 1135/818/1080 996/819/1081 1002/820/1082 1136/691/962
f 786/678/950 784/677/949 775/821/956 991/822/1083
f 772/823/1084 773/824/1085 991/822/1083 775/821/956
f 786/678/950 991/822/1083 1141/825/1086 793/826/1087
f 943/827/1088 975/828/1089 1101/829/1090 950/830/1091
f 939/831/1092 1172/832/1093 943/827/1088 950/830/1091
f 964/757/1025 961/694/965 971/512/788 1158/515/791
f 1104/833/1094 1065/834/1095 882/835/1096 1103/836/1097
f 1105/551/827 878/550/826 1065/834/1095 1104/833/1094
f 929/837/1098 930/838/1099 928/839/1100 927/744/1014
f 889/508/784 890/840/1101 1764/841/1102 1567/509/785
f 1569/842/1103 1568/843/1104 901/738/1008 1908/844/1105
f 923/845/1106 929/837/1098 927/744/1014 918/743/1013
f 1010/671/943 1007/764/1032 1003/760/1028 1018/763/1031
f 1064/846/1107 1065/834/1095 878/550/826 880/847/1108
f 1055/848/1109 1072/849/1110 1073/850/1111 1060/851/1112
f 1247/782/1049 883/781/1048 884/787/1054 1288/786/1053
f 887/784/1051 1255/852/1113 1268/853/1114 895/854/1115
f 1223/788/1055 1069/791/1056 1672/855/1116 1673/856/1117
f 879/510/786 1567/509/785 1674/857/1118
f 782/858/1119 780/591/863 779/594/866 1119/859/1120
f 1680/860/1121 1047/861/1122 1191/862/1123 1679/863/1124
f 986/593/865 987/864/978 1183/865/977 779/594/866
f 992/866/860 774/581/856 778/867/1125 777/868/1126
f 1112/869/862 824/870/809 832/871/843 777/872/1126
f 1051/616/888 1048/873/1127 831/874/1128 1044/617/889
f 1045/653/925 1046/875/1129 850/603/875 1049/615/887
f 1030/666/938 808/876/1130 1125/877/1131 814/878/1132
f 1024/688/959 1028/660/932 810/659/931 804/661/933
f 853/879/1133 1233/880/1134 1234/768/1035 1074/771/1038
f 838/527/803 818/664/936 815/663/935 825/524/800
f 1138/881/1135 1130/882/1136 1251/883/1137 794/884/1138
f 794/885/1138 1001/886/1006 792/887/1139 1137/689/960
f 1161/888/1140 1162/889/1141 981/683/955 980/514/790
f 1140/890/1142 981/891/955 1162/892/1141 770/893/1143
f 963/894/1144 1159/692/963 1160/695/966 956/698/969
f 964/757/1025 948/501/778 945/500/777 961/694/965
f 969/895/1145 967/896/1146 978/897/1147 982/898/1148
f 1184/506/782 984/899/1149 989/709/979 987/708/978
f 817/632/904 1083/631/903 1146/900/1150 1147/901/1151
f 1023/655/927 1027/520/796 1088/523/799 1089/656/928
f 1063/902/1152 888/903/1153 892/904/1154 1270/905/1155
f 1711/906/1156 1710/907/1157 1060/851/1112 1073/850/1111
f 975/828/1089 943/827/1088 926/908/1158 994/909/1159
f 1714/910/1160 1066/911/1161 880/847/1108 1716/912/1162
f 881/913/1163 888/903/1153 1063/902/1152 1064/846/1107
f 939/831/1092 941/914/779 932/496/773 906/499/776
f 1085/807/1069 863/806/1068 861/915/1164 1084/916/1165
f 812/556/832 828/917/1166 1031/918/1167 809/919/1168
f 849/555/831 854/799/1063 828/917/1166 812/556/832
f 859/563/839 849/555/831 846/554/830 851/564/840
f 858/558/834 864/561/837 851/564/840 856/559/835
f 1057/920/1169 868/798/1062 859/563/839 867/562/838
f 874/793/1058 1057/920/1169 867/562/838 869/530/806
f 869/530/806 867/562/838 864/561/837 873/531/807
f 862/566/842 866/569/844 872/565/841 858/558/834
f 1030/666/938 814/878/1132 819/921/1170 802/574/849
f 812/556/832 809/919/1168 807/575/850 826/553/829
f 1119/859/1120 785/668/940 796/576/851 1120/922/1171
f 1115/923/1172 1114/579/854 1189/924/1173 1193/925/1174
f 1194/926/1175 834/927/1176 1115/923/1172 1193/925/1174
f 1191/862/1123 1047/861/1122 834/927/1176 1194/926/1175
f 1115/923/1172 1029/928/1177 783/580/855 1114/579/854
f 834/927/1176 1029/928/1177 1115/923/1172
f 1184/929/782 987/864/978 986/593/865 1217/930/1178
f 1186/931/1179 1216/932/1180 771/592/864 1187/933/1181
f 985/754/1022 1042/796/1060 813/534/810 1111/589/861
f 827/585/836 1110/934/867 1258/935/1182 776/586/857
f 1108/571/846 1052/609/881 857/597/869 845/572/847
f 875/600/872 871/808/1070 1058/540/816 877/536/812
f 1056/811/1073 861/915/1164 860/936/1183 865/937/1184
f 850/603/875 1078/606/878 1079/613/885 1049/615/887
f 840/607/879 839/626/898 843/629/901 844/608/880
f 1109/570/845 823/938/1185 840/607/879 1108/571/846
f 1052/609/881 844/608/880 848/611/883 855/610/882
f 855/610/882 1079/613/885 1078/606/878 871/808/1070
f 1233/880/1134 853/879/1133 1232/619/891
f 843/629/901 842/624/896 848/611/883 844/608/880
f 816/639/911 1040/640/912 835/628/900 1124/627/899
f 806/667/939 805/939/1186 808/876/1130 1030/666/938
f 1143/940/1187 1144/641/913 1040/640/912 816/639/911
f 801/813/1075 1034/636/908 1026/635/907 798/649/921
f 1129/941/1188 1142/942/1189 1143/940/1187 816/639/911
f 820/525/801 825/524/800 811/521/797 810/659/931
f 1138/943/1135 791/944/1190 1014/650/922 795/670/942
f 1001/736/1006 794/884/1138 1251/883/1137 1252/737/1007
f 1028/660/932 1024/688/959 1021/673/945 1150/672/944
f 1260/693/964 1156/679/951 976/513/789 971/512/788
f 1135/818/1080 1155/680/952 1157/945/1191 996/819/1081
f 1103/836/1097 882/835/1096 893/946/1192 1271/947/1193
f 907/717/987 1198/948/993 913/949/992 910/718/988
f 907/717/987 905/720/990 903/714/984
f 899/740/1010 896/739/1009 890/950/1101 897/951/986
f 1292/952/1194 918/953/1013 1165/954/1012 915/955/1195
f 963/956/1144 956/957/969 962/958/1196 968/959/1197
f 1150/672/944 1151/960/1198 1041/658/930 1028/660/932
f 994/909/1159 926/908/1158 1067/961/1199 1209/962/1200
f 1286/963/1201 1245/785/1052 887/784/1051 895/964/1115
f 1760/965/1202 1043/966/1203 1071/967/1204 1759/968/1205
f 1763/969/1206 1762/970/1207 1268/853/1114 1255/852/1113
f 1366/535/811 813/534/810 1042/796/1060 1617/797/1061
f 830/557/833 832/567/843 862/566/842 858/558/834
f 826/553/829 819/921/1170 823/938/1185 1109/570/845
f 1114/579/854 1122/578/853 1195/971/1208 1189/924/1173
f 780/591/863 1123/972/1209 1187/933/1181 771/592/864
f 857/597/869 870/599/871 1086/602/874 1106/598/870
f 871/808/1070 875/600/872 870/599/871 855/610/882
f 863/806/1068 1076/605/877 860/936/1183 861/915/1164
f 836/604/876 850/603/875 1046/875/1129 1077/973/1210
f 997/974/1211 1154/681/953 1155/680/952 1135/818/1080
f 1149/674/946 1015/495/772 1013/494/771 792/887/1139
f 1135/818/1080 1136/691/962 1006/690/961 997/974/1211
f 956/957/969 957/975/968 967/976/1146 962/958/1196
f 1179/977/1212 978/978/1147 967/979/1146 957/980/968
f 902/715/985 903/714/984 905/720/990 1164/719/989
f 977/505/781 983/981/1213 984/899/1149 1184/506/782
f 1196/982/1214 1197/983/1215 940/984/1216 934/985/1217
f 959/986/1218 958/987/1219 951/731/1001 1178/988/1220
f 937/989/1221 946/990/1222 1176/730/1000 1177/733/1003
f 1113/991/1223 1054/804/1067 1053/803/1066 1004/992/1224
f 1113/993/1223 1250/994/1225 965/995/818 1008/996/1226
f 897/716/986 890/840/1101 889/508/784 894/712/982
f 920/741/1011 927/744/1014 928/839/1100 924/997/795
f 926/908/1158 1173/998/1227 1180/999/1228 1067/961/1199
f 1063/902/1152 882/835/1096 1065/834/1095 1064/846/1107
f 851/564/840 846/554/830 847/573/848 856/559/835
f 1052/609/881 855/610/882 870/599/871 857/597/869
f 1051/616/888 1262/1000/1229 865/937/1184
f 1076/605/877 836/604/876 1048/873/1127 860/936/1183
f 1133/634/906 1134/1001/1230 795/670/942 1026/635/907
f 1061/1002/1231 1206/1003/1232 1016/762/1030 1163/761/1029
f 1173/998/1227 926/908/1158 943/827/1088 1172/832/1093
f 1270/905/1155 893/946/1192 882/835/1096 1063/902/1152
f 880/847/1108 1066/911/1161 881/913/1163 1064/846/1107
f 880/847/1108 878/550/826 1379/549/825 1716/912/1162
f 1284/779/1046 1285/1004/1233 1181/1005/1234 1068/776/1043
f 1068/790/1043 1181/1006/1234 1182/1007/1235 1069/791/1056
f 1069/791/1056 1182/1007/1235 1791/1008/1236 1672/855/1116
f 1072/849/1110 1032/1009/1237 1300/1010/1238 1073/850/1111
f 1073/850/1111 1300/1010/1238 1794/1011/1239 1711/906/1156
f 887/784/1051 884/787/1054 886/1012/1240 1255/852/1113
f 1263/809/1071 1056/811/1073 865/937/1184 1262/1000/1229
f 1075/526/802 820/525/801 1041/658/930 1098/1013/1241
f 1051/616/888 865/937/1184 860/936/1183 1048/873/1127
f 831/874/1128 1048/873/1127 836/604/876 1077/973/1210
f 863/806/1068 871/808/1070 1078/606/878 1076/605/877
f 803/654/926 1080/645/917 800/651/923 1023/655/927
f 803/654/926 1033/817/1079 1081/646/918 1080/645/917
f 1146/900/1150 1083/631/903 1082/630/902 1145/642/914
f 1595/773/1040 1797/1014/1242 1084/916/1165 1207/774/1041
f 1084/916/1165 1797/1014/1242 1798/1015/1243 1085/807/1069
f 1085/807/1069 1798/1015/1243 1372/541/817 1058/540/816
f 815/663/935 1025/662/934 1019/1016/1244 1087/522/798
f 1088/523/799 1087/522/798 1019/1016/1244 1093/1017/1245
f 1093/1017/1245 1094/1018/1246 1089/656/928 1088/523/799
f 1090/657/929 1089/656/928 1094/1018/1246 1095/1019/1247
f 1090/657/929 1095/1019/1247 1096/1020/1248 1091/816/1078
f 1147/901/1151 1148/1021/1249 1037/1022/1250 817/632/904
f 821/620/892 817/632/904 1037/1022/1250 1097/814/1076
f 1041/658/930 1151/960/1198 1152/1023/1251 1098/1013/1241
f 1235/769/1036 1236/1024/1252 1153/1025/1253 1099/770/1037
f 1208/775/1042 1100/1026/1254 1809/1027/1255 1598/772/1039
f 1082/630/902 837/625/897 835/628/900 1040/640/912
f 1271/947/1193 900/713/983 891/711/981 1103/836/1097
f 1103/836/1097 891/711/981 885/511/787 1104/833/1094
f 1104/833/1094 885/511/787 879/510/786 1105/551/827
f 1105/551/827 879/510/786 1674/857/1118 1382/552/828
f 846/554/830 826/553/829 1109/570/845 847/573/848
f 873/531/807 872/565/841 1811/1028/1256 1359/528/804
f 872/565/841 866/569/844 1615/794/1059 1811/1028/1256
f 777/872/1126 832/871/843 830/588/833 992/587/860
f 1111/589/861 1621/801/1065 1579/755/1023 985/754/1022
f 774/581/856 783/580/855 998/1029/1257 778/867/1125
f 814/878/1132 1126/1030/1258 823/938/1185 819/921/1170
f 839/626/898 840/607/879 823/938/1185 1126/1030/1258
f 1116/612/884 848/611/883 842/624/896 841/622/894
f 1117/614/886 1116/612/884 841/622/894 1092/621/893
f 829/815/1077 1118/652/924 1117/614/886 1092/621/893
f 1613/792/1057 1814/1031/1259 1192/1032/1260 874/793/1058
f 852/1033/1261 1190/1034/1262 868/798/1062 1057/920/1169
f 828/917/1166 854/799/1063 1050/1035/1263 822/1036/1264
f 1120/922/1171 1121/1037/1265 782/858/1119 1119/859/1120
f 1120/922/1171 796/576/851 807/575/850 809/919/1168
f 1121/1037/1265 1120/922/1171 809/919/1168 1031/918/1167
f 1022/1038/1266 790/1039/1267 1121/1037/1265 1031/918/1167
f 1192/1032/1260 852/1033/1261 1057/920/1169 874/793/1058
f 868/798/1062 1190/1034/1262 1050/1035/1263 854/799/1063
f 828/917/1166 822/1036/1264 1022/1038/1266 1031/918/1167
f 790/1039/1267 781/1040/1268 782/858/1119 1121/1037/1265
f 780/591/863 782/858/1119 781/1040/1268 1123/972/1209
f 1126/1030/1258 1127/637/909 1124/627/899 839/626/898
f 1125/877/1131 1127/637/909 1126/1030/1258 814/878/1132
f 1038/633/905 1128/638/910 1127/637/909 1125/877/1131
f 1129/941/1188 816/639/911 1128/638/910 1131/1041/1269
f 1129/941/1188 1131/1041/1269 1132/812/1074 793/826/1087
f 1142/942/1189 1129/941/1188 793/826/1087 1141/825/1086
f 788/669/941 1130/1042/1136 806/667/939 797/577/852
f 1134/1001/1230 1130/1042/1136 1138/943/1135 795/670/942
f 1034/636/908 1131/1041/1269 1128/638/910 1038/633/905
f 801/813/1075 1132/812/1074 1131/1041/1269 1034/636/908
f 808/876/1130 1133/634/906 1038/633/905 1125/877/1131
f 1134/1001/1230 1133/634/906 808/876/1130 805/939/1186
f 1137/689/960 792/887/1139 1013/494/771 1012/643/915
f 1137/689/960 1136/691/962 1002/820/1082 794/885/1138
f 1002/1043/1082 996/1044/1081 990/687/958 1139/686/957
f 1005/1045/948 791/1046/1190 1139/686/957 784/685/949
f 770/893/1143 1261/1047/1270 1157/1048/1191 988/1049/1271
f 997/974/1211 1141/825/1086 991/822/1083 773/824/1085
f 1006/690/961 1142/942/1189 1141/825/1086 997/974/1211
f 1012/643/915 1143/940/1187 1142/942/1189 1006/690/961
f 799/644/916 1144/641/913 1143/940/1187 1012/643/915
f 1081/646/918 1145/642/914 1144/641/913 799/644/916
f 1033/817/1079 1146/900/1150 1145/642/914 1081/646/918
f 1091/816/1078 1147/901/1151 1146/900/1150 1033/817/1079
f 1148/1021/1249 1147/901/1151 1091/816/1078 1096/1020/1248
f 1000/765/1005 1149/674/946 792/887/1139 1001/886/1006
f 1151/960/1198 1150/672/944 1010/671/943 1018/763/1031
f 1152/1023/1251 1151/960/1198 1018/763/1031 1016/762/1030
f 1060/851/1112 1100/1026/1254 1153/1025/1253 1055/848/1109
f 1155/680/952 1156/679/951 988/1050/1271 1157/945/1191
f 964/757/1025 1158/515/791 974/682/954 966/758/1026
f 962/958/1196 949/1051/1027 966/1052/1026 968/959/1197
f 931/1053/774 932/502/773 948/501/778 949/759/1027
f 1140/890/1142 1170/1054/1272 974/1055/954 981/891/955
f 945/500/777 1160/695/966 1159/692/963 961/694/965
f 1171/696/967 1160/695/966 945/500/777 941/503/779
f 1161/888/1140 1154/681/953 997/974/1211 773/824/1085
f 772/823/1084 1162/889/1141 1161/888/1140 773/824/1085
f 772/1056/1084 1261/1047/1270 770/893/1143 1162/892/1141
f 801/813/1075 798/649/921 1011/648/920
f 1301/767/1034 1211/1057/1273 1003/760/1028 1007/764/1032
f 954/1058/1274 944/1059/1275 942/732/1002 951/731/1001
f 984/899/1149 983/981/1213 1214/1060/1276 989/709/979
f 919/699/970 1166/702/792 924/997/795 928/839/1100
f 925/1061/1277 1167/700/971 919/699/970 1169/1062/1278
f 1168/750/1018 1294/749/1017 1295/1063/1279 1296/1064/1280
f 1166/516/792 916/745/972 913/722/992 917/517/793
f 930/838/1099 1169/1062/1278 919/699/970 928/839/1100
f 909/498/775 1174/1065/1281 911/1066/991 906/499/776
f 946/990/1222 937/989/1221 935/728/998 947/724/994
f 1175/1067/1282 921/518/794 1174/1068/1281 938/726/996
f 968/959/1197 966/1052/1026 974/1055/954 1170/1054/1272
f 968/959/1197 1170/1054/1272 970/1069/1283 963/956/1144
f 1171/1070/967 941/914/779 939/831/1092 950/830/1091
f 957/980/968 1171/1070/967 950/830/1091 1179/977/1212
f 1172/832/1093 939/831/1092 1102/1071/1284 1266/1072/1285
f 1173/998/1227 1172/832/1093 1266/1072/1285 1062/1073/1286
f 1174/1068/1281 921/518/794 917/517/793 911/721/991
f 936/725/995 933/729/999 1175/1067/1282 938/726/996
f 951/731/1001 1176/730/1000 946/990/1222 1178/988/1220
f 934/985/1217 940/984/1216 1908/844/1105 912/1074/1287
f 912/1074/1287 1165/1075/1012 920/1076/1011 934/985/1217
f 901/738/1008 904/1077/1288 912/1074/1287
f 962/958/1196 967/976/1146 952/1078/997 949/1051/1027
f 967/896/1146 969/895/1145 958/987/1219 959/986/1218
f 979/1079/1289 1179/977/1212 950/830/1091 1101/829/1090
f 982/898/1148 978/897/1147 1228/1080/1290 1229/1081/1291
f 1265/1082/1292 1180/999/1228 1173/998/1227 1062/1073/1286
f 1285/1004/1233 1290/1083/1293 1267/1084/1294 1181/1005/1234
f 898/1085/1295 1182/1007/1235 1181/1006/1234 1267/1086/1294
f 1847/1087/1296 1791/1008/1236 1182/1007/1235 898/1085/1295
f 785/668/940 1119/859/1120 779/594/866 1183/865/977
f 929/837/1098 1185/1088/1297 930/838/1099
f 922/1089/1298 925/1061/1277 1185/1088/1297
f 925/1061/1277 1169/1062/1278 1185/1088/1297
f 1186/931/1179 1187/933/1181 1188/1090/859 769/1091/858
f 1189/1092/1173 781/1040/1268 790/1039/1267
f 1191/1093/1123 852/1033/1261 1192/1032/1260
f 1194/1094/1175 1050/1035/1263 1190/1034/1262
f 1123/972/1209 1195/1095/1208 1188/1090/859 1187/933/1181
f 1193/1096/1174 1022/1038/1266 822/1036/1264
f 781/1040/1268 1189/1092/1173 1195/1095/1208 1123/972/1209
f 1122/578/853 774/581/856 1188/584/859 1195/971/1208
f 1178/988/1220 952/727/997 967/896/1146 959/986/1218
f 949/1051/1027 952/1078/997 938/1097/996 931/1098/774
f 931/497/774 938/1099/996 1174/1065/1281 909/498/775
f 933/729/999 1196/982/1214 921/518/794 1175/1067/1282
f 1196/982/1214 933/729/999 935/728/998 1197/983/1215
f 937/989/1221 1177/733/1003 1197/983/1215 935/728/998
f 1102/1071/1284 939/831/1092 906/499/776 1269/1100/1299
f 908/747/1016 1199/746/1015 914/1101/1019 904/1077/1288
f 1200/1102/1300 899/740/1010 897/951/986 902/1103/985
f 1851/1104/1301 1053/803/1066 876/802/815 1369/1105/814
f 1201/1106/1302 1274/1107/1303 1036/665/937 818/664/936
f 1202/1108/1304 1201/1106/1302 818/664/936 838/527/803
f 1203/1109/1305 1202/1108/1304 838/527/803 1075/526/802
f 1204/1110/1306 1203/1109/1305 1075/526/802 1098/1013/1241
f 1205/1111/1307 1204/1110/1306 1098/1013/1241 1152/1023/1251
f 1206/1003/1232 1205/1111/1307 1152/1023/1251 1016/762/1030
f 1056/811/1073 1207/774/1041 1084/916/1165 861/915/1164
f 1809/1027/1255 1100/1026/1254 1060/851/1112 1710/907/1157
f 1055/848/1109 1153/1025/1253 1236/1024/1252 1237/1112/1308
f 1237/1112/1308 1280/1113/1309 1072/849/1110 1055/848/1109
f 1071/967/1204 1043/966/1203 1299/1114/1310 1070/1115/1311
f 1211/1057/1273 1212/1116/1312 1163/761/1029 1003/760/1028
f 1280/1113/1309 1239/1117/1313 1032/1009/1237 1072/849/1110
f 1213/1118/1314 1061/1002/1231 1163/761/1029 1212/1116/1312
f 1210/1119/1315 1307/1120/1316 1219/1121/1317 1224/1122/1318
f 1302/1123/1319 1210/1119/1315 1224/1122/1318 1218/1124/1320
f 1303/1125/1321 1302/1123/1319 1218/1124/1320 1221/1126/1322
f 1304/1127/1323 1303/1125/1321 1221/1126/1322 1225/1128/1324
f 1305/1129/1325 1240/1130/1326 1070/1115/1311 1299/1114/1310
f 946/990/1222 947/724/994 952/727/997 1178/988/1220
f 973/1131/1327 953/1132/1328 960/504/780 1215/507/783
f 1216/932/1180 1217/930/1178 986/593/865 771/592/864
f 960/504/780 972/1133/1329 977/505/781
f 1215/507/783 1216/1134/1180 769/1135/858 973/1131/1327
f 1071/967/1204 1223/1136/1055 1673/1137/1117 1759/968/1205
f 975/828/1089 1218/1124/1320 1224/1122/1318 1101/829/1090
f 1070/1115/1311 1222/777/1044 1223/1136/1055 1071/967/1204
f 1218/1124/1320 975/828/1089 994/909/1159 1221/1126/1322
f 1101/829/1090 1224/1122/1318 1219/1121/1317 979/1079/1289
f 1209/962/1200 1225/1128/1324 1221/1126/1322 994/909/1159
f 1240/1130/1326 1283/778/1045 1222/777/1044 1070/1115/1311
f 983/981/1213 977/505/781 972/1133/1329 1226/1138/1330
f 982/898/1148 1226/1138/1330 972/1133/1329 969/895/1145
f 1229/1081/1291 1227/1139/1331 1226/1138/1330 982/898/1148
f 1230/703/973 995/706/976 999/1140/1332 993/1141/1333
f 983/981/1213 1226/1138/1330 1227/1139/1331 1214/1060/1276
f 979/1079/1289 1228/1142/1290 978/978/1147 1179/977/1212
f 1220/1143/1334 1228/1142/1290 979/1079/1289 1219/1121/1317
f 1227/1139/1331 1230/703/973 993/1141/1333 1214/1060/1276
f 1229/1081/1291 1231/704/974 1230/703/973 1227/1139/1331
f 1229/1081/1291 1228/1080/1290 1220/1144/1334 1231/704/974
f 1054/1145/1067 1113/993/1223 1008/996/1226
f 1201/1106/1302 1202/1108/1304 1275/1146/1335
f 1276/1147/1336 1275/1146/1335 1202/1108/1304 1203/1109/1305
f 1277/1148/1337 1276/1147/1336 1203/1109/1305 1204/1110/1306
f 1278/1149/1338 1277/1148/1337 1204/1110/1306 1205/1111/1307
f 1279/1150/1339 1278/1149/1338 1205/1111/1307 1206/1003/1232
f 1238/1151/1340 1279/1150/1339 1206/1003/1232 1061/1002/1231
f 1306/1152/1341 1238/1151/1340 1061/1002/1231 1213/1118/1314
f 1282/1153/1342 1281/1154/1343 1304/1127/1323 1225/1128/1324
f 1241/1155/1344 1282/1153/1342 1225/1128/1324 1209/962/1200
f 1242/1156/1345 1241/1155/1344 1209/962/1200 1067/961/1199
f 1243/1157/1346 1242/1156/1345 1067/961/1199 1180/999/1228
f 1272/1158/1347 1243/1157/1346 1180/999/1228 1265/1082/1292
f 1287/1159/1348 1244/1160/1349 892/904/1154 888/903/1153
f 881/913/1163 1246/1161/1350 1287/1159/1348 888/903/1153
f 1066/911/1161 1289/1162/1351 1246/1161/1350 881/913/1163
f 1895/1163/1352 1289/1162/1351 1066/911/1161 1714/910/1160
f 1896/1164/1353 1620/800/1064 1112/590/862
f 1249/753/1021 1250/1165/1225 1113/991/1223 1004/992/1224
f 985/754/1022 1248/752/1020 1035/548/824 1042/796/1060
f 1249/753/1021 1248/752/1020 1580/756/1024 1897/1166/1354
f 1250/1165/1225 1249/753/1021 1897/1166/1354 1898/1167/1355
f 1898/1168/1355 1374/543/819 965/542/818 1250/1169/1225
f 819/921/1170 826/553/829 807/575/850 802/574/849
f 1130/1042/1136 1134/1001/1230 805/939/1186 806/667/939
f 1183/707/977 787/710/980 788/1170/941 785/1171/940
f 999/1140/1332 1252/737/1007 1251/883/1137 787/710/980
f 995/706/976 1253/734/1004 1252/737/1007 999/1140/1332
f 1215/507/783 1184/506/782 1217/1172/1178 1216/1134/1180
f 929/837/1098 923/845/1106 1185/1088/1297
f 1169/1062/1278 930/838/1099 1185/1088/1297
f 918/953/1013 1292/952/1194 1293/1173/1356 923/1174/1106
f 1902/1175/1357 998/1029/1257 1254/1176/1358 1901/1177/1359
f 1254/1176/1358 1029/928/1177 834/927/1176 1047/861/1122
f 1901/1177/1359 1254/1176/1358 1047/861/1122 1680/860/1121
f 791/944/1190 1005/676/948 1009/647/919 1014/650/922
f 886/1012/1240 884/787/1054 883/781/1048 1256/1178/1360
f 1763/969/1206 1255/852/1113 886/1012/1240 1904/1179/1361
f 1905/1180/1362 1256/1178/1360 883/781/1048 1606/780/1047
f 1110/934/867 1107/1181/868 1258/935/1182
f 1008/996/1226 1257/1182/1363 1106/1183/870 1086/1184/874
f 1054/1145/1067 1008/996/1226 1086/1184/874 1059/1185/873
f 953/1186/1328 1257/1182/1363 1008/996/1226 965/995/818
f 1258/935/1182 1257/1182/1363 953/1186/1328 973/1187/1327
f 776/586/857 1258/935/1182 973/1187/1327 769/1188/858
f 1257/1182/1363 1258/935/1182 1107/1181/868 1106/1183/870
f 1007/764/1032 1010/671/943 1149/674/946 1000/765/1005
f 1021/673/945 1015/495/772 1149/674/946
f 1097/814/1076 1273/1189/1364 829/815/1077
f 1037/1022/1250 1273/1189/1364 1097/814/1076
f 1148/1021/1249 1273/1189/1364 1037/1022/1250
f 1096/1020/1248 1273/1189/1364 1148/1021/1249
f 1095/1019/1247 1273/1189/1364 1096/1020/1248
f 1094/1018/1246 1273/1189/1364 1095/1019/1247
f 1093/1017/1245 1273/1189/1364 1094/1018/1246
f 1019/1016/1244 1273/1189/1364 1093/1017/1245
f 1025/662/934 1273/1189/1364 1019/1016/1244
f 1036/665/937 1273/1189/1364 1025/662/934
f 1274/1107/1303 1273/1189/1364 1036/665/937
f 1044/617/889 1273/1189/1364 1039/618/890
f 831/874/1128 1273/1189/1364 1044/617/889
f 1077/973/1210 1273/1189/1364 831/874/1128
f 1046/875/1129 1273/1189/1364 1077/973/1210
f 1045/653/925 1273/1189/1364 1046/875/1129
f 1118/652/924 1273/1189/1364 1045/653/925
f 829/815/1077 1273/1189/1364 1118/652/924
f 793/826/1087 1132/812/1074 789/675/947 786/678/950
f 980/514/790 976/513/789 1154/681/953 1161/888/1140
f 896/739/1009 901/738/1008 1568/843/1104 1777/1190/1365
f 998/1029/1257 783/580/855 1029/928/1177 1254/1176/1358
f 992/866/860 776/582/857 774/581/856
f 1902/1175/1357 1896/1191/1353 778/867/1125 998/1029/1257
f 777/868/1126 778/867/1125 1896/1191/1353 1112/1192/862
f 1022/1038/1266 1193/1096/1174 1189/1092/1173 790/1039/1267
f 1194/1094/1175 1193/1096/1174 822/1036/1264 1050/1035/1263
f 1191/1093/1123 1194/1094/1175 1190/1034/1262 852/1033/1261
f 1814/1031/1259 1679/1193/1124 1191/1093/1123 1192/1032/1260
f 1259/705/975 1231/704/974 1220/1144/1334 1297/1194/1366
f 995/706/976 1259/705/975 1297/1194/1366 1253/734/1004
f 1186/931/1179 769/1091/858 1216/932/1180
f 1260/693/964 1159/692/963 963/894/1144 970/1195/1283
f 988/1050/1271 1156/679/951 1260/693/964 970/1195/1283
f 990/687/958 1261/1047/1270 772/1056/1084 775/684/956
f 996/1044/1081 1157/1048/1191 1261/1047/1270 990/687/958
f 922/1089/1298 1185/1088/1297 923/1174/1106
f 904/1077/1288 901/738/1008 899/740/1010 1200/1102/1300
f 1130/882/1136 788/1170/941 787/710/980 1251/883/1137
f 1051/616/888 1232/619/891 853/879/1133 1262/1000/1229
f 1074/771/1038 1263/809/1071 1262/1000/1229 853/879/1133
f 1264/810/1072 1263/809/1071 1074/771/1038 1099/770/1037
f 1100/1026/1254 1264/810/1072 1099/770/1037 1153/1025/1253
f 1100/1026/1254 1208/775/1042 1207/774/1041 1264/810/1072
f 900/713/983 1269/1100/1299 907/717/987 903/714/984
f 893/946/1192 1266/1072/1285 1102/1071/1284 1271/947/1193
f 1267/1086/1294 895/854/1115 1268/853/1114 898/1085/1295
f 1062/1073/1286 1270/905/1155 892/904/1154 1265/1082/1292
f 1290/1083/1293 1286/963/1201 895/964/1115 1267/1084/1294
f 898/1085/1295 1268/853/1114 1762/970/1207 1847/1087/1296
f 1270/905/1155 1062/1073/1286 1266/1072/1285 893/946/1192
f 1271/947/1193 1102/1071/1284 1269/1100/1299 900/713/983
f 1265/1082/1292 892/904/1154 1244/1160/1349 1272/1158/1347
f 1904/1179/1361 886/1012/1240 1256/1178/1360 1905/1180/1362
f 1201/1106/1302 1232/619/891 1039/618/890 1274/1107/1303
f 1275/1146/1335 1233/880/1134 1232/619/891 1201/1106/1302
f 1276/1147/1336 1234/768/1035 1233/880/1134 1275/1146/1335
f 1277/1148/1337 1235/769/1036 1234/768/1035 1276/1147/1336
f 1278/1149/1338 1236/1024/1252 1235/769/1036 1277/1148/1337
f 1279/1150/1339 1237/1112/1308 1236/1024/1252 1278/1149/1338
f 1238/1151/1340 1280/1113/1309 1237/1112/1308 1279/1150/1339
f 1306/1152/1341 1239/1117/1313 1280/1113/1309 1238/1151/1340
f 1282/1153/1342 1240/1130/1326 1305/1129/1325 1281/1154/1343
f 1241/1155/1344 1283/778/1045 1240/1130/1326 1282/1153/1342
f 1242/1156/1345 1284/779/1046 1283/778/1045 1241/1155/1344
f 1243/1157/1346 1285/1004/1233 1284/779/1046 1242/1156/1345
f 1272/1158/1347 1290/1083/1293 1285/1004/1233 1243/1157/1346
f 1287/1159/1348 1245/785/1052 1286/963/1201 1244/1160/1349
f 1246/1161/1350 1288/786/1053 1245/785/1052 1287/1159/1348
f 1289/1162/1351 1247/782/1049 1288/786/1053 1246/1161/1350
f 1895/1163/1352 1605/783/1050 1247/782/1049 1289/1162/1351
f 1274/1107/1303 1039/618/890 1273/1189/1364
f 1244/1160/1349 1286/963/1201 1290/1083/1293 1272/1158/1347
f 1291/545/821 1249/753/1021 1004/992/1224 1053/803/1066
f 1378/546/822 1291/545/821 1053/803/1066 1851/1104/1301
f 1292/952/1194 915/955/1195 914/751/1019 1168/750/1018
f 1293/1173/1356 1292/952/1194 1168/750/1018 1296/1064/1280
f 1199/748/1015 916/701/972 1167/700/971 1294/749/1017
f 1295/1063/1279 1294/749/1017 1167/700/971 925/1061/1277
f 922/1089/1298 1296/1064/1280 1295/1063/1279 925/1061/1277
f 923/1174/1106 1293/1173/1356 1296/1064/1280 922/1089/1298
f 1300/1010/1238 1043/966/1203 1760/965/1202 1794/1011/1239
f 1032/1009/1237 1299/1114/1310 1043/966/1203 1300/1010/1238
f 1210/1119/1315 1301/767/1034 1298/766/1033 1307/1120/1316
f 1302/1123/1319 1211/1057/1273 1301/767/1034 1210/1119/1315
f 1303/1125/1321 1212/1116/1312 1211/1057/1273 1302/1123/1319
f 1304/1127/1323 1213/1118/1314 1212/1116/1312 1303/1125/1321
f 1281/1154/1343 1306/1152/1341 1213/1118/1314 1304/1127/1323
f 1299/1114/1310 1032/1009/1237 1239/1117/1313 1305/1129/1325
f 1305/1129/1325 1239/1117/1313 1306/1152/1341 1281/1154/1343
f 1307/1120/1316 1298/766/1033 1308/1196/1367
f 1309/1197/1368 1312/1198/1369 1311/1199/1370 1310/1200/1371
f 1315/1201/1372 1314/1202/1373 1313/1203/1374 1316/1204/1375
f 1318/1205/1376 1317/1206/1377 1315/1207/1372 1319/1208/1378
f 1324/1209/1379 1323/1210/1380 1322/1211/1381 1325/1212/1382
f 1341/1213/1383 1340/1214/1384 1339/1215/1385 1567/1216/785
f 1343/1217/1386 1346/1218/1387 1345/1219/1388 1344/1220/1389
f 1350/1221/1390 1349/1222/1391 1348/1223/1392 1347/1224/1393
f 1351/1225/1394 1354/1226/1395 1353/1227/1396 1352/1228/1397
f 1355/1229/1398 1358/1230/1399 1357/1231/1400 1356/1232/1401
f 1359/528/804 1362/1233/1402 1361/1234/1403 1360/529/805
f 1363/532/808 1366/535/811 1365/1235/1404 1364/1236/1405
f 1367/1237/1406 1370/1238/1407 1369/538/814 1368/537/813
f 1371/1239/1408 1367/1237/1406 1368/537/813 1372/541/817
f 1748/544/820 1374/543/819 1373/1240/1409
f 1377/1241/1410 1376/1242/1411 1375/547/823 1378/546/822
f 1379/1243/825 1382/1244/828 1381/1245/1412 1380/1246/1413
f 1383/1247/1414 1386/1248/1415 1385/1249/1416 1384/1250/1417
f 1390/1251/1418 1389/1252/1419 1388/1253/1420 1387/1254/1421
f 1391/1255/1422 1394/1256/1423 1393/1257/1424 1392/1258/1425
f 1362/1233/1402 1395/1259/1426 1387/1254/1421 1391/1255/1422
f 1397/1260/1427 1396/1261/1428 1364/1262/1405 1398/1263/1429
f 1402/1264/1430 1401/1265/1431 1400/1266/1432 1399/1267/1433
f 1403/1268/1434 1406/1269/1435 1405/1270/1436 1404/1271/1437
f 1410/1272/1438 1409/1273/1439 1408/1274/1440 1407/1275/1441
f 1409/1273/1439 1412/1276/1442 1411/1277/1443 1413/1278/1444
f 1389/1279/1419 1390/1280/1418 1414/1281/1445 1413/1282/1444
f 1416/1283/1446 1415/1284/1447 1364/1236/1405 1365/1235/1404
f 1420/1285/1448 1419/1286/1449 1418/1287/1450 1417/1288/1451
f 1422/1289/1452 1421/1290/1453 1400/1266/1432 1401/1265/1431
f 1400/1266/1432 1421/1290/1453 1424/1291/1454 1423/1292/1455
f 1425/1293/1456 1428/1294/1457 1427/1295/1458 1426/1296/1459
f 1367/1237/1406 1426/1296/1459 1427/1295/1458 1370/1238/1407
f 1429/1297/1460 1432/1298/1461 1431/1299/1462 1430/1300/1463
f 1434/1301/1464 1399/1267/1433 1433/1302/1465 1435/1303/1466
f 1439/1304/1467 1438/1305/1468 1437/1306/1469 1436/1307/1470
f 1437/1306/1469 1438/1305/1468 1440/1308/1471 1441/1309/1472
f 1442/1310/1473 1445/1311/1474 1444/1312/1475 1443/1313/1476
f 1448/1314/1477 1447/1315/1478 1446/1316/1479 1449/1317/1480
f 1450/1318/1481 1446/1316/1479 1447/1315/1478 1451/1319/1482
f 1454/1320/1483 1453/1321/1484 1452/1322/1485 1455/1323/1486
f 1451/1319/1482 1452/1322/1485 1453/1321/1484 1450/1318/1481
f 1456/1324/1487 1451/1319/1482 1447/1315/1478 1457/1325/1488
f 1448/1314/1477 1458/1326/1489 1457/1325/1488 1447/1315/1478
f 1461/1327/1490 1460/1328/1491 1459/1329/1492 1462/1330/1493
f 1455/1323/1486 1464/1331/1494 1463/1332/1495 1465/1333/1496
f 1467/1334/1497 1456/1324/1487 1466/1335/1498 1468/1336/1499
f 1470/1337/1500 1469/1338/1501 1310/1200/1371 1311/1199/1370
f 1469/1338/1501 1472/1339/1502 1471/1340/1503 1310/1200/1371
f 1473/1341/1504 1476/1342/1505 1475/1343/1506 1474/1344/1507
f 1477/1345/1508 1309/1197/1368 1310/1200/1371 1471/1340/1503
f 1441/1309/1472 1440/1308/1471 1478/1346/1509 1479/1347/1510
f 1480/1348/1511 1483/1349/1512 1482/1350/1513 1481/1351/1514
f 1484/1352/1515 1486/1353/1516 1485/1354/1517 1356/1232/1401
f 1487/1355/1518 1351/1225/1394 1352/1228/1397 1485/1354/1517
f 1488/1356/1519 1491/1357/1520 1490/1358/1521 1489/1359/1522
f 1493/1360/1523 1492/1361/1524 1406/1269/1435 1403/1268/1434
f 1495/1362/1525 1405/1270/1436 1406/1269/1435 1494/1363/1526
f 1459/1329/1492 1475/1343/1506 1476/1342/1505 1496/1364/1527
f 1504/1365/1528 1503/1366/1529 1502/1367/1530 1505/1368/1531
f 1508/1369/1532 1507/1370/1533 1506/1371/1534 1509/1372/1535
f 1510/1373/1536 1344/1220/1389 1512/1374/1537 1511/1375/1538
f 1514/1376/1539 1513/1377/1540 1345/1219/1388 1346/1218/1387
f 1516/1378/1541 1515/1379/1542 1501/1380/1543 1506/1381/1534
f 1517/1382/1544 1502/1367/1530 1312/1198/1369 1309/1197/1368
f 1520/1383/1545 1519/1384/1546 1518/1385/1547 1470/1337/1500
f 1523/1386/1548 1522/1387/1549 1343/1217/1386 1521/1388/1550
f 1526/1389/1551 1525/1390/1552 1524/1391/1553 1527/1392/1554
f 1530/1393/1555 1350/1394/1390 1529/1395/1556 1528/1396/1557
f 1531/1397/1558 1534/1398/1559 1533/1399/1560 1532/1400/1561
f 1535/1401/1562 1336/1402/1563 1337/1403/1564 1536/1404/1565
f 1537/1405/1566 1340/1214/1384 1341/1213/1383 1538/1406/1567
f 1538/1406/1567 1539/1407/1568 1649/1408/1569 1537/1405/1566
f 1321/1409/1570 1539/1407/1568 1538/1406/1567 1540/1410/1571
f 1546/1411/1572 1545/1412/1573 1543/1413/1574 1347/1224/1393
f 1547/1414/1575 1550/1415/1576 1549/1416/1577 1548/1417/1578
f 1551/1418/1579 1547/1414/1575 1548/1417/1578 1552/1419/1580
f 1558/1420/1581 1557/1421/1582 1556/1422/1583 1327/1423/1584
f 1333/1424/1585 1563/1425/1586 1562/1426/1587 1332/1427/1588
f 1750/1428/1589 1749/1429/1590 1342/1430/1591
f 1553/1431/1592 1572/1432/1593 1571/1433/1594 1570/1434/1595
f 1529/1435/1556 1543/1413/1574 1544/1436/1596 1573/1437/1597
f 1573/1438/1597 1576/1439/1598 1575/1440/1599 1574/1441/1600
f 1577/1442/1601 1376/1242/1411 1377/1241/1410 1578/1443/1602
f 1577/1442/1601 1580/1444/1024 1579/1445/1023 1581/1446/1603
f 1319/1208/1378 1583/1447/1604 1582/1448/1605 1584/1449/1606
f 1587/1450/1607 1586/1451/1608 1585/1452/1609 1588/1453/1610
f 1590/1454/1611 1589/1455/1612 1331/1456/1613 1332/1457/1588
f 1593/1458/1614 1592/1459/1615 1591/1460/1616 1594/1461/1617
f 1598/772/1039 1597/1462/1618 1596/1463/1619 1595/773/1040
f 1602/1464/1620 1601/1465/1621 1600/1466/1622 1599/1467/1623
f 1606/1468/1047 1605/1469/1050 1604/1470/1624 1603/1471/1625
f 1609/1472/1626 1608/1473/1627 1607/1474/1628 1610/1475/1629
f 1611/1476/1630 1612/1477/1631 1602/1478/1620 1599/1479/1623
f 1613/792/1057 1360/529/805 1361/1234/1403 1614/1480/1632
f 1615/794/1059 1363/795/808 1364/1262/1405 1396/1261/1428
f 1616/1481/1633 1617/797/1061 1375/547/823 1376/1242/1411
f 1388/1253/1420 1389/1252/1419 1422/1289/1452 1401/1265/1431
f 1393/1257/1424 1385/1249/1416 1618/1482/1634 1619/1483/1635
f 1620/1484/1064 1415/1284/1447 1416/1283/1446 1621/1485/1065
f 1370/1486/1407 1427/1487/1458 1622/1488/1636 1623/1489/1637
f 1624/1490/1638 1626/1491/1639 1371/1239/1408 1625/1492/1640
f 1629/1493/1641 1628/1494/1642 1596/1463/1619 1627/1495/1643
f 1474/1344/1507 1631/1496/1644 1630/1497/1645 1508/1369/1532
f 1508/1369/1532 1509/1372/1535 1473/1341/1504 1474/1344/1507
f 1487/1355/1518 1517/1382/1544 1309/1197/1368 1477/1345/1508
f 1481/1351/1514 1351/1225/1394 1487/1355/1518 1477/1345/1508
f 1448/1314/1477 1449/1317/1480 1633/1498/1646 1632/1499/1647
f 1480/1348/1511 1635/1500/1648 1634/1501/1649 1483/1349/1512
f 1352/1228/1397 1353/1227/1396 1489/1359/1522 1355/1229/1398
f 1637/1502/1650 1519/1384/1546 1500/1503/1651 1636/1504/1652
f 1507/1370/1533 1638/1505/1653 1516/1506/1541 1506/1371/1534
f 1639/1507/1654 1516/1506/1541 1638/1505/1653 1640/1508/1655
f 1507/1370/1533 1642/1509/1656 1641/1510/1657 1638/1505/1653
f 1643/1511/1658 1646/1512/1659 1645/1513/1660 1644/1514/1661
f 1648/1515/1662 1646/1512/1659 1643/1511/1658 1647/1516/1663
f 1584/1449/1606 1346/1218/1387 1343/1217/1386 1522/1387/1549
f 1650/1517/1664 1653/1518/1665 1652/1519/1666 1651/1520/1667
f 1381/1245/1412 1650/1517/1664 1651/1520/1667 1380/1246/1413
f 1655/1521/1668 1572/1432/1593 1654/1522/1669 1656/1523/1670
f 1658/1524/1671 1342/1430/1591 1564/1525/1672
f 1662/1526/1673 1571/1433/1594 1572/1432/1593 1655/1521/1668
f 1504/1365/1528 1586/1451/1608 1587/1450/1607 1590/1454/1611
f 1663/1527/1674 1664/1528/1675 1380/1246/1413 1651/1520/1667
f 1667/1529/1676 1666/1530/1677 1665/1531/1678 1668/1532/1679
f 1604/1470/1624 1607/1474/1628 1608/1473/1627 1603/1471/1625
f 1609/1472/1626 1671/1533/1680 1670/1534/1681 1669/1535/1682
f 1611/1476/1630 1673/1536/1117 1672/1537/1116 1612/1477/1631
f 1339/1215/1385 1674/1538/1118 1567/1216/785
f 1676/1539/1683 1675/1540/1684 1419/1286/1449 1420/1285/1448
f 1680/860/1121 1679/863/1124 1678/1541/1685 1677/1542/1686
f 1418/1287/1450 1419/1286/1449 1535/1543/1562 1536/1544/1565
f 1414/1545/1445 1682/1546/1687 1681/1547/1688 1409/1273/1439
f 1415/1548/1447 1682/1549/1687 1398/1550/1429 1364/1551/1405
f 1442/1310/1473 1443/1313/1476 1684/1552/1689 1683/1553/1690
f 1478/1346/1509 1440/1308/1471 1429/1297/1460 1685/1554/1691
f 1493/1360/1523 1688/1555/1692 1687/1556/1693 1686/1557/1694
f 1517/1382/1544 1487/1355/1518 1485/1354/1517 1486/1353/1516
f 1689/1558/1695 1592/1459/1615 1593/1458/1614 1690/1559/1696
f 1358/1230/1399 1355/1229/1398 1489/1359/1522 1490/1358/1521
f 1498/1560/1697 1499/1561/1698 1691/1562/1699 1692/1563/1700
f 1499/1564/1698 1520/1383/1545 1693/1565/1701 1562/1566/1587
f 1695/1567/1702 1345/1219/1388 1513/1377/1540 1694/1568/1703
f 1696/1569/1704 1697/1570/1705 1694/1571/1703 1513/1572/1540
f 1698/1573/1706 1525/1390/1552 1526/1389/1551 1523/1386/1548
f 1584/1449/1606 1522/1387/1549 1318/1205/1376 1319/1208/1378
f 1701/1574/1707 1700/1575/1708 1699/1576/1709 1702/1577/1710
f 1322/1211/1381 1536/1404/1565 1337/1403/1564 1703/1578/1711
f 1458/1326/1489 1705/1579/1712 1704/1580/1713 1457/1325/1488
f 1481/1351/1514 1482/1350/1513 1354/1226/1395 1351/1225/1394
f 1706/1581/1714 1709/1582/1715 1708/1583/1716 1707/1584/1717
f 1711/906/1156 1665/1531/1678 1666/1530/1677 1710/907/1157
f 1644/1514/1661 1713/1585/1718 1712/1586/1719 1643/1511/1658
f 1714/1587/1160 1716/1588/1162 1664/1528/1675 1715/1589/1720
f 1717/1590/1721 1663/1527/1674 1706/1581/1714 1707/1584/1717
f 1648/1515/1662 1314/1202/1373 1315/1201/1372 1317/1591/1377
f 1625/1492/1640 1719/1592/1722 1718/1593/1723 1624/1490/1638
f 1386/1248/1415 1722/1594/1724 1721/1595/1725 1720/1596/1726
f 1385/1249/1416 1386/1248/1415 1720/1596/1726 1618/1482/1634
f 1393/1257/1424 1394/1256/1423 1384/1250/1417 1385/1249/1416
f 1387/1254/1421 1388/1253/1420 1394/1256/1423 1391/1255/1422
f 1723/1597/1727 1392/1258/1425 1393/1257/1424 1619/1483/1635
f 1614/1480/1632 1361/1234/1403 1392/1258/1425 1723/1597/1727
f 1361/1234/1403 1362/1233/1402 1391/1255/1422 1392/1258/1425
f 1397/1260/1427 1387/1254/1421 1395/1259/1426 1396/1261/1428
f 1493/1360/1523 1403/1268/1434 1724/1598/1728 1688/1555/1692
f 1386/1248/1415 1383/1247/1414 1404/1271/1437 1722/1594/1724
f 1675/1540/1684 1725/1599/1729 1405/1270/1436 1495/1362/1525
f 1728/1600/1730 1727/1601/1731 1726/1602/1732 1407/1275/1441
f 1729/1603/1733 1727/1601/1731 1728/1600/1730 1730/1604/1734
f 1678/1541/1685 1729/1603/1733 1730/1604/1734 1677/1542/1686
f 1728/1600/1730 1407/1275/1441 1408/1274/1440 1731/1605/1735
f 1730/1604/1734 1728/1600/1730 1731/1605/1735
f 1322/1606/1381 1732/1607/1736 1418/1287/1450 1536/1544/1565
f 1734/1608/1737 1733/1609/1738 1417/1288/1451 1735/1610/1739
f 1581/1446/1603 1416/1283/1446 1365/1235/1404 1616/1481/1633
f 1389/1279/1419 1413/1282/1444 1736/1611/1740 1422/1612/1452
f 1399/1267/1433 1400/1266/1432 1423/1292/1455 1433/1302/1465
f 1426/1296/1459 1367/1237/1406 1371/1239/1408 1626/1491/1639
f 1628/1494/1642 1738/1613/1741 1737/1614/1742 1718/1593/1723
f 1429/1297/1460 1440/1308/1471 1438/1305/1468 1432/1298/1461
f 1434/1301/1464 1435/1303/1466 1453/1321/1484 1454/1320/1483
f 1402/1264/1430 1399/1267/1433 1434/1301/1464 1739/1615/1743
f 1433/1302/1465 1439/1304/1467 1436/1307/1470 1435/1303/1466
f 1439/1304/1467 1626/1491/1639 1432/1298/1461 1438/1305/1468
f 1690/1559/1696 1445/1311/1474 1689/1558/1695
f 1453/1321/1484 1435/1303/1466 1436/1307/1470 1450/1318/1481
f 1464/1331/1494 1455/1323/1486 1452/1322/1485 1467/1334/1497
f 1492/1361/1524 1493/1360/1523 1686/1557/1694 1740/1616/1744
f 1741/1617/1745 1464/1331/1494 1467/1334/1497 1468/1336/1499
f 1631/1496/1644 1475/1343/1506 1459/1329/1492 1460/1328/1491
f 1742/1618/1746 1464/1331/1494 1741/1617/1745 1743/1619/1747
f 1356/1232/1401 1485/1354/1517 1352/1228/1397 1355/1229/1398
f 1498/1620/1697 1496/1364/1527 1476/1342/1505 1497/1621/1748
f 1562/1426/1587 1563/1425/1586 1691/1562/1699 1499/1561/1698
f 1486/1353/1516 1505/1368/1531 1502/1367/1530 1517/1382/1544
f 1521/1388/1550 1343/1217/1386 1344/1220/1389 1510/1373/1536
f 1637/1502/1650 1636/1504/1652 1744/1622/1749 1511/1375/1538
f 1653/1518/1665 1746/1623/1750 1745/1624/1751 1652/1519/1666
f 1541/1625/1752 1539/1407/1568 1542/1626/1753
f 1750/1428/1589 1540/1627/1571 1660/1628/1754 1749/1429/1590
f 1751/1629/1755 1659/1630/1756 1570/1631/1595 1571/1632/1594
f 1698/1633/1706 1753/1634/1757 1752/1635/1758 1525/1636/1552
f 1505/1368/1531 1486/1353/1516 1484/1352/1515 1754/1637/1759
f 1713/1585/1718 1756/1638/1760 1755/1639/1761 1712/1586/1719
f 1757/1640/1762 1671/1641/1680 1609/1472/1626 1610/1475/1629
f 1760/965/1202 1759/968/1205 1758/1642/1763 1761/1643/1764
f 1763/1644/1206 1669/1535/1682 1670/1534/1681 1762/1645/1207
f 1366/535/811 1617/797/1061 1616/1481/1633 1365/1235/1404
f 1764/1646/1102 1660/1647/1754 1341/1213/1383 1567/1216/785
f 1390/1251/1418 1387/1254/1421 1397/1260/1427 1398/1263/1429
f 1383/1247/1414 1402/1264/1430 1739/1615/1743 1724/1598/1728
f 1407/1275/1441 1726/1602/1732 1765/1648/1765 1410/1272/1438
f 1420/1285/1448 1417/1288/1451 1733/1609/1738 1766/1649/1766
f 1423/1292/1455 1424/1291/1454 1428/1294/1457 1425/1293/1456
f 1626/1491/1639 1439/1304/1467 1425/1293/1456 1426/1296/1459
f 1624/1490/1638 1718/1593/1723 1737/1614/1742 1431/1299/1462
f 1430/1300/1463 1767/1650/1767 1685/1554/1691 1429/1297/1460
f 1768/1651/1768 1637/1502/1650 1511/1375/1538 1512/1374/1537
f 1503/1366/1529 1693/1565/1701 1311/1199/1370 1312/1198/1369
f 1637/1502/1650 1768/1651/1768 1518/1385/1547 1519/1384/1546
f 1525/1636/1552 1752/1635/1758 1702/1652/1710 1524/1653/1553
f 1769/1654/1769 1524/1655/1553 1702/1656/1710 1699/1657/1709
f 1321/1409/1570 1320/1658/1770 1542/1626/1753 1539/1407/1568
f 1325/1212/1382 1322/1211/1381 1703/1578/1711 1770/1659/1771
f 1554/1660/1772 1555/1661/1773 1747/1662/1774 1771/1663/1775
f 1773/1664/1776 1772/1665/1777 1327/1423/1584 1328/1666/1778
f 1775/1667/1779 1557/1421/1582 1558/1420/1581 1774/1668/1780
f 1778/1669/1781 1779/1670/1782 1623/1489/1637 1622/1488/1636
f 1778/1671/1781 1781/1672/1783 1373/1673/1409 1780/1674/1784
f 1540/1410/1571 1538/1406/1567 1341/1213/1383 1660/1647/1754
f 1553/1431/1592 1349/1675/1391 1654/1522/1669 1572/1432/1593
f 1712/1586/1719 1755/1639/1761 1782/1676/1785 1783/1677/1786
f 1706/1581/1714 1663/1527/1674 1651/1520/1667 1652/1519/1666
f 1394/1256/1423 1388/1253/1420 1401/1265/1431 1384/1250/1417
f 1433/1302/1465 1423/1292/1455 1425/1293/1456 1439/1304/1467
f 1442/1310/1473 1738/1613/1741 1784/1678/1787
f 1431/1299/1462 1737/1614/1742 1683/1553/1690 1430/1300/1463
f 1462/1330/1493 1459/1329/1492 1496/1364/1527 1785/1679/1788
f 1786/1680/1789 1588/1453/1610 1585/1452/1609 1787/1681/1790
f 1783/1677/1786 1647/1516/1663 1643/1511/1658 1712/1586/1719
f 1709/1582/1715 1706/1581/1714 1652/1519/1666 1745/1624/1751
f 1664/1528/1675 1663/1527/1674 1717/1590/1721 1715/1589/1720
f 1664/1528/1675 1716/1588/1162 1379/1243/825 1380/1246/1413
f 1601/1465/1621 1602/1464/1620 1788/1682/1791 1789/1683/1792
f 1602/1478/1620 1612/1477/1631 1790/1684/1793 1788/1685/1791
f 1612/1477/1631 1672/1537/1116 1791/1686/1236 1790/1684/1793
f 1668/1532/1679 1665/1531/1678 1793/1687/1794 1792/1688/1795
f 1665/1531/1678 1711/906/1156 1794/1011/1239 1793/1687/1794
f 1609/1472/1626 1669/1535/1682 1795/1689/1796 1608/1473/1627
f 1629/1493/1641 1784/1678/1787 1738/1613/1741 1628/1494/1642
f 1357/1231/1400 1796/1690/1797 1484/1352/1515 1356/1232/1401
f 1442/1310/1473 1683/1553/1690 1737/1614/1742 1738/1613/1741
f 1684/1552/1689 1767/1650/1767 1430/1300/1463 1683/1553/1690
f 1624/1490/1638 1431/1299/1462 1432/1298/1461 1626/1491/1639
f 1480/1348/1511 1481/1351/1514 1477/1345/1508 1471/1340/1503
f 1480/1348/1511 1471/1340/1503 1472/1339/1502 1635/1500/1648
f 1704/1580/1713 1466/1335/1498 1456/1324/1487 1457/1325/1488
f 1595/773/1040 1596/1463/1619 1719/1592/1722 1797/1014/1242
f 1719/1592/1722 1625/1492/1640 1798/1015/1243 1797/1014/1242
f 1625/1492/1640 1371/1239/1408 1372/541/817 1798/1015/1243
f 1489/1359/1522 1353/1227/1396 1799/1691/1798 1488/1356/1519
f 1354/1226/1395 1800/1692/1799 1799/1691/1798 1353/1227/1396
f 1800/1692/1799 1354/1226/1395 1482/1350/1513 1801/1693/1800
f 1483/1349/1512 1802/1694/1801 1801/1693/1800 1482/1350/1513
f 1483/1349/1512 1634/1501/1649 1803/1695/1802 1802/1694/1801
f 1705/1579/1712 1458/1326/1489 1805/1696/1803 1804/1697/1804
f 1448/1314/1477 1632/1499/1647 1805/1696/1803 1458/1326/1489
f 1484/1352/1515 1796/1690/1797 1806/1698/1805 1754/1637/1759
f 1594/1461/1617 1591/1460/1616 1808/1699/1806 1807/1700/1807
f 1597/1462/1618 1598/772/1039 1809/1027/1255 1810/1701/1808
f 1456/1324/1487 1467/1334/1497 1452/1322/1485 1451/1319/1482
f 1746/1623/1750 1653/1518/1665 1537/1405/1566 1649/1408/1569
f 1653/1518/1665 1650/1517/1664 1340/1214/1384 1537/1405/1566
f 1650/1517/1664 1381/1245/1412 1339/1215/1385 1340/1214/1384
f 1381/1245/1412 1382/1244/828 1674/1538/1118 1339/1215/1385
f 1384/1250/1417 1401/1265/1431 1402/1264/1430 1383/1247/1414
f 1362/1233/1402 1359/528/804 1811/1028/1256 1395/1259/1426
f 1395/1259/1426 1811/1028/1256 1615/794/1059 1396/1261/1428
f 1682/1549/1687 1414/1281/1445 1390/1280/1418 1398/1550/1429
f 1416/1283/1446 1581/1446/1603 1579/1445/1023 1621/1485/1065
f 1409/1273/1439 1681/1547/1688 1812/1702/1809 1408/1274/1440
f 1688/1555/1692 1724/1598/1728 1739/1615/1743 1813/1703/1810
f 1454/1320/1483 1813/1703/1810 1739/1615/1743 1434/1301/1464
f 1437/1306/1469 1446/1316/1479 1450/1318/1481 1436/1307/1470
f 1441/1309/1472 1449/1317/1480 1446/1316/1479 1437/1306/1469
f 1633/1498/1646 1449/1317/1480 1441/1309/1472 1479/1347/1510
f 1613/792/1057 1614/1480/1632 1815/1704/1811 1814/1031/1259
f 1816/1705/1812 1723/1597/1727 1619/1483/1635 1817/1706/1813
f 1720/1596/1726 1819/1707/1814 1818/1708/1815 1618/1482/1634
f 1725/1599/1729 1675/1540/1684 1676/1539/1683 1820/1709/1816
f 1725/1599/1729 1722/1594/1724 1404/1271/1437 1405/1270/1436
f 1820/1709/1816 1721/1595/1725 1722/1594/1724 1725/1599/1729
f 1821/1710/1817 1721/1595/1725 1820/1709/1816 1822/1711/1818
f 1815/1704/1811 1614/1480/1632 1723/1597/1727 1816/1705/1812
f 1619/1483/1635 1618/1482/1634 1818/1708/1815 1817/1706/1813
f 1720/1596/1726 1721/1595/1725 1821/1710/1817 1819/1707/1814
f 1822/1711/1818 1820/1709/1816 1676/1539/1683 1823/1712/1819
f 1420/1285/1448 1766/1649/1766 1823/1712/1819 1676/1539/1683
f 1813/1703/1810 1454/1320/1483 1455/1323/1486 1465/1333/1496
f 1687/1556/1693 1688/1555/1692 1813/1703/1810 1465/1333/1496
f 1461/1327/1490 1687/1556/1693 1465/1333/1496 1463/1332/1495
f 1742/1618/1746 1824/1713/1820 1463/1332/1495 1464/1331/1494
f 1742/1618/1746 1642/1509/1656 1630/1497/1645 1824/1713/1820
f 1743/1619/1747 1641/1510/1657 1642/1509/1656 1742/1618/1746
f 1494/1363/1526 1406/1269/1435 1492/1361/1524 1692/1714/1700
f 1785/1679/1788 1496/1364/1527 1498/1620/1697 1692/1714/1700
f 1460/1328/1491 1461/1327/1490 1463/1332/1495 1824/1713/1820
f 1631/1496/1644 1460/1328/1491 1824/1713/1820 1630/1497/1645
f 1686/1557/1694 1687/1556/1693 1461/1327/1490 1462/1330/1493
f 1785/1679/1788 1740/1616/1744 1686/1557/1694 1462/1330/1493
f 1520/1383/1545 1470/1337/1500 1311/1199/1370 1693/1565/1701
f 1520/1383/1545 1499/1564/1698 1500/1503/1651 1519/1384/1546
f 1500/1715/1651 1501/1380/1543 1515/1379/1542 1636/1716/1652
f 1509/1717/1535 1506/1381/1534 1501/1380/1543 1497/1718/1748
f 1697/1570/1705 1825/1719/1821 1744/1720/1749 1826/1721/1822
f 1768/1651/1768 1640/1508/1655 1638/1505/1653 1641/1510/1657
f 1518/1385/1547 1768/1651/1768 1641/1510/1657 1743/1619/1747
f 1470/1337/1500 1518/1385/1547 1743/1619/1747 1741/1617/1745
f 1469/1338/1501 1470/1337/1500 1741/1617/1745 1468/1336/1499
f 1472/1339/1502 1469/1338/1501 1468/1336/1499 1466/1335/1498
f 1635/1500/1648 1472/1339/1502 1466/1335/1498 1704/1580/1713
f 1634/1501/1649 1635/1500/1648 1704/1580/1713 1705/1579/1712
f 1804/1697/1804 1803/1695/1802 1634/1501/1649 1705/1579/1712
f 1332/1457/1588 1562/1566/1587 1693/1565/1701 1503/1366/1529
f 1754/1637/1759 1586/1451/1608 1504/1365/1528 1505/1368/1531
f 1806/1698/1805 1585/1452/1609 1586/1451/1608 1754/1637/1759
f 1666/1530/1677 1667/1529/1676 1808/1699/1806 1810/1701/1808
f 1511/1375/1538 1744/1622/1749 1825/1722/1821 1510/1373/1536
f 1584/1449/1606 1582/1448/1605 1514/1376/1539 1346/1218/1387
f 1752/1635/1758 1753/1634/1757 1582/1723/1605 1583/1724/1604
f 1316/1725/1375 1583/1447/1604 1319/1208/1378 1315/1207/1372
f 1696/1569/1704 1513/1572/1540 1514/1726/1539 1828/1727/1823
f 1318/1205/1376 1522/1387/1549 1523/1386/1548 1526/1389/1551
f 1527/1392/1554 1317/1206/1377 1318/1205/1376 1526/1389/1551
f 1695/1567/1702 1640/1508/1655 1768/1651/1768 1512/1374/1537
f 1639/1507/1654 1640/1508/1655 1695/1567/1702 1694/1568/1703
f 1639/1728/1654 1694/1571/1703 1697/1570/1705 1826/1721/1822
f 1631/1496/1644 1474/1344/1507 1475/1343/1506
f 1589/1455/1612 1590/1454/1611 1587/1450/1607 1829/1729/1824
f 1326/1730/1825 1327/1423/1584 1556/1422/1583 1776/1731/1826
f 1703/1578/1711 1337/1403/1564 1338/1732/1827 1770/1659/1771
f 1530/1393/1555 1654/1522/1669 1349/1675/1391 1350/1394/1390
f 1832/1733/1828 1831/1734/1829 1530/1393/1555 1528/1396/1557
f 1575/1440/1599 1834/1735/1830 1833/1736/1831 1574/1441/1600
f 1350/1221/1390 1347/1224/1393 1543/1413/1574 1529/1435/1556
f 1656/1523/1670 1654/1522/1669 1530/1393/1555 1831/1734/1829
f 1313/1203/1374 1314/1202/1373 1546/1737/1572 1835/1738/1832
f 1774/1668/1780 1547/1414/1575 1551/1418/1579 1775/1667/1779
f 1836/1739/1833 1549/1416/1577 1835/1740/1832 1348/1223/1392
f 1753/1634/1757 1828/1727/1823 1514/1726/1539 1582/1723/1605
f 1753/1634/1757 1698/1633/1706 1827/1741/1834 1828/1727/1823
f 1527/1742/1554 1646/1512/1659 1648/1515/1662 1317/1591/1377
f 1524/1655/1553 1769/1654/1769 1646/1512/1659 1527/1742/1554
f 1647/1516/1663 1838/1743/1835 1837/1744/1836 1648/1515/1662
f 1783/1677/1786 1839/1745/1837 1838/1743/1835 1647/1516/1663
f 1835/1740/1832 1546/1411/1572 1347/1224/1393 1348/1223/1392
f 1548/1417/1578 1549/1416/1577 1836/1739/1833 1552/1419/1580
f 1327/1423/1584 1772/1665/1777 1774/1668/1780 1558/1420/1581
f 1658/1524/1671 1564/1525/1672 1747/1662/1774 1555/1661/1773
f 1658/1524/1671 1555/1661/1773 1553/1746/1592 1570/1747/1595
f 1342/1430/1591 1658/1524/1671 1661/1748/1838
f 1752/1635/1758 1583/1724/1604 1550/1749/1576 1702/1652/1710
f 1702/1577/1710 1773/1664/1776 1328/1666/1778 1701/1574/1707
f 1840/1750/1839 1645/1513/1660 1646/1512/1659 1769/1654/1769
f 1700/1575/1708 1842/1751/1840 1841/1752/1841 1699/1576/1709
f 1843/1753/1842 1839/1745/1837 1783/1677/1786 1782/1676/1785
f 1789/1683/1792 1788/1682/1791 1845/1754/1843 1844/1755/1844
f 1846/1756/1845 1845/1757/1843 1788/1685/1791 1790/1684/1793
f 1847/1758/1296 1846/1756/1845 1790/1684/1793 1791/1686/1236
f 1495/1362/1525 1535/1543/1562 1419/1286/1449 1675/1540/1684
f 1655/1521/1668 1656/1523/1670 1849/1759/1846
f 1850/1760/1847 1849/1759/1846 1832/1733/1828
f 1832/1733/1828 1849/1759/1846 1831/1734/1829
f 1734/1608/1737 1411/1761/1443 1412/1762/1442 1733/1609/1738
f 1726/1763/1732 1822/1711/1818 1823/1712/1819
f 1678/1764/1685 1815/1704/1811 1816/1705/1812
f 1729/1765/1733 1817/1706/1813 1818/1708/1815
f 1766/1649/1766 1733/1609/1738 1412/1762/1442 1765/1766/1765
f 1727/1767/1731 1819/1707/1814 1821/1710/1817
f 1823/1712/1819 1766/1649/1766 1765/1766/1765 1726/1763/1732
f 1410/1272/1438 1765/1648/1765 1412/1276/1442 1409/1273/1439
f 1772/1665/1777 1773/1664/1776 1702/1577/1710 1550/1415/1576
f 1583/1724/1604 1316/1768/1375 1549/1769/1577 1550/1749/1576
f 1316/1204/1375 1313/1203/1374 1835/1738/1832 1549/1770/1577
f 1552/1419/1580 1836/1739/1833 1348/1223/1392 1554/1660/1772
f 1554/1660/1772 1771/1663/1775 1551/1418/1579 1552/1419/1580
f 1775/1667/1779 1551/1418/1579 1771/1663/1775 1557/1421/1582
f 1837/1744/1836 1830/1771/1848 1314/1202/1373 1648/1515/1662
f 1544/1436/1596 1661/1748/1838 1576/1772/1598 1573/1437/1597
f 1657/1773/1849 1321/1774/1570 1540/1627/1571 1750/1428/1589
f 1851/1104/1301 1369/1105/814 1370/1486/1407 1623/1489/1637
f 1853/1775/1850 1490/1358/1521 1491/1357/1520 1852/1776/1851
f 1854/1777/1852 1358/1230/1399 1490/1358/1521 1853/1775/1850
f 1855/1778/1853 1357/1231/1400 1358/1230/1399 1854/1777/1852
f 1856/1779/1854 1796/1690/1797 1357/1231/1400 1855/1778/1853
f 1857/1780/1855 1806/1698/1805 1796/1690/1797 1856/1779/1854
f 1787/1681/1790 1585/1452/1609 1806/1698/1805 1857/1780/1855
f 1628/1494/1642 1718/1593/1723 1719/1592/1722 1596/1463/1619
f 1809/1027/1255 1710/907/1157 1666/1530/1677 1810/1701/1808
f 1667/1529/1676 1858/1781/1856 1807/1700/1807 1808/1699/1806
f 1858/1781/1856 1667/1529/1676 1668/1532/1679 1859/1782/1857
f 1758/1642/1763 1861/1783/1858 1860/1784/1859 1761/1643/1764
f 1829/1729/1824 1587/1450/1607 1588/1453/1610 1862/1785/1860
f 1859/1782/1857 1668/1532/1679 1792/1688/1795 1863/1786/1861
f 1864/1787/1862 1862/1785/1860 1588/1453/1610 1786/1680/1789
f 1866/1788/1863 1865/1789/1864 1560/1790/1865 1561/1791/1866
f 1868/1792/1867 1867/1793/1868 1865/1789/1864 1866/1788/1863
f 1870/1794/1869 1869/1795/1870 1867/1793/1868 1868/1792/1867
f 1872/1796/1871 1871/1797/1872 1869/1795/1870 1870/1794/1869
f 1874/1798/1873 1860/1784/1859 1861/1783/1858 1873/1799/1874
f 1774/1668/1780 1772/1665/1777 1550/1415/1576 1547/1414/1575
f 1875/1800/1875 1323/1210/1380 1324/1209/1379 1566/1801/1876
f 1735/1610/1739 1417/1288/1451 1418/1287/1450 1732/1607/1736
f 1324/1209/1379 1325/1212/1382 1848/1802/1877
f 1323/1210/1380 1875/1800/1875 1411/1803/1443 1735/1804/1739
f 1758/1642/1763 1759/968/1205 1673/1137/1117 1611/1805/1630
f 1644/1514/1661 1645/1513/1660 1865/1789/1864 1867/1793/1868
f 1861/1783/1858 1758/1642/1763 1611/1805/1630 1599/1467/1623
f 1867/1793/1868 1869/1795/1870 1713/1585/1718 1644/1514/1661
f 1645/1513/1660 1840/1750/1839 1560/1790/1865 1865/1789/1864
f 1756/1638/1760 1713/1585/1718 1869/1795/1870 1871/1797/1872
f 1873/1799/1874 1861/1783/1858 1599/1467/1623 1600/1466/1622
f 1770/1659/1771 1876/1806/1878 1848/1802/1877 1325/1212/1382
f 1700/1575/1708 1701/1574/1707 1848/1802/1877 1876/1806/1878
f 1842/1751/1840 1700/1575/1708 1876/1806/1878 1877/1807/1879
f 1531/1397/1558 1334/1808/1880 1335/1809/1881 1534/1398/1559
f 1770/1659/1771 1338/1732/1827 1877/1807/1879 1876/1806/1878
f 1840/1750/1839 1769/1654/1769 1699/1657/1709 1841/1810/1841
f 1559/1811/1882 1560/1790/1865 1840/1750/1839 1841/1810/1841
f 1877/1807/1879 1338/1732/1827 1334/1808/1880 1531/1397/1558
f 1842/1751/1840 1877/1807/1879 1531/1397/1558 1532/1400/1561
f 1842/1751/1840 1532/1400/1561 1559/1812/1882 1841/1752/1841
f 1622/1813/1636 1781/1672/1783 1778/1671/1781
f 1853/1775/1850 1878/1814/1883 1854/1777/1852
f 1879/1815/1884 1855/1778/1853 1854/1777/1852 1878/1814/1883
f 1880/1816/1885 1856/1779/1854 1855/1778/1853 1879/1815/1884
f 1881/1817/1886 1857/1780/1855 1856/1779/1854 1880/1816/1885
f 1882/1818/1887 1787/1681/1790 1857/1780/1855 1881/1817/1886
f 1883/1819/1888 1786/1680/1789 1787/1681/1790 1882/1818/1887
f 1884/1820/1889 1864/1787/1862 1786/1680/1789 1883/1819/1888
f 1886/1821/1890 1871/1797/1872 1872/1796/1871 1885/1822/1891
f 1887/1823/1892 1756/1638/1760 1871/1797/1872 1886/1821/1890
f 1888/1824/1893 1755/1639/1761 1756/1638/1760 1887/1823/1892
f 1889/1825/1894 1782/1676/1785 1755/1639/1761 1888/1824/1893
f 1890/1826/1895 1843/1753/1842 1782/1676/1785 1889/1825/1894
f 1892/1827/1896 1707/1584/1717 1708/1583/1716 1891/1828/1897
f 1717/1590/1721 1707/1584/1717 1892/1827/1896 1893/1829/1898
f 1715/1589/1720 1717/1590/1721 1893/1829/1898 1894/1830/1899
f 1895/1831/1352 1714/1587/1160 1715/1589/1720 1894/1830/1899
f 1896/1832/1353 1415/1284/1447 1620/1484/1064
f 1578/1443/1602 1779/1670/1782 1778/1669/1781 1780/1833/1784
f 1581/1446/1603 1616/1481/1633 1376/1242/1411 1577/1442/1601
f 1578/1443/1602 1897/1834/1354 1580/1444/1024 1577/1442/1601
f 1780/1833/1784 1898/1835/1355 1897/1834/1354 1578/1443/1602
f 1898/1168/1355 1780/1836/1784 1373/1240/1409 1374/543/819
f 1724/1598/1728 1403/1268/1434 1404/1271/1437 1383/1247/1414
f 1692/1714/1700 1492/1361/1524 1740/1616/1744 1785/1679/1788
f 1535/1401/1562 1495/1837/1525 1494/1838/1526 1336/1402/1563
f 1335/1809/1881 1336/1402/1563 1691/1562/1699 1563/1425/1586
f 1534/1398/1559 1335/1809/1881 1563/1425/1586 1333/1424/1585
f 1323/1210/1380 1735/1804/1739 1732/1839/1736 1322/1211/1381
f 1655/1521/1668 1849/1759/1846 1662/1526/1673
f 1831/1734/1829 1849/1759/1846 1656/1523/1670
f 1571/1632/1594 1662/1840/1673 1899/1841/1900 1751/1629/1755
f 1902/1175/1357 1901/1177/1359 1900/1842/1901 1812/1702/1809
f 1900/1842/1901 1677/1542/1686 1730/1604/1734 1731/1605/1735
f 1901/1177/1359 1680/860/1121 1677/1542/1686 1900/1842/1901
f 1497/1621/1748 1476/1342/1505 1473/1341/1504 1509/1372/1535
f 1795/1689/1796 1903/1843/1902 1603/1471/1625 1608/1473/1627
f 1763/1644/1206 1904/1844/1361 1795/1689/1796 1669/1535/1682
f 1905/1845/1362 1606/1468/1047 1603/1471/1625 1903/1843/1902
f 1422/1612/1452 1736/1611/1740 1421/1846/1453
f 1781/1672/1783 1428/1847/1457 1424/1848/1454 1906/1849/1903
f 1622/1813/1636 1427/1850/1458 1428/1847/1457 1781/1672/1783
f 1566/1851/1876 1373/1673/1409 1781/1672/1783 1906/1849/1903
f 1736/1611/1740 1875/1852/1875 1566/1851/1876 1906/1849/1903
f 1413/1282/1444 1411/1853/1443 1875/1852/1875 1736/1611/1740
f 1906/1849/1903 1424/1848/1454 1421/1846/1453 1736/1611/1740
f 1590/1454/1611 1332/1457/1588 1503/1366/1529 1504/1365/1528
f 1502/1367/1530 1503/1366/1529 1312/1198/1369
f 1632/1499/1647 1633/1498/1646 1907/1854/1904
f 1805/1696/1803 1632/1499/1647 1907/1854/1904
f 1804/1697/1804 1805/1696/1803 1907/1854/1904
f 1803/1695/1802 1804/1697/1804 1907/1854/1904
f 1802/1694/1801 1803/1695/1802 1907/1854/1904
f 1801/1693/1800 1802/1694/1801 1907/1854/1904
f 1800/1692/1799 1801/1693/1800 1907/1854/1904
f 1799/1691/1798 1800/1692/1799 1907/1854/1904
f 1488/1356/1519 1799/1691/1798 1907/1854/1904
f 1491/1357/1520 1488/1356/1519 1907/1854/1904
f 1852/1776/1851 1491/1357/1520 1907/1854/1904
f 1443/1313/1476 1444/1312/1475 1907/1854/1904
f 1684/1552/1689 1443/1313/1476 1907/1854/1904
f 1767/1650/1767 1684/1552/1689 1907/1854/1904
f 1685/1554/1691 1767/1650/1767 1907/1854/1904
f 1478/1346/1509 1685/1554/1691 1907/1854/1904
f 1479/1347/1510 1478/1346/1509 1907/1854/1904
f 1633/1498/1646 1479/1347/1510 1907/1854/1904
f 1642/1509/1656 1507/1370/1533 1508/1369/1532 1630/1497/1645
f 1345/1219/1388 1695/1567/1702 1512/1374/1537 1344/1220/1389
f 1749/1429/1590 1777/1190/1365 1568/843/1104 1342/1430/1591
f 1812/1702/1809 1900/1842/1901 1731/1605/1735 1408/1274/1440
f 1414/1545/1445 1409/1273/1439 1413/1278/1444
f 1902/1175/1357 1812/1702/1809 1681/1547/1688 1896/1191/1353
f 1682/1546/1687 1415/1855/1447 1896/1191/1353 1681/1547/1688
f 1821/1710/1817 1822/1711/1818 1726/1763/1732 1727/1767/1731
f 1729/1765/1733 1818/1708/1815 1819/1707/1814 1727/1767/1731
f 1678/1764/1685 1816/1705/1812 1817/1706/1813 1729/1765/1733
f 1814/1031/1259 1815/1704/1811 1678/1764/1685 1679/1193/1124
f 1532/1400/1561 1533/1399/1560 1329/1856/1905 1559/1812/1882
f 1329/1856/1905 1533/1399/1560 1534/1398/1559 1333/1424/1585
f 1734/1608/1737 1735/1610/1739 1411/1761/1443
f 1521/1388/1550 1827/1857/1834 1698/1573/1706 1523/1386/1548
f 1825/1722/1821 1827/1857/1834 1521/1388/1550 1510/1373/1536
f 1515/1379/1542 1516/1378/1541 1639/1728/1654 1826/1721/1822
f 1636/1716/1652 1515/1379/1542 1826/1721/1822 1744/1720/1749
f 1850/1760/1847 1662/1840/1673 1849/1759/1846
f 1661/1748/1838 1657/1773/1849 1750/1428/1589 1342/1430/1591
f 1692/1563/1700 1691/1562/1699 1336/1402/1563 1494/1838/1526
f 1442/1310/1473 1784/1678/1787 1689/1558/1695 1445/1311/1474
f 1592/1459/1615 1689/1558/1695 1784/1678/1787 1629/1493/1641
f 1627/1495/1643 1591/1460/1616 1592/1459/1615 1629/1493/1641
f 1810/1701/1808 1808/1699/1806 1591/1460/1616 1627/1495/1643
f 1810/1701/1808 1627/1495/1643 1596/1463/1619 1597/1462/1618
f 1541/1625/1752 1830/1771/1848 1649/1408/1569 1539/1407/1568
f 1745/1624/1751 1746/1623/1750 1837/1744/1836 1838/1743/1835
f 1845/1757/1843 1846/1756/1845 1670/1534/1681 1671/1533/1680
f 1839/1745/1837 1843/1753/1842 1708/1583/1716 1709/1582/1715
f 1844/1755/1844 1845/1754/1843 1671/1641/1680 1757/1640/1762
f 1846/1756/1845 1847/1758/1296 1762/1645/1207 1670/1534/1681
f 1709/1582/1715 1745/1624/1751 1838/1743/1835 1839/1745/1837
f 1746/1623/1750 1649/1408/1569 1830/1771/1848 1837/1744/1836
f 1843/1753/1842 1890/1826/1895 1891/1828/1897 1708/1583/1716
f 1904/1844/1361 1905/1845/1362 1903/1843/1902 1795/1689/1796
f 1853/1775/1850 1852/1776/1851 1444/1312/1475 1445/1311/1474
f 1878/1814/1883 1853/1775/1850 1445/1311/1474 1690/1559/1696
f 1879/1815/1884 1878/1814/1883 1690/1559/1696 1593/1458/1614
f 1880/1816/1885 1879/1815/1884 1593/1458/1614 1594/1461/1617
f 1881/1817/1886 1880/1816/1885 1594/1461/1617 1807/1700/1807
f 1882/1818/1887 1881/1817/1886 1807/1700/1807 1858/1781/1856
f 1883/1819/1888 1882/1818/1887 1858/1781/1856 1859/1782/1857
f 1884/1820/1889 1883/1819/1888 1859/1782/1857 1863/1786/1861
f 1886/1821/1890 1885/1822/1891 1874/1798/1873 1873/1799/1874
f 1887/1823/1892 1886/1821/1890 1873/1799/1874 1600/1466/1622
f 1888/1824/1893 1887/1823/1892 1600/1466/1622 1601/1465/1621
f 1889/1825/1894 1888/1824/1893 1601/1465/1621 1789/1683/1792
f 1890/1826/1895 1889/1825/1894 1789/1683/1792 1844/1755/1844
f 1892/1827/1896 1891/1828/1897 1757/1640/1762 1610/1475/1629
f 1893/1829/1898 1892/1827/1896 1610/1475/1629 1607/1474/1628
f 1894/1830/1899 1893/1829/1898 1607/1474/1628 1604/1470/1624
f 1895/1831/1352 1894/1830/1899 1604/1470/1624 1605/1469/1050
f 1852/1776/1851 1907/1854/1904 1444/1312/1475
f 1891/1828/1897 1890/1826/1895 1844/1755/1844 1757/1640/1762
f 1377/1241/1410 1623/1489/1637 1779/1670/1782 1578/1443/1602
f 1378/546/822 1851/1104/1301 1623/1489/1637 1377/1241/1410
f 1751/1629/1755 1575/1440/1599 1576/1439/1598 1659/1630/1756
f 1899/1841/1900 1834/1735/1830 1575/1440/1599 1751/1629/1755
f 1573/1438/1597 1574/1441/1600 1528/1396/1557 1529/1395/1556
f 1833/1736/1831 1832/1733/1828 1528/1396/1557 1574/1441/1600
f 1850/1760/1847 1832/1733/1828 1833/1736/1831 1834/1735/1830
f 1662/1840/1673 1850/1760/1847 1834/1735/1830 1899/1841/1900
f 1793/1687/1794 1794/1011/1239 1760/965/1202 1761/1643/1764
f 1792/1688/1795 1793/1687/1794 1761/1643/1764 1860/1784/1859
f 1866/1788/1863 1561/1791/1866 1331/1456/1613 1589/1455/1612
f 1868/1792/1867 1866/1788/1863 1589/1455/1612 1829/1729/1824
f 1870/1794/1869 1868/1792/1867 1829/1729/1824 1862/1785/1860
f 1872/1796/1871 1870/1794/1869 1862/1785/1860 1864/1787/1862
f 1885/1822/1891 1872/1796/1871 1864/1787/1862 1884/1820/1889
f 1860/1784/1859 1874/1798/1873 1863/1786/1861 1792/1688/1795
f 1874/1798/1873 1885/1822/1891 1884/1820/1889 1863/1786/1861
f 1561/1791/1866 1330/1858/1906 1331/1456/1613
f 1827/1741/1834 1825/1719/1821 1697/1570/1705
f 1696/1569/1704 1827/1741/1834 1697/1570/1705
f 1828/1727/1823 1827/1741/1834 1696/1569/1704
f 1560/1790/1865 1559/1811/1882 1330/1858/1906 1561/1791/1866
f 1329/1859/1905 1330/1858/1906 1559/1811/1882
f 1555/1661/1773 1554/1660/1772 1348/1223/1392
f 1555/1661/1773 1348/1223/1392 1349/1222/1391
f 1553/1746/1592 1555/1661/1773 1349/1222/1391
f 1500/1715/1651 1499/1561/1698 1498/1560/1697
f 1501/1380/1543 1500/1715/1651 1498/1560/1697
f 1497/1718/1748 1501/1380/1543 1498/1560/1697
f 1334/1808/1880 1338/1732/1827 1337/1403/1564
f 1334/1808/1880 1337/1403/1564 1336/1402/1563
f 1335/1809/1881 1334/1808/1880 1336/1402/1563
f 1331/1456/1907 1330/1858/1907 1329/1859/1907
f 1333/1860/1585 1332/1457/1588 1331/1456/1613 1329/1859/1905
f 770/893/1143 988/1049/1271 970/1069/1283
f 770/893/1143 970/1069/1283 1140/890/1142
f 1140/890/1142 970/1069/1283 1170/1054/1272
f 1308/1196/1367 1220/1143/1334 1219/1121/1317 1307/1120/1316
f 1220/1143/1334 1308/1196/1367 1297/1861/1366
f 921/518/794 1196/982/1214 934/985/1217
f 924/519/795 921/518/794 934/985/1217
f 924/519/795 934/985/1217 920/1076/1011
f 1138/881/1135 794/884/1138 1002/1043/1082
f 1138/881/1135 1002/1043/1082 1139/686/957
f 1138/881/1135 1139/686/957 791/1046/1190
f 993/1141/1333 999/1140/1332 787/710/980
f 1214/1060/1276 993/1141/1333 787/710/980
f 989/709/979 1214/1060/1276 787/710/980
f 1253/1862/1004 1308/1196/1367 1298/766/1033 1000/765/1005
f 1308/1196/1367 1253/1862/1004 1297/1861/1366
f 1200/1102/1300 902/1103/985 1164/1863/989 910/1864/988
f 890/950/1101 896/739/1009 1777/1190/1365 1764/1865/1102
f 1764/1865/1102 1777/1190/1365 1749/1429/1590 1660/1628/1754
f 955/1866/1908 953/1132/1328 965/542/818 1748/544/820
f 1373/1240/1409 1566/1801/1876 1565/1867/1909 1748/544/820
f 901/738/1008 912/1074/1287 1908/844/1105
f 1342/1430/1591 1568/843/1104 1569/842/1103 1564/1525/1672
f 1657/1773/1849 1661/1748/1838 1544/1436/1596
f 1546/1737/1572 1314/1202/1373 1830/1771/1848
f 1545/1868/1573 1830/1771/1848 1541/1625/1752
f 1546/1737/1572 1830/1771/1848 1545/1868/1573
f 1324/1209/1910 1565/1867/1911 1326/1730/1912
f 1566/1801/1913 1565/1867/1911 1324/1209/1910
f 1324/1209/1379 1848/1802/1877 1326/1730/1825
f 1557/1421/1582 1771/1663/1775 1747/1662/1774
f 1557/1421/1582 1747/1662/1774 1776/1731/1826
f 1556/1422/1583 1557/1421/1582 1776/1731/1826
f 1776/1731/1826 1565/1867/1909 1326/1730/1825
f 1748/544/820 1565/1867/1909 1776/1731/1826
f 1748/544/820 1776/1731/1826 1747/1662/1774
f 1569/842/1103 1748/544/820 1747/1662/1774
f 1569/842/1103 1747/1662/1774 1564/1525/1672
f 1659/1869/1756 1658/1524/1671 1570/1747/1595
f 1661/1748/1838 1658/1524/1671 1659/1869/1756
f 1661/1748/1838 1659/1869/1756 1576/1772/1598
f 1328/1666/1778 1327/1423/1584 1326/1730/1825
f 1328/1666/1778 1326/1730/1825 1848/1802/1877
f 1701/1574/1707 1328/1666/1778 1848/1802/1877
f 907/717/987 1269/1100/1299 906/499/776
f 1198/948/993 907/717/987 906/499/776
f 1198/948/993 906/499/776 911/1066/991
f 953/1132/1328 955/1866/1908 960/504/780
f 960/504/780 955/1866/1908 954/1058/1914
f 960/504/1915 972/1133/1916 954/1058/1917
f 940/984/1216 1197/983/1215 1177/733/1003
f 944/1059/1275 940/984/1216 1177/733/1003
f 944/1059/1275 1177/733/1003 942/732/1002
f 1748/544/1918 955/1866/1918 954/1058/1918
f 940/984/1216 944/1059/1275 954/1058/1274
f 940/984/1216 954/1058/1274 1748/544/820
f 940/984/1216 1748/544/820 1569/842/1103
f 1908/844/1105 940/984/1216 1569/842/1103
f 912/1074/1287 904/1077/1288 914/1101/1019
f 912/1074/1287 914/1101/1019 915/1870/1195
f 912/1074/1287 915/1870/1195 1165/1075/1012
f 954/1058/1917 972/1133/1916 969/895/1919
f 958/987/1219 969/895/1145 954/1058/1274
f 954/1058/1274 951/731/1001 958/987/1219
f 910/1864/988 913/722/992 908/747/1016
f 908/747/1016 904/1077/1288 1200/1102/1300
f 910/1864/988 908/747/1016 1200/1102/1300
l 1909 1910
l 1910 1911
l 1911 1913
l 1912 1913
l 1909 1914
l 1914 1915
l 1915 1916
l 1912 1916
